game_id,date,away_team,home_team,espn_event_id,total_line,market_total_goals,market_home_win_prob,n_total_books,n_ml_books
2023020001,2023-10-10,NSH,TBL,401559236,6.5,6.600033200170701,0.5915158516236684,11,12
2023020002,2023-10-10,CHI,PIT,401559237,6.5,7.012981048230566,0.683605720122574,12,12
2023020003,2023-10-10,SEA,VGK,401559238,6.0,6.163019995636351,0.6145587741314468,11,12
2023020004,2023-10-11,OTT,CAR,401559240,6.0,6.279287835235783,0.6353669804021724,11,12
2023020005,2023-10-11,MTL,TOR,401559239,6.5,6.949540302316011,0.7224619334593303,11,12
2023020006,2023-10-11,CHI,BOS,401559241,6.5,6.499448756221119,0.748015873015873,10,12
2023020007,2023-10-11,WPG,CGY,401559242,6.0,6.105680092076099,0.5601100865093916,10,12
2023020008,2023-10-11,COL,LAK,401559244,6.0,6.279287835235783,0.4675324675324676,10,12
2023020009,2023-10-11,EDM,VAN,401559243,6.5,7.164273474088651,0.4111035997971945,11,12
2023020010,2023-10-12,NYR,BUF,401559245,6.5,6.810830520270558,0.4461715601611974,11,13
2023020011,2023-10-12,PHI,CBJ,401559248,6.5,6.739730786233835,0.5217391304347826,12,13
2023020012,2023-10-12,DET,NJD,401559247,6.5,6.739730786233835,0.6829679595278247,11,13
2023020013,2023-10-12,STL,DAL,401559250,6.5,6.5304172390661925,0.6507042253521127,12,13
2023020014,2023-10-12,FLA,MIN,401559251,6.5,6.600033200170701,0.5493838513886334,12,13
2023020015,2023-10-12,SEA,NSH,401559249,6.0,6.270978323851272,0.5102040816326531,12,13
2023020016,2023-10-12,VGK,SJS,401559252,6.5,6.600033200170701,0.3087478559176672,12,13
2023020017,2023-10-13,ARI,NJD,401559253,6.5,6.881371545107008,0.6864384635484714,12,13
2023020018,2023-10-13,PIT,WSH,401559254,6.5,6.669637074549774,0.4675324675324676,11,13
2023020019,2023-10-14,PHI,OTT,401559255,6.5,6.669637074549774,0.6273539026420805,11,12
2023020020,2023-10-14,FLA,WPG,401559256,6.5,6.695109450754871,0.5624655457552371,10,12
2023020021,2023-10-14,NSH,BOS,401559257,5.5,5.78073203316484,0.628300435785696,10,12
2023020022,2023-10-14,NYR,CBJ,401559262,6.5,6.739730786233835,0.3214141481232746,11,12
2023020023,2023-10-14,TBL,DET,401559260,6.5,6.810830520270558,0.4653451811346548,11,12
2023020024,2023-10-14,CHI,MTL,401559259,6.5,6.596836619831793,0.5656297012679992,10,12
2023020025,2023-10-14,CGY,PIT,401559261,6.5,6.810830520270558,0.4891657638136511,10,11
2023020026,2023-10-14,MIN,TOR,401559258,6.5,6.669637074549774,0.6092362344582594,11,12
2023020027,2023-10-14,BUF,NYI,401559263,6.5,6.5304172390661925,0.5667139250546396,11,12
2023020028,2023-10-14,SEA,STL,401559264,6.5,6.600033200170701,0.4893745485734922,11,12
2023020029,2023-10-14,VAN,EDM,401559265,6.5,7.038389755694096,0.6719545632589111,11,12
2023020030,2023-10-14,COL,SJS,401559267,6.5,6.596836619831793,0.278360992873882,10,12
2023020031,2023-10-14,ANA,VGK,401559266,6.5,6.5304172390661925,0.7424588665447898,10,12
2023020032,2023-10-14,CAR,LAK,401559268,6.0,6.163019995636351,0.4572564612326044,11,12
2023020033,2023-10-15,TBL,OTT,401559246,6.5,6.97708258943633,0.5621463958021868,11,12
2023020034,2023-10-15,CAR,ANA,401559269,6.0,6.447779979849058,0.2750547803021566,11,12
2023020035,2023-10-16,DET,CBJ,401559274,6.5,7.015487099178884,0.446257702144205,11,12
2023020036,2023-10-16,FLA,NJD,401559271,6.5,6.949540302316011,0.6189160565455634,11,12
2023020037,2023-10-16,ARI,NYR,401559272,6.5,6.600033200170701,0.684182227001662,11,12
2023020038,2023-10-16,CHI,TOR,401559270,6.5,6.976419686984244,0.7566094420600857,11,12
2023020039,2023-10-16,CGY,WSH,401559273,6.0,6.247317718434109,0.4641809803100125,11,12
2023020040,2023-10-17,TBL,BUF,401559275,6.5,7.038389755694096,0.5345300328259767,11,12
2023020041,2023-10-17,MIN,MTL,401559276,6.0,6.220745811437396,0.4343971631205673,11,12
2023020042,2023-10-17,VAN,PHI,401559277,6.0,6.393484445664717,0.447405997144217,11,12
2023020043,2023-10-17,ARI,NYI,401559278,5.75,5.918802248564616,0.6428065201984408,10,12
2023020044,2023-10-17,EDM,NSH,401559279,6.5,7.015487099178884,0.447405997144217,11,12
2023020045,2023-10-17,LAK,WPG,401559280,6.5,6.5304172390661925,0.5561942868277447,10,12
2023020046,2023-10-17,COL,SEA,401559281,6.5,6.462310215319599,0.40483365106697,11,12
2023020047,2023-10-17,CAR,SJS,401559283,6.0,6.163019995636351,0.2602253408446948,11,12
2023020048,2023-10-17,DAL,VGK,401559282,5.5,5.802974985377947,0.4893745485734922,10,12
2023020049,2023-10-18,WSH,OTT,401559284,6.5,6.810830520270558,0.6183206106870229,10,12
2023020050,2023-10-18,PIT,DET,401559285,6.5,7.015487099178884,0.4572564612326044,11,12
2023020051,2023-10-19,CGY,BUF,401559286,6.5,6.881371545107008,0.470587081846347,11,11
2023020052,2023-10-19,TOR,FLA,401559288,6.5,6.97708258943633,0.4442041881081789,11,12
2023020053,2023-10-19,NSH,NYR,401559289,6.0,5.97250020487453,0.6334529574541681,11,12
2023020054,2023-10-19,EDM,PHI,401559290,6.5,7.04098032312927,0.3543742931540454,11,12
2023020055,2023-10-19,VAN,TBL,401559287,6.5,6.881371545107008,0.5427435387673957,11,12
2023020056,2023-10-19,LAK,MIN,401559292,6.0,6.220745811437396,0.5,11,12
2023020057,2023-10-19,ARI,STL,401559291,6.0,6.220745811437396,0.5106254514265078,11,12
2023020058,2023-10-19,VGK,WPG,401559293,6.0,6.279287835235783,0.4845360824742268,11,11
2023020059,2023-10-19,DAL,ANA,401559294,6.0,6.163019995636351,0.3042928906816861,10,12
2023020060,2023-10-19,CAR,SEA,401559295,6.0,6.038832710980409,0.4343971631205673,10,12
2023020061,2023-10-19,CHI,COL,401559296,6.5,6.600033200170701,0.7591342869052816,11,12
2023020062,2023-10-19,BOS,SJS,401559297,6.0,6.024528279632047,0.2917108652826186,11,12
2023020063,2023-10-20,CGY,CBJ,401559298,6.5,6.881371545107008,0.4123505976095618,11,12
2023020064,2023-10-20,NJD,NYI,401559299,6.0,6.048307157776183,0.4812331001330528,11,12
2023020065,2023-10-21,DET,OTT,401559300,6.5,6.949540302316011,0.5952777575876472,11,12
2023020066,2023-10-21,ANA,ARI,401559301,6.5,6.669637074549774,0.6318049471097339,11,12
2023020067,2023-10-21,NYI,BUF,401559302,6.5,6.739730786233835,0.5427435387673957,11,12
2023020068,2023-10-21,VAN,FLA,401559305,6.5,6.826779673914843,0.5755517826825127,10,12
2023020069,2023-10-21,WSH,MTL,401559303,6.5,6.600033200170701,0.488167080818838,10,11
2023020070,2023-10-21,TOR,TBL,401559304,6.5,7.038389755694096,0.4279836797957694,11,12
2023020071,2023-10-21,VGK,CHI,401559306,6.0,6.279287835235783,0.3284546835488683,11,12
2023020072,2023-10-21,PHI,DAL,401559309,6.0,6.163019995636351,0.6932192317742356,11,12
2023020073,2023-10-21,CBJ,MIN,401559310,6.5,6.600033200170701,0.6732131879509495,11,12
2023020074,2023-10-21,SJS,NSH,401559308,6.0,6.163019995636351,0.7027568976167715,11,12
2023020075,2023-10-21,PIT,STL,401559307,6.5,6.739730786233835,0.3926663721648868,11,12
2023020076,2023-10-21,CAR,COL,401559311,6.0,6.337363215431228,0.5867437259189836,10,12
2023020077,2023-10-21,WPG,EDM,401559312,6.5,7.023795233261319,0.6057218692514299,11,12
2023020078,2023-10-21,NYR,SEA,401559313,6.0,6.337363215431228,0.4782608695652174,11,11
2023020079,2023-10-21,BOS,LAK,401559314,5.5,5.80562497081784,0.5,11,12
2023020080,2023-10-22,CGY,DET,401559315,6.5,6.810830520270558,0.4411553461790941,10,12
2023020081,2023-10-22,BOS,ANA,401559316,6.0,6.163019995636351,0.3123363237813198,11,12
2023020082,2023-10-23,MTL,BUF,401559317,6.5,6.932543390315697,0.6301020408163265,11,12
2023020083,2023-10-24,TOR,WSH,401559318,6.5,6.74297461384058,0.3845089903181189,10,12
2023020084,2023-10-24,ANA,CBJ,401559319,6.5,6.669637074549774,0.5784255417404264,11,12
2023020085,2023-10-24,BUF,OTT,401559320,7.0,7.095249277461475,0.628300435785696,11,12
2023020086,2023-10-24,CAR,TBL,401559321,6.5,6.881371545107008,0.4559009578890294,11,12
2023020087,2023-10-24,NJD,MTL,401559322,6.5,6.932543390315697,0.3181818181818181,11,12
2023020088,2023-10-24,DAL,PIT,401559323,6.0,6.247317718434109,0.4497978702240506,11,12
2023020089,2023-10-24,SJS,FLA,401559324,6.5,6.810830520270558,0.6905241106555989,10,12
2023020090,2023-10-24,COL,NYI,401559325,5.5,5.7347601775545805,0.4402054292002935,11,12
2023020091,2023-10-24,SEA,DET,401559326,6.5,6.462310215319599,0.5306122448979592,10,11
2023020092,2023-10-24,BOS,CHI,401559327,5.5,5.899018589705188,0.3222204658782279,11,12
2023020093,2023-10-24,STL,WPG,401559328,6.0,6.279287835235783,0.6306599397906676,11,12
2023020094,2023-10-24,EDM,MIN,401559329,6.5,6.703409726454961,0.5,11,12
2023020095,2023-10-24,VAN,NSH,401559330,6.0,6.220745811437396,0.5427435387673957,11,12
2023020096,2023-10-24,NYR,CGY,401559331,6.0,6.103046203321381,0.4459252207943307,10,12
2023020097,2023-10-24,ARI,LAK,401559332,6.5,6.5304172390661925,0.6296203897836468,11,12
2023020098,2023-10-24,PHI,VGK,401559333,6.0,6.105680092076099,0.646790529210544,11,12
2023020099,2023-10-25,WSH,NJD,401559334,6.5,6.949540302316011,0.6917315996793574,11,12
2023020100,2023-10-26,ANA,BOS,401559335,6.0,6.048307157776183,0.7381969460295197,11,12
2023020101,2023-10-26,SEA,CAR,401559341,6.0,6.337363215431228,0.643793160828688,11,12
2023020102,2023-10-26,WPG,DET,401559337,6.5,6.669637074549774,0.4577948972829688,11,12
2023020103,2023-10-26,CBJ,MTL,401559336,6.5,6.810830520270558,0.5108342361863489,11,12
2023020104,2023-10-26,MIN,PHI,401559339,6.0,6.220745811437396,0.4842105263157894,11,11
2023020105,2023-10-26,COL,PIT,401559340,6.5,6.810830520270558,0.4254321281619491,11,12
2023020106,2023-10-26,SJS,TBL,401559338,6.5,6.669637074549774,0.7247049067437417,11,12
2023020107,2023-10-26,OTT,NYI,401559342,6.0,6.279287835235783,0.5405032034746254,10,12
2023020108,2023-10-26,TOR,DAL,401559343,6.5,6.600033200170701,0.5,11,12
2023020109,2023-10-26,STL,CGY,401559344,6.0,6.26266881246676,0.6339496215411342,11,12
2023020110,2023-10-26,NYR,EDM,401559345,6.0,6.279287835235783,0.4675324675324676,11,12
2023020111,2023-10-27,CHI,VGK,401559346,6.0,6.100412314566663,0.7545341349692821,11,12
2023020112,2023-10-27,SJS,CAR,401559349,6.5,6.600033200170701,0.7926452242772686,11,12
2023020113,2023-10-27,BUF,NJD,401559347,7.0,7.100996432971536,0.6310790912733031,11,12
2023020114,2023-10-27,MIN,WSH,401559348,6.5,6.5304172390661925,0.5324675324675325,11,12
2023020115,2023-10-27,LAK,ARI,401559351,6.5,6.600033200170701,0.4383658572918218,11,12
2023020116,2023-10-27,STL,VAN,401559350,6.0,6.204977080889616,0.6409010703965377,11,12
2023020117,2023-10-28,ANA,PHI,401559352,6.0,6.342535854825872,0.6080301764367919,11,12
2023020118,2023-10-28,SEA,FLA,401559353,6.5,6.695063728623083,0.5656028368794326,11,12
2023020119,2023-10-28,DET,BOS,401559354,6.0,5.977253107394155,0.6333259958575242,11,12
2023020120,2023-10-28,NYI,CBJ,401559358,6.0,6.329069770776779,0.4279836797957694,10,12
2023020121,2023-10-28,WPG,MTL,401559356,6.5,6.739730786233835,0.4093205485101557,11,12
2023020122,2023-10-28,TOR,NSH,401559359,6.0,6.279287835235783,0.4447769257943187,10,12
2023020123,2023-10-28,OTT,PIT,401559357,6.5,7.038389755694096,0.5678250132298465,11,12
2023020124,2023-10-28,NYR,VAN,401559360,5.5,5.921044309684403,0.3932171542754838,10,12
2023020125,2023-10-28,VGK,LAK,401559361,6.0,6.279287835235783,0.4965090346993022,10,12
2023020126,2023-10-29,COL,BUF,401559355,6.5,7.019641166220102,0.3678304239401496,12,13
2023020127,2023-10-29,MIN,NJD,401559362,6.5,6.949540302316011,0.6047430830039524,12,13
2023020128,2023-10-29,SJS,WSH,401559364,6.0,6.103046203321381,0.6690070210631895,12,13
2023020129,2023-10-29,CGY,EDM,401555903,6.5,6.600033200170701,0.5940252776713904,12,13
2023020130,2023-10-30,FLA,BOS,401559365,6.0,6.337363215431228,0.5990922844175491,11,13
2023020131,2023-10-30,CAR,PHI,401559363,6.0,6.279287835235783,0.3698979591836733,11,13
2023020132,2023-10-30,ANA,PIT,401559367,6.5,6.810830520270558,0.6853932584269663,11,13
2023020133,2023-10-30,SEA,TBL,401559366,6.5,6.5304172390661925,0.5729166666666666,12,13
2023020134,2023-10-30,DET,NYI,401559368,5.75,5.986025717163814,0.595959595959596,12,13
2023020135,2023-10-30,NYR,WPG,401559369,5.5,5.8378279996303934,0.4699770942408377,12,12
2023020136,2023-10-30,CBJ,DAL,401559370,6.0,6.220745811437396,0.7082891347173814,12,13
2023020137,2023-10-30,CHI,ARI,401559371,6.0,6.220745811437396,0.6301020408163265,12,13
2023020138,2023-10-30,MTL,VGK,401559372,6.5,6.600033200170701,0.6853932584269663,12,13
2023020139,2023-10-31,LAK,TOR,401559374,6.5,6.949540302316011,0.5829926410466066,11,12
2023020140,2023-10-31,NSH,VAN,401559373,6.0,6.279287835235783,0.5844256134525962,10,12
2023020141,2023-11-01,BUF,PHI,401559375,6.5,6.949540302316011,0.5,11,12
2023020142,2023-11-01,DAL,CGY,401559376,5.5,5.800324999938054,0.437762556434544,11,12
2023020143,2023-11-01,STL,COL,401559377,6.5,6.600033200170701,0.6805317324185249,11,12
2023020144,2023-11-01,ARI,ANA,401559378,6.5,6.669637074549774,0.4418236226016546,11,11
2023020145,2023-11-02,TOR,BOS,401559379,6.0,6.048307157776183,0.4896896258503401,11,12
2023020146,2023-11-02,TBL,CBJ,401559384,6.5,6.97708258943633,0.4050075631845068,11,12
2023020147,2023-11-02,FLA,DET,401559381,6.5,6.881371545107008,0.4782608695652174,11,12
2023020148,2023-11-02,CAR,NYR,401559382,5.5,5.7347601775545805,0.5108342361863489,11,12
2023020149,2023-11-02,LAK,OTT,401559380,6.5,6.881371545107008,0.4892637329706554,11,12
2023020150,2023-11-02,NYI,WSH,401559383,6.0,6.247317718434109,0.4782608695652174,11,11
2023020151,2023-11-02,NJD,MIN,401559385,6.5,6.993928294694337,0.4891657638136511,11,11
2023020152,2023-11-02,DAL,EDM,401559386,6.5,6.739730786233835,0.5844256134525962,11,12
2023020153,2023-11-02,MTL,ARI,401559387,6.5,6.596836619831793,0.5427435387673957,10,11
2023020154,2023-11-02,NSH,SEA,401559389,5.5,5.827635254364223,0.5252525252525253,10,11
2023020155,2023-11-02,WPG,VGK,401559388,6.0,6.048307157776183,0.5597945707997064,10,11
2023020156,2023-11-02,VAN,SJS,401559390,6.0,6.163019995636351,0.3236862147753236,10,11
2023020157,2023-11-03,PHI,BUF,401559391,6.5,6.962979994650127,0.6047430830039524,10,11
2023020158,2023-11-03,NJD,STL,401559392,6.5,6.881371545107008,0.4240063769007076,11,12
2023020159,2023-11-04,NSH,EDM,401559393,6.5,7.05175465468174,0.6385542168674698,10,11
2023020160,2023-11-04,WPG,ARI,401559394,6.0,6.393484445664717,0.4377510040160642,11,12
2023020161,2023-11-04,BOS,DET,401559397,5.5,5.9283464961821135,0.4339006625748204,11,12
2023020162,2023-11-04,TBL,OTT,401559396,6.5,7.015487099178884,0.5215078630897317,11,12
2023020163,2023-11-04,LAK,PHI,401559398,6.5,6.600033200170701,0.3660503784588658,11,12
2023020164,2023-11-04,MTL,STL,401559400,6.0,6.279287835235783,0.5221777779297889,11,12
2023020165,2023-11-04,BUF,TOR,401559395,6.5,7.015487099178884,0.6676818522769379,11,12
2023020166,2023-11-04,CBJ,WSH,401559399,6.5,6.64427516584607,0.5751097206261158,11,12
2023020167,2023-11-04,CAR,NYI,401559401,6.0,6.048307157776183,0.4514744029060889,11,12
2023020168,2023-11-04,FLA,CHI,401559402,6.5,6.5304172390661925,0.355270821199767,11,12
2023020169,2023-11-04,NYR,MIN,401559403,6.0,6.220745811437396,0.5120640005741877,11,12
2023020170,2023-11-04,CGY,SEA,401559407,6.0,6.105680092076099,0.5182845849941424,11,12
2023020171,2023-11-04,PIT,SJS,401559406,6.5,6.669637074549774,0.2968990543215306,11,12
2023020172,2023-11-04,DAL,VAN,401559404,6.0,6.279287835235783,0.4722502482923136,11,12
2023020173,2023-11-04,COL,VGK,401559405,6.0,6.220745811437396,0.4879359994258124,11,12
2023020174,2023-11-05,NJD,CHI,401559408,6.0,6.447779979849058,0.3416292785933942,11,12
2023020175,2023-11-05,VGK,ANA,401559409,6.0,6.284018243901603,0.3776724348700117,11,12
2023020176,2023-11-06,CBJ,FLA,401559411,6.5,6.739730786233835,0.6725668520934693,11,12
2023020177,2023-11-06,TBL,TOR,401559410,6.5,7.015487099178884,0.5829926410466066,11,12
2023020178,2023-11-06,BOS,DAL,401559412,5.5,5.670161188712068,0.562237443565456,11,12
2023020179,2023-11-06,EDM,VAN,401559413,6.5,7.010568631306709,0.5,11,12
2023020180,2023-11-07,BUF,CAR,401559925,6.5,7.006748381087522,0.6676818522769379,11,12
2023020181,2023-11-07,TBL,MTL,401559414,6.5,6.993928294694337,0.4572564612326044,11,12
2023020182,2023-11-07,MIN,NYI,401559415,6.0,6.220745811437396,0.5,11,12
2023020183,2023-11-07,DET,NYR,401559416,6.0,6.220745811437396,0.5829926410466066,11,12
2023020184,2023-11-07,WPG,STL,401559417,6.0,6.163019995636351,0.4288708708445337,11,12
2023020185,2023-11-07,SEA,ARI,401559419,6.5,6.462310215319599,0.5,11,12
2023020186,2023-11-07,NSH,CGY,401559418,5.5,5.86541251341262,0.5324675324675325,11,12
2023020187,2023-11-07,PIT,ANA,401559421,6.5,7.015487099178884,0.371699564214304,11,12
2023020188,2023-11-07,NJD,COL,401559420,6.5,6.279287835235783,0.628300435785696,11,12
2023020189,2023-11-07,PHI,SJS,401559422,6.5,6.720581826959968,0.3408461757160504,11,12
2023020190,2023-11-08,OTT,TOR,401559423,6.5,7.064092800631862,0.6052561568865916,11,12
2023020191,2023-11-08,FLA,WSH,401559424,6.5,6.600033200170701,0.4375344542447629,11,12
2023020192,2023-11-08,LAK,VGK,401559425,6.0,6.3207763261223295,0.5343355274862125,11,12
2023020193,2023-11-09,NYI,BOS,401559426,5.5,5.536832134787259,0.5656028368794326,11,12
2023020194,2023-11-09,DAL,CBJ,401559431,6.0,6.337363215431228,0.3263785293972899,11,12
2023020195,2023-11-09,MTL,DET,401559428,6.5,6.932543390315697,0.6292012383010113,11,12
2023020196,2023-11-09,MIN,NYR,401559430,6.5,6.5395518979058345,0.5221777779297889,11,12
2023020197,2023-11-09,VAN,OTT,401559427,6.5,7.038389755694096,0.4653875832123566,11,12
2023020198,2023-11-09,CHI,TBL,401559429,6.5,6.881371545107008,0.6871410736579275,11,12
2023020199,2023-11-09,ARI,STL,401559432,6.5,6.600033200170701,0.5210736468500443,11,12
2023020200,2023-11-09,NSH,WPG,401559433,6.0,6.279287835235783,0.5422051027170312,11,12
2023020201,2023-11-09,SEA,COL,401559434,6.5,6.600033200170701,0.6401770366799149,11,12
2023020202,2023-11-09,PIT,LAK,401559435,6.5,6.949540302316011,0.5217391304347826,11,12
2023020203,2023-11-09,EDM,SJS,401559436,6.5,6.918581335183362,0.2501829960106869,11,12
2023020204,2023-11-10,MIN,BUF,401559437,6.5,6.881371545107008,0.5159752402035946,11,12
2023020205,2023-11-10,CAR,FLA,401559439,6.5,6.669637074549774,0.4523326572008113,11,12
2023020206,2023-11-10,WSH,NJD,401559440,6.5,6.669637074549774,0.6407056798623063,11,12
2023020207,2023-11-10,CGY,TOR,401559438,6.5,6.881371545107008,0.5874146878702421,11,12
2023020208,2023-11-10,PHI,ANA,401559442,6.5,6.593640039492884,0.4782608695652174,11,12
2023020209,2023-11-10,SJS,VGK,401559441,6.5,6.524834355319793,0.8195876288659794,11,12
2023020210,2023-11-11,CBJ,DET,401559443,6.5,6.881371545107008,0.6047430830039524,11,12
2023020211,2023-11-11,DAL,WPG,401559444,5.5,5.912651578574705,0.490850469330916,11,12
2023020212,2023-11-11,BOS,MTL,401559446,6.0,6.163019995636351,0.355270821199767,11,12
2023020213,2023-11-11,CGY,OTT,401559447,6.5,6.993928294694337,0.5663065730788915,11,12
2023020214,2023-11-11,CAR,TBL,401559448,6.5,6.810830520270558,0.4477911646586345,11,12
2023020215,2023-11-11,VAN,TOR,401559445,6.5,6.739730786233835,0.5217391304347826,11,12
2023020216,2023-11-11,WSH,NYI,401559450,6.0,6.163019995636351,0.6154910096818811,11,12
2023020217,2023-11-11,BUF,PIT,401559449,6.5,6.933100383360184,0.6388383378829239,11,12
2023020218,2023-11-11,ARI,NSH,401559451,5.5,6.00355118914111,0.5900000000000001,11,12
2023020219,2023-11-11,STL,COL,401559452,6.0,6.220745811437396,0.6888021568516741,11,12
2023020220,2023-11-11,EDM,SEA,401559453,6.5,6.881371545107008,0.447405997144217,11,12
2023020221,2023-11-11,PHI,LAK,401559454,6.5,6.600033200170701,0.6853932584269663,11,12
2023020222,2023-11-12,CHI,FLA,401559455,6.5,6.810830520270558,0.7174029541129934,11,12
2023020223,2023-11-12,DAL,MIN,401559456,5.5,6.00355118914111,0.4782608695652174,11,12
2023020224,2023-11-12,VAN,MTL,401559457,6.5,6.949540302316011,0.3899037094326484,11,12
2023020225,2023-11-12,CBJ,NYR,401559458,6.5,6.669637074549774,0.6829834610257387,11,12
2023020226,2023-11-12,SJS,ANA,401559459,6.5,6.593640039492884,0.6503180491607016,11,12
2023020227,2023-11-13,NYI,EDM,401559460,6.5,6.5304172390661925,0.5934850856806135,11,12
2023020228,2023-11-13,COL,SEA,401559461,6.5,6.462310215319599,0.4170073589533932,11,12
2023020229,2023-11-14,BOS,BUF,401559462,6.0,6.163019995636351,0.4170073589533932,11,12
2023020230,2023-11-14,PIT,CBJ,401559465,6.5,6.881371545107008,0.3741550348326227,11,12
2023020231,2023-11-14,CGY,MTL,401559463,6.5,6.462310215319599,0.4009077155824508,11,12
2023020232,2023-11-14,VGK,WSH,401559464,6.0,6.163019995636351,0.4081632653061224,11,12
2023020233,2023-11-14,ARI,DAL,401559468,6.0,6.305549721530673,0.6912521440823327,11,12
2023020234,2023-11-14,ANA,NSH,401559467,6.0,6.279287835235783,0.6233894945490583,11,12
2023020235,2023-11-14,TBL,STL,401559466,6.5,6.881371545107008,0.4535236281058419,11,12
2023020236,2023-11-14,NJD,WPG,401559469,6.5,6.739730786233835,0.5678250132298465,11,12
2023020237,2023-11-14,FLA,SJS,401559470,6.5,6.739730786233835,0.2808599167822468,11,12
2023020238,2023-11-15,PHI,CAR,401559471,6.0,6.279287835235783,0.6708941897581688,11,12
2023020239,2023-11-15,SEA,EDM,401559472,6.5,6.949540302316011,0.6297591372753524,11,12
2023020240,2023-11-15,ANA,COL,401559473,6.5,6.881371545107008,0.7416110482436895,11,12
2023020241,2023-11-15,NYI,VAN,401559474,6.0,6.163019995636351,0.5929480703172358,11,12
2023020242,2023-11-16,DET,OTT,401555904,6.5,6.949540302316011,0.5427435387673957,11,12
2023020243,2023-11-16,ARI,CBJ,401559477,6.5,6.881371545107008,0.4693360941146629,11,12
2023020244,2023-11-16,VGK,MTL,401559475,6.0,6.393484445664717,0.3492957746478873,11,12
2023020245,2023-11-16,NJD,PIT,401559476,6.5,6.949540302316011,0.5870350660419292,11,12
2023020246,2023-11-16,TBL,CHI,401559478,6.5,6.881371545107008,0.3625304123648588,11,12
2023020247,2023-11-16,VAN,CGY,401559479,6.5,6.739730786233835,0.5826609791578414,11,12
2023020248,2023-11-16,NYI,SEA,401559480,6.0,5.97250020487453,0.5120640005741877,11,12
2023020249,2023-11-16,FLA,LAK,401559481,6.5,6.739730786233835,0.5427435387673957,11,12
2023020250,2023-11-16,STL,SJS,401559482,6.0,6.337363215431228,0.3248112072489655,11,12
2023020251,2023-11-17,TOR,DET,401555905,6.5,6.881371545107008,0.3741550348326227,11,12
2023020252,2023-11-17,BUF,WPG,401559483,6.5,6.810830520270558,0.6263709445357093,10,12
2023020253,2023-11-17,FLA,ANA,401559484,6.5,7.030951903299776,0.3740502999294689,11,12
2023020254,2023-11-18,MIN,OTT,401555906,6.5,7.006748381087522,0.4865183657777933,11,12
2023020255,2023-11-18,VGK,PHI,401559485,6.0,6.163019995636351,0.4092118933408717,11,12
2023020256,2023-11-18,CHI,NSH,401559493,6.0,6.447779979849058,0.6337287374721378,11,12
2023020257,2023-11-18,EDM,TBL,401559486,7.0,7.1635391611224986,0.447405997144217,11,12
2023020258,2023-11-18,MTL,BOS,401559487,6.0,6.220745811437396,0.7164696251943616,11,12
2023020259,2023-11-18,PIT,CAR,401559490,6.5,6.669637074549774,0.6150052289775736,11,12
2023020260,2023-11-18,NYI,CGY,401559492,5.5,5.9283464961821135,0.5692597517730495,11,12
2023020261,2023-11-18,NYR,NJD,401559488,6.0,6.209149378739371,0.5108342361863489,11,12
2023020262,2023-11-18,ARI,WPG,401559491,6.5,6.810830520270558,0.5720163202042305,11,12
2023020263,2023-11-18,CBJ,WSH,401559489,6.5,6.5304172390661925,0.5926271872470267,11,12
2023020264,2023-11-18,COL,DAL,401559494,6.0,6.337363215431228,0.5427435387673957,11,12
2023020265,2023-11-18,SEA,VAN,401559495,6.5,6.739730786233835,0.5856020936359396,11,12
2023020266,2023-11-18,STL,LAK,401559496,6.5,6.462310215319599,0.6292012383010113,11,12
2023020267,2023-11-19,TOR,MIN,401555907,6.5,6.909754299045739,0.3879535450382882,11,12
2023020268,2023-11-19,CBJ,PHI,401559497,6.5,7.100996432971536,0.5995461422087747,11,12
2023020269,2023-11-19,VGK,PIT,401559498,6.5,6.739730786233835,0.4715447154471545,11,12
2023020270,2023-11-19,BUF,CHI,401559499,6.5,6.881371545107008,0.3818769181636509,11,12
2023020271,2023-11-19,STL,ANA,401559500,6.5,6.5304172390661925,0.505091649694501,11,12
2023020272,2023-11-20,EDM,FLA,401559502,6.5,7.038389755694096,0.5182845849941424,11,12
2023020273,2023-11-20,BOS,TBL,401559501,6.5,6.5304172390661925,0.4390808167899278,11,12
2023020274,2023-11-20,NYR,DAL,401559504,5.5,5.876076502330779,0.5422051027170312,11,12
2023020275,2023-11-20,COL,NSH,401559503,6.5,6.669637074549774,0.4009077155824508,11,12
2023020276,2023-11-20,LAK,ARI,401559505,6.5,6.739730786233835,0.4170073589533932,11,12
2023020277,2023-11-20,CGY,SEA,401559507,6.0,6.337363215431228,0.5138111964326864,11,12
2023020278,2023-11-20,SJS,VAN,401559506,6.5,6.600033200170701,0.7641299510458388,11,12
2023020279,2023-11-22,EDM,CAR,401559513,6.5,6.881371545107008,0.5727920294240887,11,12
2023020280,2023-11-22,CHI,CBJ,401559514,6.5,6.600033200170701,0.5709079982951373,11,12
2023020281,2023-11-22,NJD,DET,401559508,6.5,6.881371545107008,0.4170073589533932,11,12
2023020282,2023-11-22,BOS,FLA,401559510,6.0,6.048307157776183,0.5,11,12
2023020283,2023-11-22,NYR,PIT,401559511,6.5,6.5304172390661925,0.5217391304347826,11,12
2023020284,2023-11-22,WPG,TBL,401559509,6.5,6.810830520270558,0.4919604420085116,11,12
2023020285,2023-11-22,BUF,WSH,401559512,6.0,6.279287835235783,0.5409283735426527,11,12
2023020286,2023-11-22,PHI,NYI,401559515,5.5,5.800324999938054,0.5899302082255413,11,12
2023020287,2023-11-22,STL,ARI,401559517,6.5,6.5304172390661925,0.5108342361863489,11,12
2023020288,2023-11-22,CGY,NSH,401559516,6.0,6.220745811437396,0.4984787018255578,11,12
2023020289,2023-11-22,VGK,DAL,401559518,6.0,6.105680092076099,0.552594002855783,11,12
2023020290,2023-11-22,MTL,ANA,401559520,6.5,6.739730786233835,0.5321912130422769,11,12
2023020291,2023-11-22,VAN,COL,401559519,6.5,6.909754299045739,0.6101981101030439,11,12
2023020292,2023-11-22,SJS,SEA,401559521,6.0,6.220745811437396,0.7216390071261181,11,12
2023020293,2023-11-24,DET,BOS,401559522,5.5,5.989261721576936,0.6522751895991332,11,12
2023020294,2023-11-24,NYR,PHI,401559523,5.5,5.948318030969103,0.4213048855905998,11,12
2023020295,2023-11-24,TOR,CHI,401559524,6.5,6.909754299045739,0.2908915678395243,11,12
2023020296,2023-11-24,CBJ,NJD,401559532,6.5,7.030951903299776,0.6905499720826354,11,12
2023020297,2023-11-24,NSH,STL,401559527,6.0,6.279287835235783,0.5,11,12
2023020298,2023-11-24,EDM,WSH,401559525,6.5,6.949540302316011,0.4326022198927906,11,12
2023020299,2023-11-24,LAK,ANA,401559528,6.0,6.337363215431228,0.3492957746478873,11,12
2023020300,2023-11-24,MTL,SJS,401559529,6.5,6.462310215319599,0.4277278452067599,11,12
2023020301,2023-11-24,PIT,BUF,401559530,6.5,7.006748381087522,0.4773234532631015,11,12
2023020302,2023-11-24,NYI,OTT,401559531,6.5,6.669637074549774,0.5523386680945581,11,12
2023020303,2023-11-24,TBL,CAR,401559526,6.5,6.5304172390661925,0.5999143183549125,11,12
2023020304,2023-11-24,WPG,FLA,401559533,6.5,6.881371545107008,0.5656028368794326,10,11
2023020305,2023-11-24,CGY,DAL,401559534,6.0,6.163019995636351,0.628300435785696,10,11
2023020306,2023-11-24,COL,MIN,401559535,6.5,6.810830520270558,0.4524821180740899,11,12
2023020307,2023-11-24,VAN,SEA,401559536,6.5,6.881371545107008,0.4866881450647202,11,12
2023020308,2023-11-25,BOS,NYR,401559537,5.5,5.800324999938054,0.4859577221742882,11,12
2023020309,2023-11-25,MTL,LAK,401559538,6.5,6.669637074549774,0.7037672216077075,11,12
2023020310,2023-11-25,BUF,NJD,401559539,6.5,7.015487099178884,0.6329789360283957,11,12
2023020311,2023-11-25,TOR,PIT,401559540,6.5,6.810830520270558,0.4755338925507602,11,12
2023020312,2023-11-25,PHI,NYI,401559541,6.0,6.279287835235783,0.5911949685534592,11,12
2023020313,2023-11-25,CGY,COL,401559542,6.5,6.881371545107008,0.6047430830039524,11,12
2023020314,2023-11-25,VAN,SJS,401559544,6.5,6.634835137360238,0.2816901408450704,10,11
2023020315,2023-11-25,ARI,VGK,401559543,6.0,6.279287835235783,0.6583707214066059,11,12
2023020316,2023-11-26,MIN,DET,401559545,6.5,6.739730786233835,0.4891657638136511,11,12
2023020317,2023-11-26,STL,CHI,401559546,6.5,6.600033200170701,0.4167014673752002,11,12
2023020318,2023-11-26,CBJ,CAR,401559547,6.5,6.600033200170701,0.7299452109588493,11,12
2023020319,2023-11-26,WPG,NSH,401559548,6.5,6.810830520270558,0.5106254514265078,11,12
2023020320,2023-11-26,ANA,EDM,401559549,6.5,7.038389755694096,0.7297431648715824,11,12
2023020321,2023-11-27,BOS,CBJ,401559552,6.5,6.5304172390661925,0.293421237842825,11,12
2023020322,2023-11-27,BUF,NYR,401559551,6.0,6.220745811437396,0.67362147060271,11,12
2023020323,2023-11-27,FLA,OTT,401559550,6.5,7.015487099178884,0.452713891209841,11,12
2023020324,2023-11-27,TBL,COL,401559553,6.5,6.669637074549774,0.552594002855783,11,12
2023020325,2023-11-27,VGK,CGY,401559554,6.0,6.220745811437396,0.4782608695652174,11,12
2023020326,2023-11-27,WSH,SJS,401559556,5.5,5.800324999938054,0.3102471678681772,8,9
2023020327,2023-11-28,NYI,NJD,401559558,6.5,6.462310215319599,0.5990922844175491,11,12
2023020328,2023-11-28,CAR,PHI,401559559,6.0,6.320972100554325,0.4084841483763317,11,12
2023020329,2023-11-28,FLA,TOR,401559557,6.5,6.881371545107008,0.552594002855783,11,12
2023020330,2023-11-28,STL,MIN,401559561,6.5,6.669637074549774,0.5990922844175491,11,12
2023020331,2023-11-28,PIT,NSH,401559560,6.5,6.462310215319599,0.4978351229650156,11,12
2023020332,2023-11-28,DAL,WPG,401559562,5.5,6.00355118914111,0.4782608695652174,11,12
2023020333,2023-11-28,SEA,CHI,401559563,6.5,6.5304172390661925,0.3693400602093324,11,12
2023020334,2023-11-28,TBL,ARI,401559565,6.5,6.949540302316011,0.4778222220702109,11,12
2023020335,2023-11-28,VGK,EDM,401559564,6.5,6.669637074549774,0.5711506774704749,11,12
2023020336,2023-11-28,ANA,VAN,401559555,6.5,6.881371545107008,0.7100496612725897,11,12
2023020337,2023-11-29,MTL,CBJ,401559566,6.5,6.810830520270558,0.5427435387673957,11,12
2023020338,2023-11-29,DET,NYR,401559567,6.0,6.105680092076099,0.6501841943689151,11,12
2023020339,2023-11-29,WSH,LAK,401559568,6.0,6.220745811437396,0.6725668520934693,11,12
2023020340,2023-11-30,SJS,BOS,401559569,5.5,5.906395373194266,0.8200332014219598,11,12
2023020341,2023-11-30,NYI,CAR,401559575,5.5,6.00355118914111,0.6639408504168989,11,12
2023020342,2023-11-30,CHI,DET,401559572,6.0,6.279287835235783,0.6397223810990365,11,12
2023020343,2023-11-30,FLA,MTL,401559571,6.5,6.600033200170701,0.3003825348388901,11,12
2023020344,2023-11-30,NJD,PHI,401559574,6.5,6.5304172390661925,0.447405997144217,11,12
2023020345,2023-11-30,PIT,TBL,401559573,6.5,6.669637074549774,0.5494264304082288,11,12
2023020346,2023-11-30,SEA,TOR,401559570,6.5,6.5304172390661925,0.62912819146113,11,12
2023020347,2023-11-30,MIN,NSH,401559577,5.5,6.02634737112475,0.5318587662337663,11,12
2023020348,2023-11-30,BUF,STL,401559576,6.5,6.669637074549774,0.5291153415453527,11,12
2023020349,2023-11-30,EDM,WPG,401559578,6.5,6.881371545107008,0.4805097451274363,11,12
2023020350,2023-11-30,COL,ARI,401559580,6.5,6.600033200170701,0.3615966178008615,11,12
2023020351,2023-11-30,DAL,CGY,401559579,6.0,6.279287835235783,0.4585331904069828,11,12
2023020352,2023-11-30,WSH,ANA,401559582,6.0,6.220745811437396,0.4782608695652174,11,12
2023020353,2023-11-30,VGK,VAN,401559581,6.5,6.3353944928873,0.5269332127123977,11,12
2023020354,2023-12-01,OTT,CBJ,401559584,6.5,6.949540302316011,0.4009077155824508,11,12
2023020355,2023-12-01,SJS,NJD,401559583,6.5,6.869128309816876,0.7969029642886774,11,12
2023020356,2023-12-02,TBL,DAL,401559585,6.0,6.337363215431228,0.5656297012679992,11,12
2023020357,2023-12-02,CHI,WPG,401559586,6.0,6.447779979849058,0.7169878420815816,11,12
2023020358,2023-12-02,NYR,NSH,401559587,5.5,5.893896352376652,0.3952569169960475,11,12
2023020359,2023-12-02,NYI,FLA,401559588,6.0,6.105680092076099,0.624705021681752,11,12
2023020360,2023-12-02,BUF,CAR,401559593,6.5,6.669637074549774,0.6890040299366724,11,12
2023020361,2023-12-02,DET,MTL,401559590,6.5,6.600033200170701,0.4144318085140174,11,12
2023020362,2023-12-02,SEA,OTT,401559591,6.5,6.669637074549774,0.52665850984735,11,12
2023020363,2023-12-02,PHI,PIT,401559592,6.5,6.669637074549774,0.6149124617305962,11,12
2023020364,2023-12-02,BOS,TOR,401559589,6.0,6.048307157776183,0.4937670765027322,11,12
2023020365,2023-12-02,STL,ARI,401559594,6.5,6.5304172390661925,0.532733107905919,11,12
2023020366,2023-12-02,COL,ANA,401559597,6.5,6.810830520270558,0.3188508440437583,11,12
2023020367,2023-12-02,VAN,CGY,401559595,6.5,6.669637074549774,0.5221777779297889,11,12
2023020368,2023-12-02,WSH,VGK,401559596,5.5,5.9283464961821135,0.6376582811342358,11,12
2023020369,2023-12-03,CHI,MIN,401559598,6.5,6.462310215319599,0.743421052631579,11,12
2023020370,2023-12-03,SJS,NYR,401559599,5.5,5.989261721576936,0.776371417108312,11,12
2023020371,2023-12-03,CBJ,BOS,401559600,6.5,6.5304172390661925,0.7028143583302259,11,12
2023020372,2023-12-03,NSH,BUF,401559601,6.5,6.600033200170701,0.4891657638136511,11,12
2023020373,2023-12-03,COL,LAK,401559602,6.0,6.105680092076099,0.5897032573893659,11,12
2023020374,2023-12-04,PIT,PHI,401559605,6.5,6.739730786233835,0.4782608695652174,11,12
2023020375,2023-12-04,DAL,TBL,401559604,6.5,6.600033200170701,0.4782608695652174,11,12
2023020376,2023-12-04,SEA,MTL,401559603,6.0,6.279287835235783,0.4029476523362313,11,12
2023020377,2023-12-04,CAR,WPG,401559606,6.0,6.447779979849058,0.4318769670692872,11,12
2023020378,2023-12-04,WSH,ARI,401559607,5.5,5.7347601775545805,0.5427435387673957,11,12
2023020379,2023-12-04,STL,VGK,401559608,6.0,6.279287835235783,0.6449718501261891,11,12
2023020380,2023-12-05,DET,BUF,401559609,6.5,6.801443762643512,0.4585331904069828,11,12
2023020381,2023-12-05,LAK,CBJ,401559611,6.0,6.220745811437396,0.3368237347294939,11,12
2023020382,2023-12-05,NYR,OTT,401559610,6.5,6.462310215319599,0.4150056848436684,11,12
2023020383,2023-12-05,SJS,NYI,401559612,5.5,5.791666764236906,0.7327278821604639,11,12
2023020384,2023-12-05,NSH,CHI,401559613,6.5,6.397385381191386,0.3670681848898499,11,12
2023020385,2023-12-05,MIN,CGY,401559615,6.0,6.337363215431228,0.5,11,12
2023020386,2023-12-05,ANA,COL,401559614,6.5,6.600033200170701,0.7031160860988611,11,12
2023020387,2023-12-05,NJD,VAN,401559616,6.5,7.006748381087522,0.4891657638136511,11,12
2023020388,2023-12-06,DAL,FLA,401559618,6.0,6.220745811437396,0.5217391304347826,11,12
2023020389,2023-12-06,PIT,TBL,401559617,6.5,6.669637074549774,0.5427435387673957,11,12
2023020390,2023-12-06,VGK,STL,401559619,6.0,6.048307157776183,0.3952569169960475,11,12
2023020391,2023-12-06,CAR,EDM,401559620,6.5,7.030951903299776,0.5113335776837555,11,12
2023020392,2023-12-07,BUF,BOS,401559621,6.0,6.279287835235783,0.7063158687314187,11,12
2023020393,2023-12-07,SJS,DET,401559624,6.5,6.739730786233835,0.717439813298395,11,12
2023020394,2023-12-07,LAK,MTL,401559622,6.5,6.5304172390661925,0.3313271402415362,11,12
2023020395,2023-12-07,TOR,OTT,401559623,6.5,6.949540302316011,0.4572564612326044,11,12
2023020396,2023-12-07,DAL,WSH,401559625,6.0,6.105680092076099,0.4373983874813377,11,12
2023020397,2023-12-07,CBJ,NYI,401559626,6.0,6.337363215431228,0.628988762229086,11,12
2023020398,2023-12-07,TBL,NSH,401559627,6.5,6.600033200170701,0.552594002855783,11,12
2023020399,2023-12-07,ANA,CHI,401559628,6.5,6.5304172390661925,0.4930906755605256,11,12
2023020400,2023-12-07,PHI,ARI,401559631,6.0,6.163019995636351,0.4891657638136511,11,12
2023020401,2023-12-07,CAR,CGY,401559630,6.5,6.5304172390661925,0.4572564612326044,11,12
2023020402,2023-12-07,WPG,COL,401559629,6.0,6.163019995636351,0.5641874852031414,11,12
2023020403,2023-12-07,NJD,SEA,401559633,6.5,6.881371545107008,0.4307506373745087,11,12
2023020404,2023-12-07,MIN,VAN,401559632,6.5,6.739730786233835,0.5181014162822088,11,12
2023020405,2023-12-08,STL,CBJ,401559635,6.5,6.810830520270558,0.4088050314465409,11,12
2023020406,2023-12-08,PIT,FLA,401559634,6.5,6.600033200170701,0.5990922844175491,11,12
2023020407,2023-12-08,MIN,EDM,401559636,7.0,6.97708258943633,0.643793160828688,11,12
2023020408,2023-12-09,ARI,BOS,401559637,5.5,5.800324999938054,0.6651646752077949,11,12
2023020409,2023-12-09,NJD,CGY,401559639,6.5,6.810830520270558,0.4690597746894073,11,12
2023020410,2023-12-09,VGK,DAL,401559638,5.5,5.948318030969103,0.5217391304347826,11,12
2023020411,2023-12-09,MTL,BUF,401559640,6.5,6.669637074549774,0.624862007061006,11,12
2023020412,2023-12-09,OTT,DET,401559642,6.5,6.949540302316011,0.5315398886827458,11,12
2023020413,2023-12-09,NSH,TOR,401559641,6.5,6.881371545107008,0.5990922844175491,11,12
2023020414,2023-12-09,NYR,WSH,401559643,6.0,5.992149949836133,0.3660503784588658,11,12
2023020415,2023-12-09,LAK,NYI,401559644,6.0,6.048307157776183,0.4256372445755214,11,12
2023020416,2023-12-09,STL,CHI,401559645,6.0,6.220745811437396,0.447405997144217,11,12
2023020417,2023-12-09,PHI,COL,401559646,6.0,6.337363215431228,0.6222307916368213,11,12
2023020418,2023-12-09,TBL,SEA,401559648,6.0,6.163019995636351,0.4886664223162446,11,12
2023020419,2023-12-09,CAR,VAN,401559647,6.5,6.600033200170701,0.4540210531625955,11,12
2023020420,2023-12-10,FLA,CBJ,401559649,6.5,6.962979994650127,0.2958083832335329,10,11
2023020421,2023-12-10,NJD,EDM,401559650,7.0,7.237418588501013,0.5858585858585859,10,11
2023020422,2023-12-10,WSH,CHI,401559653,6.0,6.163019995636351,0.3947438431134084,11,12
2023020423,2023-12-10,NSH,MTL,401559651,6.5,6.462310215319599,0.3980823162892491,11,12
2023020424,2023-12-10,LAK,NYR,401559652,6.0,6.220745811437396,0.5217391304347826,11,12
2023020425,2023-12-10,WPG,ANA,401559654,6.0,6.105680092076099,0.3526354105998835,11,12
2023020426,2023-12-10,MIN,SEA,401559655,6.0,6.163019995636351,0.4467887786527072,11,12
2023020427,2023-12-10,SJS,VGK,401559656,6.0,6.462310215319599,0.7411517602432678,11,12
2023020428,2023-12-11,ARI,BUF,401559657,6.5,6.600033200170701,0.5427435387673957,11,12
2023020429,2023-12-11,TOR,NYI,401559658,6.0,6.163019995636351,0.4675324675324676,11,12
2023020430,2023-12-11,DET,DAL,401559659,6.0,6.220745811437396,0.6619698378358327,11,12
2023020431,2023-12-11,CGY,COL,401559660,6.0,6.220745811437396,0.61212976022567,11,12
2023020432,2023-12-12,TOR,NYR,401559662,6.0,6.220745811437396,0.6224533164748183,11,12
2023020433,2023-12-12,CAR,OTT,401559661,6.5,6.739730786233835,0.447405997144217,11,12
2023020434,2023-12-12,ARI,PIT,401559663,6.0,6.163019995636351,0.6366957467164699,11,12
2023020435,2023-12-12,PHI,NSH,401559665,6.0,6.279287835235783,0.5674176612540984,11,12
2023020436,2023-12-12,DET,STL,401559664,6.5,6.669637074549774,0.5624655457552371,11,12
2023020437,2023-12-12,CHI,EDM,401559666,6.5,7.064092800631862,0.8048254100855672,11,12
2023020438,2023-12-12,FLA,SEA,401559669,6.5,6.462310215319599,0.393237613042884,11,12
2023020439,2023-12-12,TBL,VAN,401559667,6.5,6.5304172390661925,0.5324675324675325,11,12
2023020440,2023-12-12,CGY,VGK,401559668,6.0,6.163019995636351,0.6507042253521127,11,12
2023020441,2023-12-12,WPG,SJS,401559670,6.0,6.279287835235783,0.3526354105998835,11,12
2023020442,2023-12-13,PIT,MTL,401559671,6.0,6.163019995636351,0.4255319148936169,11,12
2023020443,2023-12-13,BOS,NJD,401559672,6.0,6.163019995636351,0.5324675324675325,11,12
2023020444,2023-12-13,ANA,NYI,401559673,6.0,6.337363215431228,0.6394209933258213,11,12
2023020445,2023-12-13,BUF,COL,401559674,6.5,7.015487099178884,0.6324607868625156,11,12
2023020446,2023-12-13,WPG,LAK,401559675,5.5,5.800324999938054,0.6185248538384946,11,12
2023020447,2023-12-14,CAR,DET,401559677,6.5,6.5304172390661925,0.3845089903181189,10,11
2023020448,2023-12-14,WSH,PHI,401559678,5.5,5.876076502330779,0.552594002855783,10,11
2023020449,2023-12-14,CBJ,TOR,401559676,6.5,6.949540302316011,0.6888888888888889,10,11
2023020450,2023-12-14,CGY,MIN,401559680,6.5,6.634835137360238,0.5706737120211361,10,11
2023020451,2023-12-14,OTT,STL,401559679,6.5,6.881371545107008,0.4782608695652174,10,11
2023020452,2023-12-14,TBL,EDM,401559681,6.5,6.955598968527268,0.6183206106870229,10,11
2023020453,2023-12-14,CHI,SEA,401559683,5.5,5.800324999938054,0.6888888888888889,10,11
2023020454,2023-12-14,FLA,VAN,401559682,6.5,6.5304172390661925,0.4675324675324676,10,11
2023020455,2023-12-15,NSH,CAR,401559685,6.0,6.163019995636351,0.6183206106870229,10,11
2023020456,2023-12-15,ANA,NYR,401559684,6.0,6.279287835235783,0.7446808510638299,10,11
2023020457,2023-12-15,BOS,NYI,401559686,5.5,5.7347601775545805,0.4675324675324676,10,11
2023020458,2023-12-15,OTT,DAL,401559687,6.5,6.704683930391805,0.670487106017192,10,11
2023020459,2023-12-15,SJS,ARI,401559688,6.5,6.462310215319599,0.6385542168674698,10,11
2023020460,2023-12-15,BUF,VGK,401559689,6.5,6.5304172390661925,0.6581196581196581,10,11
2023020461,2023-12-16,VAN,MIN,401559690,6.0,6.337363215431228,0.5324675324675325,10,11
2023020462,2023-12-16,NYR,BOS,401559691,5.5,5.800324999938054,0.5217391304347826,10,11
2023020463,2023-12-16,NJD,CBJ,401559695,6.5,7.064092800631862,0.3339244613817303,10,11
2023020464,2023-12-16,NYI,MTL,401559693,6.0,6.220745811437396,0.4675324675324676,10,11
2023020465,2023-12-16,DET,PHI,401559694,6.0,6.393484445664717,0.5324675324675325,10,11
2023020466,2023-12-16,PIT,TOR,401559692,6.5,6.5304172390661925,0.5,10,11
2023020467,2023-12-16,COL,WPG,401559696,6.0,6.048307157776183,0.5217391304347826,10,11
2023020468,2023-12-16,WSH,NSH,401559698,6.0,6.279287835235783,0.5620437956204379,10,11
2023020469,2023-12-16,DAL,STL,401559697,6.5,6.600033200170701,0.447405997144217,10,11
2023020470,2023-12-16,BUF,ARI,401559699,6.5,6.704683930391805,0.4948453608247422,10,11
2023020471,2023-12-16,TBL,CGY,401559700,6.5,6.669637074549774,0.4891657638136511,10,11
2023020472,2023-12-16,FLA,EDM,401559701,7.0,7.100996432971536,0.5746676585697189,10,11
2023020473,2023-12-16,LAK,SEA,401559702,5.75,5.988326826979148,0.4170073589533932,10,11
2023020474,2023-12-17,VAN,CHI,401559703,6.5,6.462310215319599,0.3413782153064465,10,11
2023020475,2023-12-17,WSH,CAR,401559704,5.75,6.047470906826518,0.6744186046511629,10,11
2023020476,2023-12-17,ANA,NJD,401559705,6.5,6.881371545107008,0.700162074554295,10,11
2023020477,2023-12-17,SJS,COL,401559706,6.5,6.5304172390661925,0.7044334975369458,10,11
2023020478,2023-12-17,OTT,VGK,401559707,6.5,6.600033200170701,0.6320082505156572,10,11
2023020479,2023-12-18,ANA,DET,401559708,6.5,6.600033200170701,0.6853932584269663,10,11
2023020480,2023-12-18,MIN,PIT,401559709,6.0,6.220745811437396,0.5324675324675325,9,10
2023020481,2023-12-18,MTL,WPG,401559710,6.0,6.076993624926141,0.7073550684321798,10,11
2023020482,2023-12-18,SEA,DAL,401559711,6.0,6.279287835235783,0.6299559471365639,10,11
2023020483,2023-12-18,FLA,CGY,401559712,6.5,6.5304172390661925,0.4693877551020408,10,11
2023020484,2023-12-19,MIN,BOS,401559713,5.5,5.896879504797367,0.6636481241914618,10,11
2023020485,2023-12-19,CBJ,BUF,401559714,6.5,7.064092800631862,0.6301020408163265,10,11
2023020486,2023-12-19,VGK,CAR,401559718,6.0,6.279287835235783,0.5556381890861765,10,11
2023020487,2023-12-19,PHI,NJD,401559717,6.5,6.669637074549774,0.5934708962118879,10,11
2023020488,2023-12-19,STL,TBL,401559716,6.5,6.810830520270558,0.6154910096818811,10,11
2023020489,2023-12-19,NYR,TOR,401559715,6.5,6.5304172390661925,0.5,10,11
2023020490,2023-12-19,EDM,NYI,401559719,6.5,7.006816551473936,0.42,10,11
2023020491,2023-12-19,VAN,NSH,401559720,6.5,6.5304172390661925,0.5319148936170213,10,11
2023020492,2023-12-19,COL,CHI,401559721,6.0,6.279287835235783,0.3324808184143222,10,11
2023020493,2023-12-19,OTT,ARI,401559722,6.5,6.669637074549774,0.4572564612326044,10,11
2023020494,2023-12-19,LAK,SJS,401559723,6.0,6.393484445664717,0.2965931863727454,10,11
2023020495,2023-12-20,DET,WPG,401559725,6.5,6.669637074549774,0.58,10,11
2023020496,2023-12-20,NYI,WSH,401559724,5.5,5.86541251341262,0.5273833671399595,10,11
2023020497,2023-12-20,SEA,LAK,401559726,6.0,6.048307157776183,0.6164383561643836,10,11
2023020498,2023-12-21,TOR,BUF,401559727,6.5,7.070975090210004,0.4283723570801864,10,11
2023020499,2023-12-21,WSH,CBJ,401559733,6.0,6.279287835235783,0.4891657638136511,10,11
2023020500,2023-12-21,STL,FLA,401559729,6.5,6.669637074549774,0.6744186046511629,10,11
2023020501,2023-12-21,EDM,NJD,401559730,6.75,7.163735571619611,0.5,10,11
2023020502,2023-12-21,NSH,PHI,401559731,5.5,5.86541251341262,0.5108342361863489,10,11
2023020503,2023-12-21,CAR,PIT,401559732,6.5,6.634835137360238,0.4402054292002935,10,11
2023020504,2023-12-21,VGK,TBL,401559728,6.5,6.704683930391805,0.5217391304347826,10,11
2023020505,2023-12-21,VAN,DAL,401559734,6.5,6.496363727192896,0.5656028368794326,10,11
2023020506,2023-12-21,MTL,MIN,401559735,6.0,6.220745811437396,0.6140350877192983,10,11
2023020507,2023-12-21,OTT,COL,401559736,6.5,6.881371545107008,0.6251378169790519,10,11
2023020508,2023-12-21,CGY,ANA,401559737,6.0,6.337363215431228,0.355270821199767,10,11
2023020509,2023-12-21,ARI,SJS,401559738,6.0,6.279287835235783,0.4170073589533932,10,11
2023020510,2023-12-22,PHI,DET,401559739,6.0,6.337363215431228,0.552594002855783,10,11
2023020511,2023-12-22,EDM,NYR,401559740,6.5,6.982513700747448,0.5427435387673957,10,11
2023020512,2023-12-22,BOS,WPG,401559741,5.5,5.7347601775545805,0.4891657638136511,10,11
2023020513,2023-12-22,MTL,CHI,401559742,6.0,6.220745811437396,0.5172413793103449,10,11
2023020514,2023-12-23,VGK,FLA,401559743,6.5,6.739730786233835,0.5597945707997064,10,11
2023020515,2023-12-23,DAL,NSH,401559744,6.0,6.393484445664717,0.4675324675324676,10,11
2023020516,2023-12-23,NYI,CAR,401559748,6.0,6.279287835235783,0.6140350877192983,10,11
2023020517,2023-12-23,TOR,CBJ,401559749,7.0,7.132267797047017,0.3280454367410889,10,11
2023020518,2023-12-23,BOS,MIN,401559750,6.0,5.992149949836133,0.447405997144217,10,11
2023020519,2023-12-23,DET,NJD,401559746,6.75,7.069693094332816,0.6499318729692904,10,11
2023020520,2023-12-23,PIT,OTT,401559745,6.5,6.949540302316011,0.5108342361863489,10,11
2023020521,2023-12-23,TBL,WSH,401559747,6.5,6.600033200170701,0.4244482173174872,10,11
2023020522,2023-12-23,BUF,NYR,401559751,6.5,6.669637074549774,0.61212976022567,10,11
2023020523,2023-12-23,SEA,ANA,401559753,6.0,6.220745811437396,0.4170073589533932,10,11
2023020524,2023-12-23,CHI,STL,401559752,6.0,6.337363215431228,0.7031009456784693,10,11
2023020525,2023-12-23,ARI,COL,401559754,6.5,6.669637074549774,0.6596858638743455,10,11
2023020526,2023-12-23,CGY,LAK,401559756,6.0,6.105680092076099,0.592910765420633,10,11
2023020527,2023-12-23,SJS,VAN,401559755,6.5,6.669637074549774,0.7272727272727274,10,11
2023020528,2023-12-27,CBJ,NJD,401559759,7.0,6.895710837875653,0.7097692332682388,9,10
2023020529,2023-12-27,WSH,NYR,401559760,5.5,5.800324999938054,0.6591538242839495,9,10
2023020530,2023-12-27,FLA,TBL,401559758,6.5,6.739730786233835,0.4562087301649028,9,10
2023020531,2023-12-27,OTT,TOR,401559757,7.0,7.038389755694096,0.5911949685534592,9,10
2023020532,2023-12-27,BOS,BUF,401559761,6.0,6.220745811437396,0.3942163992903615,9,10
2023020533,2023-12-27,PIT,NYI,401559762,6.0,6.220745811437396,0.5133118549352798,9,10
2023020534,2023-12-27,DET,MIN,401559765,6.5,6.669637074549774,0.5733338782121535,9,10
2023020535,2023-12-27,CAR,NSH,401559764,6.0,6.220745811437396,0.4391242381967866,9,10
2023020536,2023-12-27,DAL,STL,401559763,6.5,6.810830520270558,0.3852369512994104,9,10
2023020537,2023-12-27,COL,ARI,401559767,6.5,6.600033200170701,0.3926663721648868,9,10
2023020538,2023-12-27,WPG,CHI,401559766,6.0,6.105680092076099,0.3185110954324434,9,10
2023020539,2023-12-27,SEA,CGY,401559768,6.0,6.048307157776183,0.5773338292848594,9,10
2023020540,2023-12-27,VGK,ANA,401559769,6.5,6.600033200170701,0.3207547169811321,10,11
2023020541,2023-12-27,SJS,LAK,401559770,6.0,6.279287835235783,0.7674205594735855,9,10
2023020542,2023-12-28,MTL,CAR,401559771,6.5,6.600033200170701,0.6962046272919167,10,11
2023020543,2023-12-28,PHI,VAN,401559772,6.0,6.279287835235783,0.5911949685534592,10,11
2023020544,2023-12-28,LAK,VGK,401559773,6.0,6.279287835235783,0.5,10,11
2023020545,2023-12-28,EDM,SJS,401559774,7.0,7.038389755694096,0.1808894979444375,10,11
2023020546,2023-12-29,TOR,CBJ,401559778,6.5,6.881371545107008,0.3418803418803419,10,11
2023020547,2023-12-29,NSH,DET,401559776,6.5,6.739730786233835,0.5108342361863489,10,11
2023020548,2023-12-29,NYR,FLA,401559777,6.0,6.337363215431228,0.5656565656565656,10,11
2023020549,2023-12-29,NJD,OTT,401559775,6.75,6.964859909405227,0.4891657638136511,10,11
2023020550,2023-12-29,WSH,NYI,401559779,5.5,5.800324999938054,0.5829926410466066,10,11
2023020551,2023-12-29,CHI,DAL,401559781,6.0,6.279287835235783,0.7723292469352013,10,11
2023020552,2023-12-29,COL,STL,401559780,6.5,6.846101032688783,0.4009077155824508,10,11
2023020553,2023-12-29,ARI,ANA,401559782,6.25,6.383155644677766,0.4572564612326044,10,11
2023020554,2023-12-29,PHI,SEA,401559783,5.75,6.0546156406086045,0.5597945707997064,10,11
2023020555,2023-12-30,MIN,WPG,401559784,6.0,6.048307157776183,0.574468085106383,10,11
2023020556,2023-12-30,CBJ,BUF,401559785,6.75,7.090172331554285,0.6507042253521127,10,11
2023020557,2023-12-30,NJD,BOS,401559786,6.0,6.279287835235783,0.6047430830039524,10,11
2023020558,2023-12-30,MTL,FLA,401559789,6.5,6.846101032688783,0.6912521440823327,10,11
2023020559,2023-12-30,STL,PIT,401559790,6.5,6.5304172390661925,0.653077975376197,10,11
2023020560,2023-12-30,NYR,TBL,401559788,6.0,6.25001682333659,0.5020491803278689,10,11
2023020561,2023-12-30,CAR,TOR,401559787,6.5,6.669637074549774,0.4675324675324676,10,11
2023020562,2023-12-30,NSH,WSH,401559791,6.0,6.337363215431228,0.4946236559139784,10,11
2023020563,2023-12-30,EDM,LAK,401559792,6.5,6.949540302316011,0.520408163265306,10,11
2023020564,2023-12-31,WPG,MIN,401559793,6.0,6.163019995636351,0.4562087301649028,9,10
2023020565,2023-12-31,BOS,DET,401559794,6.0,6.279287835235783,0.4525865639496355,9,10
2023020566,2023-12-31,BUF,OTT,401559795,7.0,6.97708258943633,0.5829926410466066,9,10
2023020567,2023-12-31,NYI,PIT,401559796,6.0,6.337363215431228,0.4926132147805699,9,10
2023020568,2023-12-31,MTL,TBL,401559797,6.5,6.810830520270558,0.6339496215411342,8,9
2023020569,2023-12-31,EDM,ANA,401559801,6.5,6.982513700747448,0.3403141361256544,10,11
2023020570,2023-12-31,PHI,CGY,401559800,5.5,5.800324999938054,0.5678250132298465,10,11
2023020571,2023-12-31,SJS,COL,401559799,6.5,6.600033200170701,0.7706422018348623,10,11
2023020572,2023-12-31,CHI,DAL,401559798,6.5,6.600033200170701,0.7663551401869159,10,11
2023020573,2024-01-01,VGK,SEA,401555902,5.75,5.959890720238147,0.447405997144217,10,11
2023020574,2024-01-02,BOS,CBJ,401559804,6.5,6.600033200170701,0.3280454367410889,10,11
2023020575,2024-01-02,CAR,NYR,401559802,5.75,6.047470906826518,0.5427435387673957,10,11
2023020576,2024-01-02,WSH,PIT,401559803,5.75,5.988326826979148,0.6282864913871261,10,11
2023020577,2024-01-02,MTL,DAL,401559806,6.5,6.669881993202268,0.7191400832177531,10,11
2023020578,2024-01-02,CGY,MIN,401559807,6.0,6.191882903536873,0.4891657638136511,10,11
2023020579,2024-01-02,CHI,NSH,401559805,6.5,6.5304172390661925,0.7191400832177531,10,11
2023020580,2024-01-02,TBL,WPG,401559808,6.0,6.220745811437396,0.5597945707997064,10,11
2023020581,2024-01-02,FLA,ARI,401559811,6.0,6.220745811437396,0.3854664158103784,9,10
2023020582,2024-01-02,NYI,COL,401559809,6.0,6.337363215431228,0.6300289939764452,9,10
2023020583,2024-01-02,PHI,EDM,401559810,6.5,6.739730786233835,0.6292012383010113,9,10
2023020584,2024-01-02,OTT,VAN,401559812,6.5,7.015487099178884,0.5712722725851829,9,10
2023020585,2024-01-02,TOR,LAK,401559813,6.5,6.739730786233835,0.552594002855783,9,10
2023020586,2024-01-02,DET,SJS,401559814,6.5,6.669637074549774,0.3593956506067524,9,10
2023020587,2024-01-03,NJD,WSH,401559815,6.5,6.739730786233835,0.3845089903181189,10,11
2023020588,2024-01-03,TOR,ANA,401559816,6.5,6.984062164276504,0.3418803418803419,10,11
2023020589,2024-01-04,PIT,BOS,401559817,6.0,5.992149949836133,0.5799159663865545,9,10
2023020590,2024-01-04,BUF,MTL,401559818,6.5,6.810830520270558,0.4112176487445665,9,10
2023020591,2024-01-04,CHI,NYR,401559819,6.0,6.220745811437396,0.7919655667144906,9,10
2023020592,2024-01-04,CBJ,PHI,401559820,6.5,6.462310215319599,0.6244771875585834,9,10
2023020593,2024-01-04,COL,DAL,401559823,6.5,6.600033200170701,0.5397928220152768,9,10
2023020594,2024-01-04,TBL,MIN,401559824,6.0,6.279287835235783,0.4586283640459998,9,10
2023020595,2024-01-04,CGY,NSH,401559822,6.0,6.220745811437396,0.5259769508801052,9,10
2023020596,2024-01-04,VAN,STL,401559821,6.5,6.669637074549774,0.4201755475510288,9,10
2023020597,2024-01-04,NYI,ARI,401559825,6.0,6.105680092076099,0.489480841090499,9,10
2023020598,2024-01-04,OTT,SEA,401559827,6.5,6.600033200170701,0.5324675324675325,9,10
2023020599,2024-01-04,FLA,VGK,401559826,6.0,6.279287835235783,0.4720806741535975,9,10
2023020600,2024-01-04,DET,LAK,401559828,6.5,6.5304172390661925,0.62912819146113,9,10
2023020601,2024-01-04,WPG,SJS,401559829,6.0,6.163019995636351,0.291892150111585,9,10
2023020602,2024-01-05,CHI,NJD,401559830,6.5,6.739730786233835,0.7985654690255335,9,10
2023020603,2024-01-05,CAR,WSH,401559831,6.0,6.163019995636351,0.371699564214304,8,9
2023020604,2024-01-05,WPG,ANA,401559832,6.0,6.105680092076099,0.3647435001397818,9,10
2023020605,2024-01-06,CGY,PHI,401559833,6.0,6.105680092076099,0.50210688809891,9,10
2023020606,2024-01-06,FLA,COL,401559834,6.5,6.600033200170701,0.5,9,10
2023020607,2024-01-06,TBL,BOS,401559835,6.0,6.279287835235783,0.5911949685534592,9,10
2023020608,2024-01-06,STL,CAR,401559839,6.5,6.669637074549774,0.6414617232164,9,10
2023020609,2024-01-06,MIN,CBJ,401559840,6.0,6.337363215431228,0.4577189822717437,9,10
2023020610,2024-01-06,NYR,MTL,401559836,6.0,6.337363215431228,0.3660503784588658,9,10
2023020611,2024-01-06,VAN,NJD,401559837,6.5,6.739730786233835,0.4684601113172542,9,10
2023020612,2024-01-06,BUF,PIT,401559838,6.5,7.064092800631862,0.5995461422087747,9,10
2023020613,2024-01-06,TOR,SJS,401559841,6.0,6.393484445664717,0.2802282241847883,9,10
2023020614,2024-01-06,NSH,DAL,401559842,6.5,6.909754299045739,0.6154910096818811,9,10
2023020615,2024-01-06,OTT,EDM,401559843,7.0,7.1635391611224986,0.6617995775613921,9,10
2023020616,2024-01-06,NYI,VGK,401559844,6.0,6.220745811437396,0.5692493626254913,9,10
2023020617,2024-01-07,CGY,CHI,401559846,6.0,5.894223118894528,0.3094901168646293,9,10
2023020618,2024-01-07,LAK,WSH,401559845,5.5,5.606051679360132,0.355270821199767,9,10
2023020619,2024-01-07,WPG,ARI,401559847,6.0,6.048307157776183,0.4164244715559045,9,10
2023020620,2024-01-07,DET,ANA,401559848,6.5,6.739730786233835,0.397724439570783,9,10
2023020621,2024-01-08,VAN,NYR,401559849,6.5,6.669637074549774,0.574468085106383,10,11
2023020622,2024-01-08,PIT,PHI,401559850,6.5,6.669637074549774,0.4675324675324676,10,11
2023020623,2024-01-08,DAL,MIN,401559851,6.5,6.496363727192896,0.4402054292002935,10,11
2023020624,2024-01-08,BOS,COL,401559852,6.0,6.279287835235783,0.5416666666666666,10,11
2023020625,2024-01-09,SEA,BUF,401559853,6.0,6.279287835235783,0.5,10,11
2023020626,2024-01-09,LAK,TBL,401559855,6.0,6.337363215431228,0.4402054292002935,10,11
2023020627,2024-01-09,SJS,TOR,401559854,6.0,6.337363215431228,0.7900763358778625,10,11
2023020628,2024-01-09,VAN,NYI,401559856,6.5,6.810830520270558,0.5427435387673957,10,11
2023020629,2024-01-09,ANA,NSH,401559858,6.5,6.496363727192896,0.6719545632589111,10,11
2023020630,2024-01-09,FLA,STL,401559857,6.0,6.393484445664717,0.3744351194318915,10,11
2023020631,2024-01-09,CBJ,WPG,401559859,6.0,6.220745811437396,0.6985794437149337,10,11
2023020632,2024-01-09,EDM,CHI,401559860,6.5,6.91545592371151,0.2135922330097087,10,11
2023020633,2024-01-09,BOS,ARI,401559862,6.0,5.943451969196574,0.4170073589533932,10,11
2023020634,2024-01-09,OTT,CGY,401559861,6.5,6.775280653252197,0.5427435387673957,10,11
2023020635,2024-01-10,MTL,PHI,401559863,6.5,6.600033200170701,0.628300435785696,10,11
2023020636,2024-01-10,MIN,DAL,401559864,6.5,6.462310215319599,0.644729178800233,10,11
2023020637,2024-01-10,VGK,COL,401559865,6.5,6.600033200170701,0.5678250132298465,10,11
2023020638,2024-01-11,OTT,BUF,401559866,6.75,6.97708258943633,0.5324675324675325,10,11
2023020639,2024-01-11,ANA,CAR,401559873,6.5,6.462310215319599,0.758974358974359,10,11
2023020640,2024-01-11,EDM,DET,401559868,7.0,7.038389755694096,0.3969754253308128,10,11
2023020641,2024-01-11,LAK,FLA,401559870,6.0,6.220745811437396,0.5624310915104742,10,11
2023020642,2024-01-11,SJS,MTL,401559867,6.0,6.105650258116731,0.5990922844175491,10,11
2023020643,2024-01-11,VAN,PIT,401559871,6.5,6.810830520270558,0.5401900804186387,10,11
2023020644,2024-01-11,NJD,TBL,401559869,6.5,6.846101032688783,0.5829926410466066,10,11
2023020645,2024-01-11,SEA,WSH,401559872,5.5,5.7347601775545805,0.447405997144217,10,11
2023020646,2024-01-11,TOR,NYI,401559874,6.5,6.810830520270558,0.4572564612326044,10,11
2023020647,2024-01-11,NYR,STL,401559875,6.0,6.279287835235783,0.3931758815846756,10,11
2023020648,2024-01-11,CHI,WPG,401559876,5.5,5.7347601775545805,0.7807933194154488,10,11
2023020649,2024-01-11,CGY,ARI,401559877,6.25,6.393484445664717,0.4402054292002935,10,11
2023020650,2024-01-11,BOS,VGK,401559878,6.0,6.279287835235783,0.4545454545454545,10,11
2023020651,2024-01-12,NSH,DAL,401559879,6.5,6.740233797410166,0.6237970253718286,10,11
2023020652,2024-01-12,PHI,MIN,401559880,5.75,5.9019992104183325,0.4895833333333333,10,11
2023020653,2024-01-13,NYR,WSH,401559881,6.0,6.163019995636351,0.3952569169960475,10,11
2023020654,2024-01-13,VAN,BUF,401559882,6.5,6.982513700747448,0.418519487313628,10,11
2023020655,2024-01-13,SJS,OTT,401559883,6.5,6.949540302316011,0.6864384635484714,10,11
2023020656,2024-01-13,NJD,FLA,401559884,6.5,6.669637074549774,0.6660755386182696,10,11
2023020657,2024-01-13,PIT,CAR,401559889,6.5,6.810830520270558,0.5656028368794326,10,11
2023020658,2024-01-13,SEA,CBJ,401559890,6.0,6.279287835235783,0.3878702397743301,10,11
2023020659,2024-01-13,LAK,DET,401559887,6.5,6.634835137360238,0.3952569169960475,10,11
2023020660,2024-01-13,EDM,MTL,401559886,6.5,6.846101032688783,0.3135615364515286,10,11
2023020661,2024-01-13,ANA,TBL,401559888,6.5,6.5304172390661925,0.7011952191235059,10,11
2023020662,2024-01-13,COL,TOR,401559885,6.5,7.015487099178884,0.5157894736842106,10,11
2023020663,2024-01-13,PHI,WPG,401559891,5.5,5.7347601775545805,0.6636481241914618,10,11
2023020664,2024-01-13,DAL,CHI,401559892,6.0,6.150600420268464,0.2816901408450704,10,11
2023020665,2024-01-13,ARI,MIN,401559895,6.0,6.070136551515253,0.552594002855783,10,11
2023020666,2024-01-13,NYI,NSH,401559894,6.0,6.279287835235783,0.4869927159209156,10,11
2023020667,2024-01-13,BOS,STL,401559893,6.0,6.220745811437396,0.3878702397743301,10,11
2023020668,2024-01-13,CGY,VGK,401559896,6.0,6.279287835235783,0.511832919181162,10,11
2023020669,2024-01-14,WSH,NYR,401559897,6.0,6.065104185854073,0.6853932584269663,10,11
2023020670,2024-01-14,DET,TOR,401559898,6.75,7.100996432971536,0.6507042253521127,10,11
2023020671,2024-01-15,NJD,BOS,401559899,6.0,6.220745811437396,0.6047430830039524,10,11
2023020672,2024-01-15,SJS,BUF,401559900,6.5,6.704683930391805,0.7031009456784693,10,11
2023020673,2024-01-15,VAN,CBJ,401559902,6.5,6.97708258943633,0.3363518758085381,10,11
2023020674,2024-01-15,ANA,FLA,401559901,6.5,6.565225219618447,0.7723292469352013,10,11
2023020675,2024-01-15,LAK,CAR,401559904,6.0,6.337363215431228,0.574468085106383,10,11
2023020676,2024-01-15,NYI,MIN,401559903,6.5,6.397385381191386,0.5108342361863489,10,11
2023020677,2024-01-15,SEA,PIT,401559906,6.0,6.163019995636351,0.5829926410466066,10,11
2023020678,2024-01-15,COL,MTL,401559905,6.5,6.496363727192896,0.3482614742698192,10,11
2023020679,2024-01-15,PHI,STL,401559907,6.0,6.220745811437396,0.5,10,11
2023020680,2024-01-15,NSH,VGK,401559908,6.0,5.9773512654852246,0.5108342361863489,10,11
2023020681,2024-01-16,SEA,NYR,401559910,5.5,5.841536669678414,0.6731791409280276,10,11
2023020682,2024-01-16,COL,OTT,401559909,6.75,7.038389755694096,0.4782608695652174,10,11
2023020683,2024-01-16,ANA,WSH,401559911,6.0,6.163019995636351,0.6140350877192983,10,11
2023020684,2024-01-16,LAK,DAL,401559912,6.5,6.496363727192896,0.5427435387673957,10,11
2023020685,2024-01-16,NYI,WPG,401559913,5.75,5.988326826979148,0.6365876193409301,10,11
2023020686,2024-01-16,SJS,CHI,401559914,5.5,5.7347601775545805,0.5785804816223068,10,11
2023020687,2024-01-16,ARI,CGY,401559915,6.5,6.5304172390661925,0.5829926410466066,10,11
2023020688,2024-01-16,TOR,EDM,401559916,6.75,6.97708258943633,0.5952380952380952,10,11
2023020689,2024-01-17,DET,FLA,401559917,6.5,6.739730786233835,0.6507042253521127,10,11
2023020690,2024-01-17,MTL,NJD,401559918,6.5,6.5304172390661925,0.628300435785696,10,11
2023020691,2024-01-18,CHI,BUF,401632079,6.0,6.163019995636351,0.7082891347173814,10,11
2023020692,2024-01-18,COL,BOS,401559920,6.5,6.5304172390661925,0.5829926410466066,10,11
2023020693,2024-01-18,MTL,OTT,401559921,6.5,7.065974168135656,0.6263345195729537,10,11
2023020694,2024-01-18,DAL,PHI,401559923,5.75,5.960248223009123,0.4402054292002935,10,11
2023020695,2024-01-18,MIN,TBL,401559922,6.5,6.600027156807983,0.5706737120211361,10,11
2023020696,2024-01-18,STL,WSH,401559924,5.5,5.86541251341262,0.5108342361863489,10,11
2023020697,2024-01-18,TOR,CGY,401559926,6.5,6.669637074549774,0.445109407144193,10,11
2023020698,2024-01-18,SEA,EDM,401559927,6.5,6.600033200170701,0.6731791409280276,10,11
2023020699,2024-01-18,NSH,LAK,401559928,6.0,6.220745811437396,0.5755517826825127,10,11
2023020700,2024-01-18,ARI,VAN,401559929,6.5,6.5304172390661925,0.6581196581196581,10,11
2023020701,2024-01-18,NYR,VGK,401559930,5.75,5.928781231624376,0.437956204379562,10,11
2023020702,2024-01-19,DET,CAR,401559932,6.5,6.775280653252197,0.6596858638743455,10,11
2023020703,2024-01-19,NJD,CBJ,401559933,6.5,6.895562922076373,0.4108216432865731,10,11
2023020704,2024-01-19,MIN,FLA,401559931,6.0,6.163019995636351,0.6712765187169648,10,11
2023020705,2024-01-19,NYI,CHI,401559934,5.5,5.6381064340361,0.2914110429447852,10,11
2023020706,2024-01-20,TBL,BUF,401559935,6.5,6.739730786233835,0.5,10,11
2023020707,2024-01-20,COL,PHI,401559936,6.0,6.393484445664717,0.488167080818838,10,11
2023020708,2024-01-20,NSH,ARI,401559938,6.0,6.163019995636351,0.447405997144217,10,11
2023020709,2024-01-20,WPG,OTT,401559937,6.0,6.3083255253335055,0.4255319148936169,10,11
2023020710,2024-01-20,MTL,BOS,401559939,6.0,6.279287835235783,0.7272727272727274,10,11
2023020711,2024-01-20,DAL,NJD,401559940,6.5,6.600033200170701,0.4509283819628648,10,11
2023020712,2024-01-20,TOR,VAN,401559941,6.5,6.929647300680875,0.5324675324675325,10,11
2023020713,2024-01-20,WSH,STL,401559942,5.75,5.960248223009123,0.5324675324675325,10,11
2023020714,2024-01-20,EDM,CGY,401559943,6.5,6.995953393081564,0.371699564214304,10,11
2023020715,2024-01-20,ANA,SJS,401559945,6.0,6.163019995636351,0.4598099195813613,10,11
2023020716,2024-01-20,PIT,VGK,401559944,6.0,6.163019995636351,0.4556166535742341,10,11
2023020717,2024-01-20,NYR,LAK,401559946,6.0,6.163019995636351,0.5427435387673957,10,11
2023020718,2024-01-21,OTT,PHI,401559947,6.5,6.846101032688783,0.5829926410466066,10,11
2023020719,2024-01-21,MIN,CAR,401559949,6.5,6.600033200170701,0.628300435785696,10,11
2023020720,2024-01-21,TBL,DET,401559948,6.5,6.810830520270558,0.4782608695652174,10,11
2023020721,2024-01-21,DAL,NYI,401559950,6.0,6.163019995636351,0.520408163265306,10,11
2023020722,2024-01-21,NYR,ANA,401559951,6.0,6.025929173458646,0.3339244613817303,10,11
2023020723,2024-01-21,TOR,SEA,401559952,6.0,6.279287835235783,0.488167080818838,10,11
2023020724,2024-01-22,WPG,BOS,401559953,5.5,5.541969544751927,0.5706737120211361,10,11
2023020725,2024-01-22,VGK,NJD,401559954,6.0,6.220745811437396,0.5263157894736842,10,11
2023020726,2024-01-22,FLA,NSH,401559955,6.0,6.091875124015935,0.4583333333333333,10,11
2023020727,2024-01-22,PIT,ARI,401559956,6.0,6.163019995636351,0.4088050314465409,10,11
2023020728,2024-01-22,CHI,VAN,401559957,6.0,6.220745811437396,0.7864077669902914,10,11
2023020729,2024-01-22,SJS,LAK,401559958,6.0,6.025929173458646,0.7663551401869159,10,11
2023020730,2024-01-23,DAL,DET,401559960,6.5,6.669637074549774,0.4343434343434343,10,11
2023020731,2024-01-23,OTT,MTL,401559959,6.5,7.047522351965819,0.4170073589533932,10,11
2023020732,2024-01-23,TBL,PHI,401559961,6.5,6.462310215319599,0.5,10,11
2023020733,2024-01-23,VGK,NYI,401559962,5.5,5.800324999938054,0.5798319327731092,10,11
2023020734,2024-01-23,WSH,MIN,401559963,5.5,5.86541251341262,0.5990922844175491,10,11
2023020735,2024-01-23,STL,CGY,401559964,6.0,6.163019995636351,0.5990922844175491,10,11
2023020736,2024-01-23,CBJ,EDM,401559965,6.75,6.97708258943633,0.7604938271604939,10,11
2023020737,2024-01-23,BUF,ANA,401559966,6.0,6.220745811437396,0.3942307692307692,10,11
2023020738,2024-01-23,NYR,SJS,401559967,6.0,6.065104185854073,0.2553191489361702,10,11
2023020739,2024-01-24,ARI,FLA,401559969,6.0,6.279287835235783,0.6947343832893872,9,10
2023020740,2024-01-24,WPG,TOR,401559968,6.5,6.496363727192896,0.5706737120211361,10,11
2023020741,2024-01-24,CAR,BOS,401559970,6.0,6.163019995636351,0.5746676585697189,10,11
2023020742,2024-01-24,WSH,COL,401559971,6.0,6.279287835235783,0.7011952191235059,10,11
2023020743,2024-01-24,CHI,SEA,401559973,5.5,5.7347601775545805,0.7328244274809161,10,11
2023020744,2024-01-24,STL,VAN,401559972,6.5,6.565225219618447,0.6864384635484714,10,11
2023020745,2024-01-24,BUF,LAK,401559974,6.0,6.393484445664717,0.644729178800233,10,11
2023020746,2024-01-25,NJD,CAR,401559979,6.5,6.565225219618447,0.5990922844175491,10,11
2023020747,2024-01-25,PHI,DET,401559977,6.5,6.600033200170701,0.5108342361863489,10,11
2023020748,2024-01-25,NYI,MTL,401559975,6.5,6.496363727192896,0.4201680672268907,10,11
2023020749,2024-01-25,BOS,OTT,401559976,6.5,6.600033200170701,0.4387755102040816,10,11
2023020750,2024-01-25,ARI,TBL,401559978,6.5,6.5304172390661925,0.6602950342821525,10,11
2023020751,2024-01-25,ANA,DAL,401559980,6.5,6.739730786233835,0.7446808510638299,10,11
2023020752,2024-01-25,NSH,MIN,401559981,5.75,6.026999061522601,0.5217391304347826,10,11
2023020753,2024-01-25,CBJ,CGY,401559982,6.5,6.739730786233835,0.6341463414634148,10,11
2023020754,2024-01-25,CHI,EDM,401559983,6.5,6.669637074549774,0.8309278350515464,10,11
2023020755,2024-01-26,VGK,NYR,401559984,5.5,5.879147511896348,0.5990922844175491,10,11
2023020756,2024-01-26,FLA,PIT,401559985,6.0,6.447779979849058,0.4506161486113665,10,11
2023020757,2024-01-26,LAK,COL,401559986,6.5,6.565225219618447,0.5829926410466066,10,11
2023020758,2024-01-26,STL,SEA,401559987,6.0,6.048307157776183,0.628300435785696,10,11
2023020759,2024-01-27,BOS,PHI,401559988,5.5,5.876076502330779,0.4088050314465409,10,11
2023020760,2024-01-27,WSH,DAL,401559989,6.5,6.5304172390661925,0.6888888888888889,10,11
2023020761,2024-01-27,NSH,EDM,401559990,6.5,6.634835137360238,0.6731791409280276,10,11
2023020762,2024-01-27,BUF,SJS,401559991,6.0,6.279287835235783,0.355270821199767,10,11
2023020763,2024-01-27,ARI,CAR,401559996,6.0,6.337363215431228,0.6818181818181818,10,11
2023020764,2024-01-27,VGK,DET,401559993,6.0,6.279287835235783,0.5555555555555556,10,11
2023020765,2024-01-27,NYR,OTT,401559992,6.5,6.810830520270558,0.5051546391752578,10,11
2023020766,2024-01-27,MTL,PIT,401559995,6.5,6.600033200170701,0.6731791409280276,10,11
2023020767,2024-01-27,NJD,TBL,401559994,6.5,6.962979994650127,0.5829926410466066,10,11
2023020768,2024-01-27,TOR,WPG,401559997,6.0,6.191882903536873,0.5555555555555556,10,11
2023020769,2024-01-27,FLA,NYI,401559998,6.0,6.337363215431228,0.437956204379562,10,11
2023020770,2024-01-27,ANA,MIN,401559999,6.0,6.163019995636351,0.6719545632589111,10,11
2023020771,2024-01-27,CHI,CGY,401560000,6.0,5.984701528615144,0.7272727272727274,10,11
2023020772,2024-01-27,CBJ,VAN,401560001,6.5,6.962979994650127,0.7191400832177531,10,11
2023020773,2024-01-28,LAK,STL,401560002,6.0,6.163019995636351,0.4059405940594059,10,11
2023020774,2024-01-28,CBJ,SEA,401560003,6.5,6.3654238305479725,0.703030303030303,10,11
2023020775,2024-01-29,NSH,OTT,401560004,6.5,6.810830520270558,0.4947368421052631,9,11
2023020776,2024-01-30,CBJ,STL,401560005,6.5,6.810830520270558,0.5858585858585859,11,11
2023020777,2024-01-30,SEA,SJS,401560006,5.5,5.8376536131859424,0.3032258064516129,11,11
2023020778,2024-01-31,OTT,DET,401560007,7.0,6.97708258943633,0.5157946692991116,11,11
2023020779,2024-01-31,LAK,NSH,401560008,6.0,6.105680092076099,0.4782608695652174,10,10
2023020780,2024-01-31,SJS,ANA,401560009,6.0,6.048307157776183,0.6233894945490583,11,11
2023020781,2024-02-05,COL,NYR,401560011,6.5,6.739730786233835,0.5,10,11
2023020782,2024-02-05,NYI,TOR,401560010,6.5,6.739730786233835,0.5755517826825127,10,11
2023020783,2024-02-06,CGY,BOS,401560012,6.0,6.087919181507533,0.6301020408163265,10,11
2023020784,2024-02-06,DAL,BUF,401560013,6.5,6.600033200170701,0.4088050314465409,10,11
2023020785,2024-02-06,VAN,CAR,401560018,6.5,6.462310215319599,0.5770191507077436,10,11
2023020786,2024-02-06,PHI,FLA,401560014,6.0,6.300129967895054,0.6365876193409301,10,11
2023020787,2024-02-06,COL,NJD,401560015,6.5,7.016391670525136,0.4782608695652174,10,11
2023020788,2024-02-06,WPG,PIT,401560016,5.5,5.800324999938054,0.5,10,11
2023020789,2024-02-06,MTL,WSH,401560017,5.5,5.781901087869949,0.5911949685534592,10,11
2023020790,2024-02-06,EDM,VGK,401560019,6.0,6.3083255253335055,0.4210526315789474,10,11
2023020791,2024-02-07,TBL,NYR,401560021,6.5,6.565225219618447,0.5226164254247954,10,11
2023020792,2024-02-07,DAL,TOR,401560020,6.5,6.669637074549774,0.5467695274831245,10,11
2023020793,2024-02-07,MIN,CHI,401560022,5.5,5.7347601775545805,0.3481781376518218,10,11
2023020794,2024-02-08,VAN,BOS,401560023,6.0,6.163019995636351,0.5555555555555556,10,11
2023020795,2024-02-08,WSH,FLA,401560024,6.0,6.163019995636351,0.7209302325581395,10,11
2023020796,2024-02-08,CGY,NJD,401560025,6.5,6.881371545107008,0.5454545454545454,10,11
2023020797,2024-02-08,WPG,PHI,401560026,5.5,5.7347601775545805,0.447405997144217,10,11
2023020798,2024-02-08,TBL,NYI,401560027,6.5,6.669637074549774,0.5829926410466066,10,11
2023020799,2024-02-08,COL,CAR,401560028,6.5,6.5304172390661925,0.5427435387673957,10,11
2023020800,2024-02-08,VGK,ARI,401560029,5.5,5.755558585832968,0.4444444444444445,10,11
2023020801,2024-02-09,PIT,MIN,401560030,6.0,6.220745811437396,0.4551609990972012,10,11
2023020802,2024-02-09,NYR,CHI,401560031,5.5,5.7347601775545805,0.2501283159247739,9,10
2023020803,2024-02-09,EDM,ANA,401560032,6.5,6.600033200170701,0.2575488454706927,10,11
2023020804,2024-02-10,STL,BUF,401560033,6.5,6.600033200170701,0.6047430830039524,9,10
2023020805,2024-02-10,VAN,DET,401560035,6.5,6.810830520270558,0.447405997144217,9,10
2023020806,2024-02-10,DAL,MTL,401560034,6.5,6.600033200170701,0.3207547169811321,10,11
2023020807,2024-02-10,CGY,NYI,401560036,6.0,6.048307157776183,0.5122950819672132,10,11
2023020808,2024-02-10,WSH,BOS,401560037,5.5,5.800324999938054,0.7082891347173814,10,11
2023020809,2024-02-10,COL,FLA,401560038,6.5,6.810830520270558,0.552594002855783,10,11
2023020810,2024-02-10,NJD,CAR,401560041,6.5,6.895562922076373,0.5990922844175491,10,11
2023020811,2024-02-10,TBL,CBJ,401560042,6.5,6.881371545107008,0.3820744470143246,10,11
2023020812,2024-02-10,TOR,OTT,401560039,6.5,7.034766481583013,0.4347826086956521,10,11
2023020813,2024-02-10,SEA,PHI,401560040,5.5,5.7347601775545805,0.5,10,11
2023020814,2024-02-10,PIT,WPG,401560043,5.5,5.7347601775545805,0.5798319327731092,10,11
2023020815,2024-02-10,ARI,NSH,401560044,6.0,6.047470906826518,0.5755517826825127,10,11
2023020816,2024-02-10,EDM,LAK,401560045,6.0,6.3654238305479725,0.4572564612326044,10,11
2023020817,2024-02-11,STL,MTL,401560046,6.0,6.163019995636351,0.4675324675324676,10,11
2023020818,2024-02-11,VAN,WSH,401560047,6.0,6.163019995636351,0.3660503784588658,10,11
2023020819,2024-02-12,SEA,NJD,401560048,6.5,6.600033200170701,0.5656565656565656,10,11
2023020820,2024-02-12,CGY,NYR,401560049,5.5,5.880449304648099,0.6019417475728156,10,11
2023020821,2024-02-12,ARI,PHI,401560050,5.75,6.017013294129106,0.5911949685534592,10,11
2023020822,2024-02-12,MIN,VGK,401560051,5.5,5.800324999938054,0.5902439024390244,10,11
2023020823,2024-02-13,TBL,BOS,401560052,6.0,6.048307157776183,0.5911949685534592,10,11
2023020824,2024-02-13,LAK,BUF,401560053,6.0,6.220745811437396,0.437956204379562,10,11
2023020825,2024-02-13,ANA,MTL,401560055,6.5,6.565225219618447,0.5226164254247954,10,11
2023020826,2024-02-13,CBJ,OTT,401560056,6.75,7.100996432971536,0.6348195329087049,10,11
2023020827,2024-02-13,STL,TOR,401560054,6.25,6.299833034184357,0.6301020408163265,10,11
2023020828,2024-02-13,COL,WSH,401560057,6.0,6.220745811437396,0.355270821199767,10,11
2023020829,2024-02-13,SEA,NYI,401560058,5.5,5.747244929749687,0.6067006554989075,10,11
2023020830,2024-02-13,CAR,DAL,401560060,6.5,6.600033200170701,0.5157894736842106,10,11
2023020831,2024-02-13,NJD,NSH,401560059,6.5,6.5304172390661925,0.537525354969574,10,11
2023020832,2024-02-13,VAN,CHI,401560061,5.5,5.808992912941131,0.2917108652826186,10,11
2023020833,2024-02-13,DET,EDM,401560062,6.5,6.91545592371151,0.6763137852246762,10,11
2023020834,2024-02-14,FLA,PIT,401560063,5.75,5.970594834078129,0.447405997144217,10,11
2023020835,2024-02-14,SJS,WPG,401560064,5.5,5.670161188712068,0.7900763358778625,10,11
2023020836,2024-02-14,MIN,ARI,401560065,6.0,6.08328559238873,0.488167080818838,10,11
2023020837,2024-02-15,SEA,BOS,401560066,5.5,5.606051679360132,0.6470588235294118,10,11
2023020838,2024-02-15,FLA,BUF,401560067,6.5,6.600033200170701,0.3889674681753889,10,11
2023020839,2024-02-15,LAK,NJD,401560071,6.5,6.600033200170701,0.5,10,11
2023020840,2024-02-15,MTL,NYR,401560072,6.0,6.220745811437396,0.703030303030303,10,11
2023020841,2024-02-15,ANA,OTT,401560069,6.5,6.949540302316011,0.6829679595278247,10,11
2023020842,2024-02-15,COL,TBL,401560070,6.5,6.949540302316011,0.5333333333333333,10,11
2023020843,2024-02-15,PHI,TOR,401560068,6.0,6.279054513434312,0.5829926410466066,10,11
2023020844,2024-02-15,EDM,STL,401560073,6.5,6.669637074549774,0.329512893982808,10,11
2023020845,2024-02-15,PIT,CHI,401560074,5.5,5.800324999938054,0.36,10,11
2023020846,2024-02-15,SJS,CGY,401560076,5.5,5.808992912941131,0.7627118644067796,10,11
2023020847,2024-02-15,DAL,NSH,401560075,6.0,6.163019995636351,0.4088050314465409,10,11
2023020848,2024-02-15,DET,VAN,401560077,6.5,6.810830520270558,0.628300435785696,10,11
2023020849,2024-02-16,CAR,ARI,401560078,6.0,6.33638614045025,0.3355704697986577,10,11
2023020850,2024-02-17,EDM,DAL,401560079,6.5,7.055150066718405,0.5334185177904462,10,11
2023020851,2024-02-17,OTT,CHI,401560080,6.5,6.366389937039343,0.355270821199767,10,11
2023020852,2024-02-17,DET,CGY,401560081,6.5,6.669637074549774,0.5882115462252726,10,11
2023020853,2024-02-17,LAK,BOS,401560082,5.5,5.670161188712068,0.6068241184153244,10,11
2023020854,2024-02-17,BUF,MIN,401560085,6.0,6.337363215431228,0.5711159737417943,10,11
2023020855,2024-02-17,NSH,STL,401560084,6.0,6.25001682333659,0.4666666666666667,10,11
2023020856,2024-02-17,FLA,TBL,401560083,6.5,6.4298477982554925,0.4736842105263158,10,11
2023020857,2024-02-17,WSH,MTL,401560087,6.0,6.163019995636351,0.4782608695652174,10,11
2023020858,2024-02-17,ANA,TOR,401560086,6.5,6.669637074549774,0.7230769230769231,10,11
2023020859,2024-02-17,PHI,NJD,401555900,6.0,6.279287835235783,0.5620437956204379,10,11
2023020860,2024-02-17,WPG,VAN,401560088,5.5,5.69603760963861,0.53125,10,11
2023020861,2024-02-17,CBJ,SJS,401560090,6.5,6.462310215319599,0.42,10,11
2023020862,2024-02-17,CAR,VGK,401560089,6.0,6.105680092076099,0.5294129181536531,10,11
2023020863,2024-02-18,NYR,NYI,401555901,5.75,5.982325077355331,0.42,10,11
2023020864,2024-02-18,ARI,COL,401560092,6.5,6.810830520270558,0.7082891347173814,10,11
2023020865,2024-02-18,LAK,PIT,401560091,6.0,6.047470906826518,0.552594002855783,10,11
2023020866,2024-02-19,ANA,BUF,401560093,6.5,6.5304172390661925,0.6533139111434814,10,11
2023020867,2024-02-19,DAL,BOS,401560094,5.75,6.017013294129106,0.5670103092783505,10,11
2023020868,2024-02-19,TOR,STL,401560096,6.5,6.810830520270558,0.4088050314465409,10,11
2023020869,2024-02-19,VAN,MIN,401560097,6.0,6.220745811437396,0.4675324675324676,10,11
2023020870,2024-02-19,DET,SEA,401560098,6.0,6.279287835235783,0.552594002855783,10,11
2023020871,2024-02-19,EDM,ARI,401560100,6.5,6.881371545107008,0.2813813265119678,10,11
2023020872,2024-02-19,WPG,CGY,401560099,5.5,5.541969544751927,0.4572564612326044,10,11
2023020873,2024-02-19,VGK,SJS,401560101,5.5,5.86541251341262,0.2917108652826186,10,11
2023020874,2024-02-19,CHI,CAR,401560095,5.5,5.86541251341262,0.7706422018348623,10,11
2023020875,2024-02-19,OTT,TBL,401560102,6.75,6.862665377806387,0.6068241184153244,10,11
2023020876,2024-02-20,OTT,FLA,401560103,6.5,6.929647300680875,0.7082891347173814,10,11
2023020877,2024-02-20,DAL,NYR,401560104,6.5,6.5304172390661925,0.552594002855783,10,11
2023020878,2024-02-20,NYI,PIT,401560105,5.5,5.86541251341262,0.5427435387673957,10,11
2023020879,2024-02-20,NJD,WSH,401560106,6.5,6.669637074549774,0.3878702397743301,10,11
2023020880,2024-02-20,MIN,WPG,401560107,5.75,5.956859835594401,0.574468085106383,10,11
2023020881,2024-02-20,VAN,COL,401560108,6.5,6.881371545107008,0.5755517826825127,10,11
2023020882,2024-02-20,NSH,VGK,401560109,6.0,6.105680092076099,0.591715976331361,10,11
2023020883,2024-02-20,CBJ,LAK,401560110,6.5,6.669637074549774,0.6818181818181818,10,11
2023020884,2024-02-21,BUF,MTL,401560111,6.5,6.881371545107008,0.4321749867701535,10,11
2023020885,2024-02-21,PHI,CHI,401560112,5.75,6.076140858606643,0.3009068425391591,10,11
2023020886,2024-02-21,CBJ,ANA,401560115,6.5,6.810830520270558,0.5040983606557377,9,10
2023020887,2024-02-21,TOR,ARI,401560114,6.5,6.881371545107008,0.371699564214304,10,11
2023020888,2024-02-21,BOS,EDM,401560113,6.5,6.462310215319599,0.5597945707997064,10,11
2023020889,2024-02-22,FLA,CAR,401560121,6.0,6.13424061999287,0.511832919181162,10,11
2023020890,2024-02-22,COL,DET,401560117,6.75,6.97708258943633,0.4572564612326044,10,11
2023020891,2024-02-22,NYR,NJD,401560119,6.5,6.669637074549774,0.5,9,10
2023020892,2024-02-22,DAL,OTT,401560116,6.5,6.982513700747448,0.4,10,11
2023020893,2024-02-22,MTL,PIT,401560120,6.0,6.279287835235783,0.7161572052401747,10,11
2023020894,2024-02-22,WSH,TBL,401560118,6.5,6.600033200170701,0.6425352958846501,10,11
2023020895,2024-02-22,NYI,STL,401560122,6.0,6.279287835235783,0.4675324675324676,10,11
2023020896,2024-02-22,BOS,CGY,401560123,5.5,5.7347601775545805,0.4773835745752045,10,11
2023020897,2024-02-22,VAN,SEA,401560125,6.0,6.163019995636351,0.4417479287337781,10,11
2023020898,2024-02-22,TOR,VGK,401560124,6.0,6.220745811437396,0.5,10,11
2023020899,2024-02-22,NSH,LAK,401560126,6.0,6.0546156406086045,0.5864811133200795,10,11
2023020900,2024-02-23,BUF,CBJ,401560127,6.5,6.881371545107008,0.4054054054054054,10,11
2023020901,2024-02-23,WPG,CHI,401560128,5.5,5.544756641626471,0.2697302697302697,10,11
2023020902,2024-02-23,MIN,EDM,401560129,6.5,6.995260312722641,0.6383515559293524,10,11
2023020903,2024-02-24,MTL,NJD,401560130,6.5,6.881371545107008,0.6961325966850829,10,11
2023020904,2024-02-24,TBL,NYI,401560131,6.5,6.600033200170701,0.4891657638136511,10,11
2023020905,2024-02-24,NYR,PHI,401560132,6.0,5.971101755076417,0.4322709163346613,10,11
2023020906,2024-02-24,WSH,FLA,401560133,6.0,6.163019995636351,0.6905154153918569,10,11
2023020907,2024-02-24,DAL,CAR,401560136,6.0,6.220745811437396,0.552594002855783,10,11
2023020908,2024-02-24,TOR,COL,401560137,6.5,7.060164276633152,0.5226164254247954,10,11
2023020909,2024-02-24,STL,DET,401560135,6.5,6.669637074549774,0.5798319327731092,10,11
2023020910,2024-02-24,VGK,OTT,401560134,6.5,6.397385381191386,0.520408163265306,10,11
2023020911,2024-02-24,BOS,VAN,401560138,5.75,6.026999061522601,0.5217391304347826,10,11
2023020912,2024-02-24,CGY,EDM,401560139,6.5,6.949540302316011,0.6393442622950819,10,11
2023020913,2024-02-24,MIN,SEA,401560141,6.0,6.080765083237161,0.5755517826825127,10,11
2023020914,2024-02-24,NSH,SJS,401560140,5.75,5.965367928630089,0.3137254901960785,10,11
2023020915,2024-02-24,ANA,LAK,401560142,6.0,6.163019995636351,0.7085714285714286,10,11
2023020916,2024-02-25,TBL,NJD,401560143,6.5,7.091454327431473,0.5680345572354212,10,11
2023020917,2024-02-25,PHI,PIT,401560144,5.75,5.928781231624376,0.6206896551724138,10,11
2023020918,2024-02-25,CAR,BUF,401560145,6.0,6.220745811437396,0.4444444444444445,10,11
2023020919,2024-02-25,NYR,CBJ,401560146,6.5,6.565225219618447,0.3820744470143246,10,11
2023020920,2024-02-25,DET,CHI,401560147,6.0,6.163019995636351,0.3878702397743301,10,11
2023020921,2024-02-25,ARI,WPG,401560148,5.5,5.7347601775545805,0.6844631073785243,10,11
2023020922,2024-02-25,NSH,ANA,401560149,6.5,6.565225219618447,0.381125226860254,10,11
2023020923,2024-02-26,OTT,WSH,401560150,6.5,6.600033200170701,0.4329896907216495,10,11
2023020924,2024-02-26,NYI,DAL,401560151,6.5,6.669637074549774,0.607843137254902,10,11
2023020925,2024-02-26,LAK,EDM,401560152,6.5,6.669637074549774,0.5990922844175491,10,11
2023020926,2024-02-26,BOS,SEA,401560153,5.5,5.670161188712068,0.4319654427645789,10,11
2023020927,2024-02-27,WSH,DET,401560156,6.0,6.279287835235783,0.607843137254902,10,11
2023020928,2024-02-27,BUF,FLA,401560157,6.0,6.220745811437396,0.6742037442256261,10,11
2023020929,2024-02-27,ARI,MTL,401560155,6.0,6.279287835235783,0.489795918367347,10,11
2023020930,2024-02-27,TBL,PHI,401560158,6.0,6.220745811437396,0.447405997144217,10,11
2023020931,2024-02-27,VGK,TOR,401560154,6.0,6.220745811437396,0.6000000000000001,10,11
2023020932,2024-02-27,CAR,MIN,401560160,6.0,6.163019995636351,0.4343434343434343,10,11
2023020933,2024-02-27,OTT,NSH,401560159,6.5,6.739730786233835,0.5798319327731092,10,11
2023020934,2024-02-27,STL,WPG,401560161,5.75,6.025929173458646,0.6452145214521452,10,11
2023020935,2024-02-27,LAK,CGY,401560163,5.5,5.800324999938054,0.5324675324675325,10,11
2023020936,2024-02-27,DAL,COL,401560162,6.5,6.739730786233835,0.552594002855783,10,11
2023020937,2024-02-27,PIT,VAN,401560164,6.0,6.3083255253335055,0.587500796330509,10,11
2023020938,2024-02-27,NJD,SJS,401560165,6.5,6.565225219618447,0.2900302114803625,10,11
2023020939,2024-02-28,CBJ,NYR,401560166,6.5,6.5304172390661925,0.6912521440823327,10,11
2023020940,2024-02-28,STL,EDM,401560167,6.5,6.704683930391805,0.7241379310344829,10,11
2023020941,2024-02-29,VGK,BOS,401560168,5.5,5.606051679360132,0.6015265461892468,10,11
2023020942,2024-02-29,CAR,CBJ,401560173,6.5,6.600033200170701,0.2769230769230769,10,11
2023020943,2024-02-29,NYI,DET,401560170,6.5,6.5304172390661925,0.5,10,11
2023020944,2024-02-29,MTL,FLA,401560172,6.0,6.279287835235783,0.7508591065292097,10,11
2023020945,2024-02-29,BUF,TBL,401560171,6.5,6.5304172390661925,0.5934708962118879,10,11
2023020946,2024-02-29,ARI,TOR,401560169,6.5,6.846101032688783,0.6905154153918569,10,11
2023020947,2024-02-29,WPG,DAL,401560175,5.75,5.960248223009123,0.5555555555555556,10,11
2023020948,2024-02-29,MIN,NSH,401560174,6.0,6.220745811437396,0.5108342361863489,10,11
2023020949,2024-02-29,COL,CHI,401560176,6.0,6.279287835235783,0.2963875087699202,10,11
2023020950,2024-02-29,PIT,SEA,401560178,5.75,5.988326826979148,0.5108342361863489,10,11
2023020951,2024-02-29,LAK,VAN,401560177,6.0,6.220745811437396,0.5755517826825127,10,11
2023020952,2024-02-29,ANA,SJS,401560179,6.0,6.076993624926141,0.447405997144217,10,11
2023020953,2024-03-01,ARI,OTT,401560180,6.5,6.810830520270558,0.6339496215411342,10,11
2023020954,2024-03-01,PHI,WSH,401560181,5.75,6.076140858606643,0.4333996023856858,10,11
2023020955,2024-03-01,NJD,ANA,401560182,6.5,6.810830520270558,0.2769230769230769,10,11
2023020956,2024-03-02,WPG,CAR,401560183,5.5,5.541969544751927,0.6000000000000001,10,11
2023020957,2024-03-02,BOS,NYI,401560184,5.5,5.816249382276664,0.4572564612326044,10,11
2023020958,2024-03-02,EDM,SEA,401560185,6.5,6.565225219618447,0.4009077155824508,10,11
2023020959,2024-03-02,COL,NSH,401560193,6.5,6.565225219618447,0.4565217391304348,10,11
2023020960,2024-03-02,VGK,BUF,401560186,6.0,6.220745811437396,0.4895833333333333,10,11
2023020961,2024-03-02,FLA,DET,401560188,6.5,6.600033200170701,0.3907637655417407,10,11
2023020962,2024-03-02,OTT,PHI,401560190,6.5,6.810830520270558,0.5510204081632654,10,11
2023020963,2024-03-02,MTL,TBL,401560189,6.5,6.739730786233835,0.7011952191235059,10,11
2023020964,2024-03-02,NYR,TOR,401560187,6.5,6.5304172390661925,0.5324675324675325,10,11
2023020965,2024-03-02,CBJ,CHI,401560191,6.0,6.279287835235783,0.4183673469387755,10,11
2023020966,2024-03-02,SJS,DAL,401560194,6.5,6.565225219618447,0.8291571753986332,10,11
2023020967,2024-03-02,MIN,STL,401560192,6.0,6.220745811437396,0.4572564612326044,10,11
2023020968,2024-03-02,PIT,CGY,401560195,6.0,6.076993624926141,0.5333333333333333,10,11
2023020969,2024-03-03,ARI,WSH,401560196,6.0,6.112148500289253,0.5597945707997064,10,11
2023020970,2024-03-03,NJD,LAK,401560197,6.5,6.600033200170701,0.5333333333333333,10,11
2023020971,2024-03-03,WPG,BUF,401560198,6.0,6.105680092076099,0.4782608695652174,10,11
2023020972,2024-03-03,SJS,MIN,401560199,6.0,6.279287835235783,0.7513701376821281,10,11
2023020973,2024-03-03,VAN,ANA,401560200,6.5,6.600033200170701,0.2917108652826186,10,11
2023020974,2024-03-03,PIT,EDM,401560201,6.5,6.600033200170701,0.6301020408163265,10,11
2023020975,2024-03-04,VGK,CBJ,401560205,6.5,6.739730786233835,0.3492957746478873,10,11
2023020976,2024-03-04,FLA,NYR,401560203,5.75,5.956859835594401,0.4637964774951076,10,11
2023020977,2024-03-04,STL,PHI,401560204,6.0,5.998312594372643,0.5755517826825127,10,11
2023020978,2024-03-04,BOS,TOR,401560202,6.5,6.397385381191386,0.5427435387673957,10,11
2023020979,2024-03-04,CHI,COL,401560206,6.0,6.337363215431228,0.7826086956521738,10,11
2023020980,2024-03-04,SEA,CGY,401560207,5.5,5.743143583722788,0.5493838513886334,10,11
2023020981,2024-03-05,EDM,BOS,401560208,6.0,6.279287835235783,0.4402054292002935,10,11
2023020982,2024-03-05,FLA,NJD,401560209,6.5,6.739730786233835,0.4675324675324676,10,11
2023020983,2024-03-05,CBJ,PIT,401560210,6.5,6.739730786233835,0.6853932584269663,10,11
2023020984,2024-03-05,STL,NYI,401560211,6.0,6.163019995636351,0.6335078534031413,10,11
2023020985,2024-03-05,MTL,NSH,401560212,6.0,6.308633353572112,0.6774193548387097,10,11
2023020986,2024-03-05,SEA,WPG,401560213,5.5,5.606051679360132,0.6139881521115995,10,11
2023020987,2024-03-05,CHI,ARI,401560214,6.0,6.220745811437396,0.7031009456784693,10,11
2023020988,2024-03-05,VAN,LAK,401560215,6.0,5.988326826979148,0.4891657638136511,10,11
2023020989,2024-03-05,DAL,SJS,401560216,6.0,6.220745811437396,0.2192066805845511,10,11
2023020990,2024-03-06,BUF,TOR,401560217,6.5,6.739730786233835,0.6301020408163265,10,11
2023020991,2024-03-06,DET,COL,401560218,6.5,6.739730786233835,0.6428571428571429,10,11
2023020992,2024-03-06,OTT,ANA,401560219,6.5,6.5304172390661925,0.3571428571428572,10,11
2023020993,2024-03-07,TOR,BOS,401560220,6.0,6.163019995636351,0.5711159737417943,10,11
2023020994,2024-03-07,MTL,CAR,401560225,6.0,6.279287835235783,0.7508591065292097,10,11
2023020995,2024-03-07,EDM,CBJ,401560226,6.75,6.947831962309846,0.2808599167822468,10,11
2023020996,2024-03-07,PHI,FLA,401560222,6.0,6.220745811437396,0.700162074554295,10,11
2023020997,2024-03-07,STL,NJD,401560223,6.5,6.669637074549774,0.6135721017907635,10,11
2023020998,2024-03-07,WSH,PIT,401560224,6.0,6.076707760312221,0.6092362344582594,10,11
2023020999,2024-03-07,CGY,TBL,401560221,6.5,6.600033200170701,0.5858585858585859,10,11
2023021000,2024-03-07,BUF,NSH,401560227,6.5,6.5304172390661925,0.6210720887245841,10,11
2023021001,2024-03-07,MIN,ARI,401560228,6.0,6.393484445664717,0.4288840262582056,10,11
2023021002,2024-03-07,VAN,VGK,401560229,6.0,6.163019995636351,0.5108342361863489,10,11
2023021003,2024-03-07,OTT,LAK,401560230,6.0,6.220745811437396,0.6518218623481782,10,11
2023021004,2024-03-07,NYI,SJS,401560231,6.0,6.163019995636351,0.2650822669104204,10,11
2023021005,2024-03-08,DET,ARI,401560233,6.5,6.669637074549774,0.4343971631205673,10,11
2023021006,2024-03-08,MIN,COL,401560232,6.5,6.91545592371151,0.6905154153918569,10,11
2023021007,2024-03-08,DAL,ANA,401560234,6.0,6.224586896759566,0.2508802816901408,10,11
2023021008,2024-03-08,WPG,SEA,401560235,5.5,5.7347601775545805,0.4656565656565656,9,10
2023021009,2024-03-09,EDM,BUF,401560236,6.5,6.5304172390661925,0.3660174613834788,10,11
2023021010,2024-03-09,NSH,CBJ,401560238,6.5,6.846101032688783,0.4009077155824508,10,11
2023021011,2024-03-09,CAR,NJD,401560237,6.5,6.462310215319599,0.4201680672268907,10,11
2023021012,2024-03-09,PIT,BOS,401560239,6.0,5.988326826979148,0.6465222348916762,10,11
2023021013,2024-03-09,CGY,FLA,401560240,6.0,6.221153915436067,0.6731791409280276,10,11
2023021014,2024-03-09,TOR,MTL,401560241,6.5,6.739730786233835,0.3736654804270462,10,11
2023021015,2024-03-09,OTT,SJS,401560244,6.5,6.739730786233835,0.329512893982808,10,11
2023021016,2024-03-09,PHI,TBL,401560242,6.5,6.5304172390661925,0.5711159737417943,10,11
2023021017,2024-03-09,CHI,WSH,401560243,5.5,5.834913688900608,0.6763137852246762,10,11
2023021018,2024-03-09,STL,NYR,401560245,6.0,5.971313034188832,0.6756756756756758,10,11
2023021019,2024-03-09,WPG,VAN,401560246,5.5,5.800324999938054,0.5711159737417943,10,11
2023021020,2024-03-09,DET,VGK,401560247,6.5,6.5304172390661925,0.6507042253521127,10,11
2023021021,2024-03-09,DAL,LAK,401560248,6.0,6.048307157776183,0.5039393342525114,10,11
2023021022,2024-03-10,EDM,PIT,401560249,6.5,6.5304172390661925,0.3952569169960475,10,11
2023021023,2024-03-10,NSH,MIN,401560250,5.75,5.960248223009123,0.5493838513886334,10,11
2023021024,2024-03-10,CGY,CAR,401560251,6.5,6.4298477982554925,0.6719545632589111,10,11
2023021025,2024-03-10,ARI,CHI,401560252,5.75,6.076980306336606,0.3500681270307096,10,11
2023021026,2024-03-10,NYI,ANA,401560253,6.5,6.5304172390661925,0.3289473684210526,8,11
2023021027,2024-03-11,STL,BOS,401560254,5.5,5.86541251341262,0.7046979865771812,9,11
2023021028,2024-03-11,NJD,NYR,401560255,6.5,6.739730786233835,0.5725646123260437,8,11
2023021029,2024-03-11,WSH,WPG,401560256,5.5,5.800324999938054,0.6756756756756758,9,11
2023021030,2024-03-11,NYI,LAK,401560257,6.0,5.992149949836133,0.5711159737417943,9,11
2023021031,2024-03-12,DET,BUF,401560258,6.5,6.462310215319599,0.5408163265306122,11,11
2023021032,2024-03-12,NYR,CAR,401560262,5.5,5.817660825944207,0.6168017686072218,11,11
2023021033,2024-03-12,CBJ,MTL,401560259,6.5,6.810830520270558,0.5226164254247954,11,11
2023021034,2024-03-12,PIT,OTT,401560260,6.5,6.600033200170701,0.4773835745752045,11,11
2023021035,2024-03-12,SJS,PHI,401560261,6.0,6.163019995636351,0.7609868928296067,11,11
2023021036,2024-03-12,FLA,DAL,401560263,6.0,6.220745811437396,0.5108342361863489,11,11
2023021037,2024-03-12,ARI,MIN,401560264,6.5,6.600033200170701,0.6538461538461539,11,11
2023021038,2024-03-12,ANA,CHI,401560265,6.0,6.024318729594159,0.5401900804186387,11,11
2023021039,2024-03-12,COL,CGY,401560266,6.5,6.810830520270558,0.3820744470143246,11,11
2023021040,2024-03-12,VGK,SEA,401560267,6.0,6.025518919751832,0.4088050314465409,11,11
2023021041,2024-03-13,LAK,STL,401560268,5.5,5.7347601775545805,0.4088050314465409,10,11
2023021042,2024-03-13,NSH,WPG,401560269,5.5,5.7347601775545805,0.5711159737417943,10,11
2023021043,2024-03-13,WSH,EDM,401560270,6.5,6.5304172390661925,0.7378240377062057,9,10
2023021044,2024-03-13,COL,VAN,401560271,6.5,6.91545592371151,0.5263157894736842,10,11
2023021045,2024-03-14,NYI,BUF,401560272,5.75,5.9492726615152,0.4929006085192697,10,11
2023021046,2024-03-14,FLA,CAR,401560278,5.5,5.800324999938054,0.5356415478615071,10,11
2023021047,2024-03-14,OTT,CBJ,401560279,6.5,6.895562922076373,0.4675324675324676,10,11
2023021048,2024-03-14,ARI,DET,401560274,6.5,6.810830520270558,0.5857988165680473,10,11
2023021049,2024-03-14,BOS,MTL,401560273,5.75,6.018784439676559,0.3243243243243243,10,11
2023021050,2024-03-14,TOR,PHI,401560276,6.0,6.279287835235783,0.4842105263157894,10,11
2023021051,2024-03-14,SJS,PIT,401560277,6.0,6.220745811437396,0.745958429561201,10,11
2023021052,2024-03-14,NYR,TBL,401560275,6.0,6.028258636016107,0.5,10,11
2023021053,2024-03-14,NJD,DAL,401560280,6.5,6.739730786233835,0.6425352958846501,10,11
2023021054,2024-03-14,ANA,MIN,401560281,6.0,6.279287835235783,0.7191400832177531,10,11
2023021055,2024-03-14,VGK,CGY,401560282,6.5,6.810830520270558,0.3909774436090226,10,11
2023021056,2024-03-14,WSH,SEA,401560283,5.5,5.670161188712068,0.6154910096818811,10,11
2023021057,2024-03-15,ANA,WPG,401560284,5.5,5.86541251341262,0.8048780487804877,10,11
2023021058,2024-03-15,LAK,CHI,401560285,5.75,5.9425162301081045,0.2902692134155512,10,11
2023021059,2024-03-16,BUF,DET,401560286,6.0,6.279287835235783,0.46875,10,11
2023021060,2024-03-16,OTT,NYI,401560287,6.0,6.220745811437396,0.6067006554989075,10,11
2023021061,2024-03-16,NYR,PIT,401560288,5.5,5.800324999938054,0.4782608695652174,10,11
2023021062,2024-03-16,NJD,ARI,401560289,6.5,6.600033200170701,0.4081632653061224,10,11
2023021063,2024-03-16,TBL,FLA,401560290,6.0,6.337363215431228,0.6000000000000001,10,11
2023021064,2024-03-16,PHI,BOS,401560291,5.5,5.7347601775545805,0.644729178800233,10,11
2023021065,2024-03-16,SJS,CBJ,401560293,6.5,6.669637074549774,0.6567637727141621,10,11
2023021066,2024-03-16,MTL,CGY,401560294,6.0,6.392571597640143,0.6068241184153244,10,11
2023021067,2024-03-16,CAR,TOR,401560292,6.0,6.3083255253335055,0.4329896907216495,10,11
2023021068,2024-03-16,LAK,DAL,401560296,6.0,6.076707760312221,0.609709662065683,10,11
2023021069,2024-03-16,MIN,STL,401560295,5.5,5.7347601775545805,0.4551609990972012,10,11
2023021070,2024-03-16,COL,EDM,401560297,6.75,6.978485545438729,0.5463917525773196,10,11
2023021071,2024-03-16,NSH,SEA,401560299,5.5,5.670161188712068,0.4675324675324676,10,11
2023021072,2024-03-16,WSH,VAN,401560298,6.0,6.0844094824875326,0.6731791409280276,10,11
2023021073,2024-03-17,NYI,NYR,401560300,5.5,5.764886047347295,0.5902439024390244,10,11
2023021074,2024-03-17,NJD,VGK,401560301,6.5,6.810830520270558,0.6339496215411342,10,11
2023021075,2024-03-17,WPG,CBJ,401560304,6.0,6.279287835235783,0.311111111111111,10,11
2023021076,2024-03-17,SJS,CHI,401560305,6.0,6.105680092076099,0.6210720887245841,10,11
2023021077,2024-03-17,CAR,OTT,401560302,6.0,6.220745811437396,0.3326102675343456,10,11
2023021078,2024-03-17,DET,PIT,401560303,6.5,6.5304172390661925,0.5582520712662218,10,11
2023021079,2024-03-17,ANA,STL,401560306,5.75,5.972657802355472,0.6731791409280276,10,11
2023021080,2024-03-18,WSH,CGY,401560308,6.0,6.048307157776183,0.552594002855783,10,11
2023021081,2024-03-18,BUF,SEA,401560309,5.5,5.7347601775545805,0.5108342361863489,10,11
2023021082,2024-03-19,OTT,BOS,401560310,6.0,6.105680092076099,0.6690070210631895,10,11
2023021083,2024-03-19,CBJ,DET,401560311,6.5,6.881371545107008,0.6092362344582594,10,11
2023021084,2024-03-19,PIT,NJD,401560312,6.5,6.600033200170701,0.4891657638136511,10,11
2023021085,2024-03-19,WPG,NYR,401560313,5.5,5.670161188712068,0.5324675324675325,10,11
2023021086,2024-03-19,TOR,PHI,401560314,6.5,6.5304172390661925,0.447405997144217,10,11
2023021087,2024-03-19,CAR,NYI,401560315,5.75,5.988326826979148,0.4142011834319526,10,11
2023021088,2024-03-19,SJS,NSH,401560317,6.0,6.163019995636351,0.8116710875331565,10,11
2023021089,2024-03-19,COL,STL,401560316,6.5,6.669637074549774,0.3339244613817303,10,11
2023021090,2024-03-19,MTL,EDM,401560318,6.5,6.600033200170701,0.7723292469352013,10,11
2023021091,2024-03-19,MIN,ANA,401560321,5.5,5.800324999938054,0.3236862147753236,10,11
2023021092,2024-03-19,CHI,LAK,401560322,5.5,5.800324999938054,0.7627118644067796,10,11
2023021093,2024-03-19,BUF,VAN,401560319,6.0,6.220745811437396,0.6518218623481782,10,11
2023021094,2024-03-19,TBL,VGK,401560320,6.5,6.600033200170701,0.552594002855783,10,11
2023021095,2024-03-20,TOR,WSH,401560323,6.0,6.105680092076099,0.447405997144217,10,11
2023021096,2024-03-20,ARI,DAL,401560307,6.5,6.496363727192896,0.725752508361204,10,11
2023021097,2024-03-20,MIN,LAK,401560324,5.5,5.702460683133324,0.5829926410466066,10,11
2023021098,2024-03-21,NYR,BOS,401560325,5.75,5.988326826979148,0.5829926410466066,10,11
2023021099,2024-03-21,PHI,CAR,401560330,6.0,6.220745811437396,0.7031009456784693,10,11
2023021100,2024-03-21,NYI,DET,401560327,6.5,6.5304172390661925,0.4948453608247422,10,11
2023021101,2024-03-21,NSH,FLA,401560328,6.0,6.420632212756887,0.607843137254902,10,11
2023021102,2024-03-21,WPG,NJD,401560329,6.0,6.220745811437396,0.4572564612326044,10,11
2023021103,2024-03-21,STL,OTT,401560326,6.5,6.600033200170701,0.5427435387673957,10,11
2023021104,2024-03-21,BUF,EDM,401560331,6.0,6.3083255253335055,0.6858288770053477,10,11
2023021105,2024-03-21,CHI,ANA,401560334,6.0,6.220745811437396,0.5275558004960044,9,10
2023021106,2024-03-21,MTL,VAN,401560332,6.5,6.462310215319599,0.7099697885196374,10,11
2023021107,2024-03-21,SEA,VGK,401560333,5.75,5.999281301228088,0.6548701654431905,10,11
2023021108,2024-03-21,TBL,SJS,401560335,6.5,6.600033200170701,0.2253521126760563,10,11
2023021109,2024-03-22,CAR,WSH,401560336,5.75,6.017013294129106,0.3589068159367797,10,11
2023021110,2024-03-22,PIT,DAL,401560337,6.5,6.600033200170701,0.6452145214521452,10,11
2023021111,2024-03-22,CBJ,COL,401560338,6.75,7.132267797047017,0.7894736842105263,10,11
2023021112,2024-03-22,SEA,ARI,401560339,5.5,5.800324999938054,0.5,10,11
2023021113,2024-03-23,WPG,NYI,401560340,5.5,5.670161188712068,0.4402054292002935,10,11
2023021114,2024-03-23,BOS,PHI,401560341,6.0,6.07346185787551,0.4417479287337781,10,11
2023021115,2024-03-23,STL,MIN,401560342,5.5,5.808992912941131,0.5829926410466066,10,11
2023021116,2024-03-23,DET,NSH,401560343,6.5,6.739730786233835,0.60577424778248,10,11
2023021117,2024-03-23,OTT,NJD,401560345,6.5,6.810830520270558,0.5911949685534592,10,11
2023021118,2024-03-23,EDM,TOR,401560344,6.5,6.739730786233835,0.437956204379562,10,11
2023021119,2024-03-23,FLA,NYR,401560346,6.0,6.026999061522601,0.519650655021834,10,11
2023021120,2024-03-23,CGY,VAN,401560347,6.0,6.279287835235783,0.6187290969899665,10,11
2023021121,2024-03-23,TBL,LAK,401560349,6.0,5.9608046385747295,0.5427435387673957,10,11
2023021122,2024-03-23,CHI,SJS,401560350,6.0,6.163019995636351,0.4718875502008032,10,11
2023021123,2024-03-23,CBJ,VGK,401560348,6.5,6.739730786233835,0.7842323651452282,10,11
2023021124,2024-03-24,WPG,WSH,401560351,5.5,5.767542588746317,0.4330294530154278,10,11
2023021125,2024-03-24,PIT,COL,401560352,6.5,6.982513700747448,0.7046979865771812,10,11
2023021126,2024-03-24,NJD,NYI,401560353,6.5,6.600033200170701,0.5677290836653387,10,11
2023021127,2024-03-24,TOR,CAR,401560356,6.5,6.5304172390661925,0.6400663035756572,10,11
2023021128,2024-03-24,EDM,OTT,401560354,6.5,6.929647300680875,0.355270821199767,10,11
2023021129,2024-03-24,FLA,PHI,401560355,5.75,6.025929173458646,0.4094488188976378,10,11
2023021130,2024-03-24,DAL,ARI,401560357,6.5,6.669637074549774,0.3339244613817303,10,11
2023021131,2024-03-24,TBL,ANA,401560358,6.5,6.669637074549774,0.3290164508225411,10,11
2023021132,2024-03-24,BUF,CGY,401560359,6.0,6.279287835235783,0.4436229205175601,10,11
2023021133,2024-03-24,MTL,SEA,401560360,5.5,5.7347601775545805,0.5911949685534592,10,11
2023021134,2024-03-25,VGK,STL,401560361,6.0,6.279287835235783,0.4170073589533932,10,11
2023021135,2024-03-25,LAK,VAN,401560362,5.5,5.565769978016943,0.5434782608695652,10,11
2023021136,2024-03-26,BOS,FLA,401560364,6.0,5.988326826979148,0.5624310915104742,10,11
2023021137,2024-03-26,PHI,NYR,401560365,5.5,5.800324999938054,0.6326530612244898,10,11
2023021138,2024-03-26,CAR,PIT,401560366,6.0,6.3083255253335055,0.3700440528634361,10,11
2023021139,2024-03-26,NJD,TOR,401560363,6.5,6.634835137360238,0.5858585858585859,10,11
2023021140,2024-03-26,DET,WSH,401560367,6.0,6.220745811437396,0.5416666666666666,10,11
2023021141,2024-03-26,VGK,NSH,401560368,6.0,6.279287835235783,0.5755517826825127,10,11
2023021142,2024-03-26,EDM,WPG,401560369,6.0,6.220745811437396,0.447405997144217,10,11
2023021143,2024-03-26,CGY,CHI,401560370,6.0,6.25001682333659,0.3907637655417407,10,11
2023021144,2024-03-26,MTL,COL,401560371,6.5,6.739730786233835,0.7999999999999999,10,11
2023021145,2024-03-26,CBJ,ARI,401560372,6.5,6.739730786233835,0.6028037383177569,10,11
2023021146,2024-03-26,ANA,SEA,401560373,5.5,5.7347601775545805,0.6517385257301808,10,11
2023021147,2024-03-26,DAL,SJS,401560374,6.5,6.462310215319599,0.1951219512195121,10,11
2023021148,2024-03-27,OTT,BUF,401560375,6.5,6.397385381191386,0.5624310915104742,10,11
2023021149,2024-03-27,BOS,TBL,401560376,6.0,6.163019995636351,0.5108342361863489,10,11
2023021150,2024-03-28,DET,CAR,401560382,6.0,6.3654238305479725,0.6990931574608409,10,11
2023021151,2024-03-28,NYI,FLA,401560380,6.0,6.220745811437396,0.6339496215411342,10,11
2023021152,2024-03-28,PHI,MTL,401560378,5.75,6.070136551515253,0.4009077155824508,10,11
2023021153,2024-03-28,CHI,OTT,401560379,6.5,6.5304172390661925,0.6264073694984648,10,11
2023021154,2024-03-28,CBJ,PIT,401560381,6.5,6.846101032688783,0.6862745098039216,10,11
2023021155,2024-03-28,WSH,TOR,401560377,6.5,6.4298477982554925,0.627906976744186,10,11
2023021156,2024-03-28,SJS,MIN,401560384,6.0,6.220745811437396,0.7723292469352013,10,11
2023021157,2024-03-28,CGY,STL,401560383,6.0,6.220745811437396,0.5226164254247954,10,11
2023021158,2024-03-28,VGK,WPG,401560385,5.5,5.800324999938054,0.5217391304347826,10,11
2023021159,2024-03-28,NYR,COL,401560386,6.5,6.5304172390661925,0.5711159737417943,10,11
2023021160,2024-03-28,LAK,EDM,401560387,6.0,6.33638614045025,0.5934708962118879,10,11
2023021161,2024-03-28,NSH,ARI,401560389,6.0,6.163019995636351,0.41,10,11
2023021162,2024-03-28,ANA,SEA,401560390,5.5,5.7347601775545805,0.6596858638743455,10,11
2023021163,2024-03-28,DAL,VAN,401560388,6.0,6.220745811437396,0.4646464646464646,10,11
2023021164,2024-03-29,NJD,BUF,401560391,6.5,6.810830520270558,0.4402054292002935,10,11
2023021165,2024-03-30,DET,FLA,401560392,6.0,6.279287835235783,0.6844631073785243,10,11
2023021166,2024-03-30,VGK,MIN,401560393,5.5,5.800324999938054,0.4742268041237113,10,11
2023021167,2024-03-30,ANA,EDM,401560394,6.5,6.600033200170701,0.8291571753986332,10,11
2023021168,2024-03-30,NYR,ARI,401560396,6.0,6.163019995636351,0.3698979591836733,10,11
2023021169,2024-03-30,NSH,COL,401560395,6.5,6.600033200170701,0.6226415094339622,10,11
2023021170,2024-03-30,TOR,BUF,401560397,6.5,6.669637074549774,0.4135188866799205,10,11
2023021171,2024-03-30,PIT,CBJ,401560402,6.5,6.739730786233835,0.3820744470143246,10,11
2023021172,2024-03-30,CAR,MTL,401560398,5.75,6.039090148475315,0.2888888888888888,10,11
2023021173,2024-03-30,CHI,PHI,401560400,6.0,6.447779979849058,0.7388059701492536,10,11
2023021174,2024-03-30,NYI,TBL,401560399,6.0,6.279287835235783,0.5829926410466066,10,11
2023021175,2024-03-30,OTT,WPG,401560403,6.0,6.163019995636351,0.6489208633093525,10,11
2023021176,2024-03-30,BOS,WSH,401560401,5.5,5.6381064340361,0.4009077155824508,10,11
2023021177,2024-03-30,SJS,STL,401560404,6.0,6.048021293162263,0.7548387096774194,10,11
2023021178,2024-03-30,LAK,CGY,401560405,5.5,5.800324999938054,0.398633257403189,10,11
2023021179,2024-03-30,DAL,SEA,401560406,6.0,6.028258636016107,0.392156862745098,10,11
2023021180,2024-03-31,ANA,VAN,401560407,6.0,6.279287835235783,0.8161764705882353,10,10
2023021181,2024-04-01,COL,CBJ,401560412,6.5,6.995953393081564,0.2486298623178719,10,11
2023021182,2024-04-01,PIT,NYR,401560410,6.0,6.220745811437396,0.6365876193409301,10,11
2023021183,2024-04-01,NYI,PHI,401560411,5.5,5.86541251341262,0.5324675324675325,10,11
2023021184,2024-04-01,DET,TBL,401560409,6.5,6.600033200170701,0.6206896551724138,10,11
2023021185,2024-04-01,FLA,TOR,401560408,6.0,6.279287835235783,0.447405997144217,10,11
2023021186,2024-04-01,EDM,STL,401560413,6.5,6.496363727192896,0.3547854785478547,10,11
2023021187,2024-04-01,LAK,WPG,401560414,5.5,5.606051679360132,0.5217391304347826,10,11
2023021188,2024-04-01,SEA,SJS,401560415,5.5,5.606051679360132,0.3225806451612902,10,11
2023021189,2024-04-02,WSH,BUF,401560416,6.0,6.191882903536873,0.5597945707997064,10,11
2023021190,2024-04-02,FLA,MTL,401560417,5.5,5.670161188712068,0.3595890410958904,10,11
2023021191,2024-04-02,PIT,NJD,401560418,6.5,6.600033200170701,0.6047430830039524,10,11
2023021192,2024-04-02,CHI,NYI,401560419,5.5,5.816438556526069,0.6884521306269579,10,11
2023021193,2024-04-02,OTT,MIN,401560421,6.0,6.337363215431228,0.5624310915104742,11,11
2023021194,2024-04-02,BOS,NSH,401560420,5.5,5.800324999938054,0.5,10,11
2023021195,2024-04-02,ANA,CGY,401560422,6.0,6.220745811437396,0.7,10,11
2023021196,2024-04-02,VAN,VGK,401560423,5.5,5.7347601775545805,0.5427435387673957,10,11
2023021197,2024-04-03,TBL,TOR,401560424,6.5,6.53117170774515,0.5,10,11
2023021198,2024-04-03,NJD,NYR,401560425,6.5,6.600033200170701,0.6594427244582043,10,11
2023021199,2024-04-03,EDM,DAL,401560426,6.5,6.669637074549774,0.5401900804186387,10,11
2023021200,2024-04-03,VAN,ARI,401560427,6.0,6.393484445664717,0.4244482173174872,10,11
2023021201,2024-04-03,SEA,LAK,401560428,5.5,5.582459498510101,0.6383515559293524,10,11
2023021202,2024-04-04,BOS,CAR,401560432,5.5,5.7347601775545805,0.595959595959596,10,11
2023021203,2024-04-04,NYI,CBJ,401560433,6.0,6.279287835235783,0.3451298345568094,10,11
2023021204,2024-04-04,TBL,MTL,401560429,6.5,6.565225219618447,0.4170073589533932,10,11
2023021205,2024-04-04,FLA,OTT,401560430,6.5,6.496363727192896,0.4170073589533932,10,11
2023021206,2024-04-04,PIT,WSH,401560431,6.0,6.025929173458646,0.4891657638136511,10,11
2023021207,2024-04-04,COL,MIN,401560435,6.0,6.33638614045025,0.3931758815846756,10,11
2023021208,2024-04-04,STL,NSH,401560434,6.0,6.105680092076099,0.6385542168674698,10,11
2023021209,2024-04-04,CGY,WPG,401560436,6.0,6.105680092076099,0.6586854460093896,9,10
2023021210,2024-04-04,LAK,SJS,401560437,5.5,5.65098375245526,0.2568807339449541,10,11
2023021211,2024-04-05,PHI,BUF,401560438,6.0,6.220745811437396,0.520408163265306,10,11
2023021212,2024-04-05,WSH,CAR,401560440,5.75,5.960248223009123,0.7131147540983607,10,11
2023021213,2024-04-05,NYR,DET,401560439,6.0,6.25001682333659,0.4565217391304348,10,11
2023021214,2024-04-05,COL,EDM,401560441,6.5,6.949540302316011,0.5597945707997064,10,11
2023021215,2024-04-05,SEA,ANA,401560443,5.5,5.670161188712068,0.3880368503022464,10,11
2023021216,2024-04-05,VGK,ARI,401560442,6.0,6.337363215431228,0.374205267938238,10,11
2023021217,2024-04-06,TBL,PIT,401560444,6.0,6.447779979849058,0.4891657638136511,10,11
2023021218,2024-04-06,FLA,BOS,401560445,5.5,5.7347601775545805,0.5217391304347826,10,11
2023021219,2024-04-06,WPG,MIN,401560446,5.5,5.743143583722788,0.4343971631205673,10,11
2023021220,2024-04-06,DAL,CHI,401560447,5.75,6.029422873475455,0.247456437843527,10,11
2023021221,2024-04-06,STL,SJS,401560448,6.0,6.105680092076099,0.3268208590719724,10,11
2023021222,2024-04-06,PHI,CBJ,401560451,6.5,6.5304172390661925,0.3880368503022464,10,11
2023021223,2024-04-06,TOR,MTL,401560449,6.5,6.600033200170701,0.3534777651083238,10,11
2023021224,2024-04-06,NJD,OTT,401560450,6.5,6.600033200170701,0.447405997144217,10,11
2023021225,2024-04-06,NSH,NYI,401560452,6.0,6.462310215319599,0.5,10,11
2023021226,2024-04-06,EDM,CGY,401560453,6.5,6.775280653252197,0.3931758815846756,10,11
2023021227,2024-04-06,VAN,LAK,401560454,5.5,5.670161188712068,0.5217391304347826,10,11
2023021228,2024-04-07,BUF,DET,401560455,6.5,6.634835137360238,0.5324675324675325,10,11
2023021229,2024-04-07,MIN,CHI,401560456,6.0,6.105680092076099,0.3371924138683577,11,10
2023021230,2024-04-07,CBJ,CAR,401560457,6.0,6.393484445664717,0.8383985320320188,9,10
2023021231,2024-04-07,ARI,SJS,401560459,6.0,6.134350043856225,0.3333333333333333,10,11
2023021232,2024-04-07,OTT,WSH,401560458,6.0,6.163019995636351,0.574468085106383,11,11
2023021233,2024-04-07,NSH,NJD,401560460,6.5,6.600033200170701,0.4598099195813613,11,11
2023021234,2024-04-07,MTL,NYR,401560461,6.0,6.220745811437396,0.7817193156592762,11,10
2023021235,2024-04-07,STL,ANA,401560462,5.75,5.933627740629144,0.4144713099963911,10,10
2023021236,2024-04-07,DAL,COL,401560463,6.5,6.600033200170701,0.5427435387673957,10,11
2023021237,2024-04-08,PIT,TOR,401560464,6.5,6.669637074549774,0.5670103092783505,9,11
2023021238,2024-04-08,VGK,VAN,401560465,6.0,6.163019995636351,0.5244661074492398,11,10
2023021239,2024-04-09,CAR,BOS,401560466,5.5,5.670161188712068,0.4782608695652174,11,9
2023021240,2024-04-09,WSH,DET,401560468,6.0,6.279287835235783,0.5945945945945946,10,11
2023021241,2024-04-09,OTT,FLA,401560470,6.0,6.3083255253335055,0.6962062171810233,10,10
2023021242,2024-04-09,PHI,MTL,401560467,6.0,6.105680092076099,0.436175758592589,11,10
2023021243,2024-04-09,TOR,NJD,401560471,6.5,6.669637074549774,0.4459252207943308,10,10
2023021244,2024-04-09,NYR,NYI,401560472,5.5,5.800324999938054,0.4598099195813613,10,11
2023021245,2024-04-09,CBJ,TBL,401560469,6.5,6.881371545107008,0.7694620781824257,11,11
2023021246,2024-04-09,BUF,DAL,401560474,6.0,6.279287835235783,0.6739130434782609,10,9
2023021247,2024-04-09,WPG,NSH,401560473,5.5,5.896879504797367,0.5,10,11
2023021248,2024-04-09,MIN,COL,401560475,6.5,6.739730786233835,0.6533139111434814,10,11
2023021249,2024-04-09,LAK,ANA,401560476,5.5,5.800324999938054,0.2623679696668773,9,8
2023021250,2024-04-09,ARI,SEA,401560477,6.0,6.122870703954322,0.5724565905782419,10,10
2023021251,2024-04-09,CGY,SJS,401560478,6.0,6.220745811437396,0.3225806451612902,11,11
2023021252,2024-04-10,CHI,STL,401560479,5.5,5.7347601775545805,0.6951219512195123,11,9
2023021253,2024-04-10,VGK,EDM,401560480,6.0,6.220745811437396,0.5010460251046025,10,10
2023021254,2024-04-10,ARI,VAN,401560481,6.0,6.291024558447828,0.7139103780470005,10,9
2023021255,2024-04-11,WSH,BUF,401560482,6.0,5.992149949836133,0.5567010309278351,11,11
2023021256,2024-04-11,CBJ,FLA,401560485,6.5,6.462310215319599,0.7898852971845672,11,11
2023021257,2024-04-11,PHI,NYR,401560486,6.0,6.279287835235783,0.6545793545007876,10,8
2023021258,2024-04-11,DET,PIT,401560487,6.0,6.393484445664717,0.5906109223109145,9,11
2023021259,2024-04-11,OTT,TBL,401560484,6.5,6.881371545107008,0.6126760563380281,11,11
2023021260,2024-04-11,NJD,TOR,401560483,6.5,6.634835137360238,0.643793160828688,8,10
2023021261,2024-04-11,MTL,NYI,401560488,6.0,6.163019995636351,0.6731791409280276,10,11
2023021262,2024-04-11,WPG,DAL,401560489,6.0,6.048307157776183,0.6301020408163265,9,9
2023021263,2024-04-11,SJS,SEA,401560490,5.5,5.800324999938054,0.7312259306803595,11,10
2023021264,2024-04-11,CGY,LAK,401560491,6.0,6.025518919751832,0.6428734078799042,11,8
2023021265,2024-04-12,CAR,STL,401560492,6.0,5.980738633812532,0.329512893982808,11,9
2023021266,2024-04-12,NSH,CHI,401560493,6.0,6.393484445664717,0.2961005338721747,10,10
2023021267,2024-04-12,ARI,EDM,401560494,6.5,6.697587338647162,0.7036124912300799,9,11
2023021268,2024-04-12,CGY,ANA,401560496,6.0,6.279287835235783,0.437956204379562,11,9
2023021269,2024-04-12,MIN,VGK,401560495,6.0,6.048307157776183,0.6227538965551475,11,11
2023021270,2024-04-13,NYI,NYR,401560497,5.5,5.869775920378867,0.6120464549617118,10,10
2023021271,2024-04-13,SEA,DAL,401560498,6.0,5.992149949836133,0.6984074717116685,9,9
2023021272,2024-04-13,WPG,COL,401560499,6.5,6.600033200170701,0.5829926410466066,11,8
2023021273,2024-04-13,BUF,FLA,401560500,5.5,5.800324999938054,0.6586217846935536,10,11
2023021274,2024-04-13,NJD,PHI,401560501,6.5,6.600033200170701,0.5427435387673957,10,10
2023021275,2024-04-13,TBL,WSH,401560502,6.0,6.279287835235783,0.4343971631205673,11,11
2023021276,2024-04-13,MTL,OTT,401560504,6.0,6.220745811437396,0.5990922844175491,10,9
2023021277,2024-04-13,DET,TOR,401560503,6.5,6.846101032688783,0.6135721017907635,10,11
2023021278,2024-04-13,CBJ,NSH,401560506,6.5,6.5304172390661925,0.725327386600873,10,10
2023021279,2024-04-13,BOS,PIT,401560505,6.0,5.996996458840901,0.4536082474226804,10,9
2023021280,2024-04-13,VAN,EDM,401560507,6.0,6.393484445664717,0.5108342361863489,9,9
2023021281,2024-04-13,ANA,LAK,401560508,5.5,5.9283464961821135,0.7846913580246914,9,9
2023021282,2024-04-13,MIN,SJS,401560509,6.0,6.105680092076099,0.3365191495255904,11,8
2023021283,2024-04-14,SEA,STL,401560510,5.5,5.86541251341262,0.5440990421109706,11,8
2023021284,2024-04-14,COL,VGK,401560511,6.5,6.810830520270558,0.5,11,9
2023021285,2024-04-14,CAR,CHI,401560512,5.5,5.9283464961821135,0.2138009049773755,11,11
2023021286,2024-04-14,ARI,CGY,401560513,6.5,6.461950842365455,0.5309311224489797,10,10
2023021287,2024-04-15,MTL,DET,401560514,6.5,6.5304172390661925,0.679245283018868,11,11
2023021288,2024-04-15,NYI,NJD,401560516,6.0,5.992149949836133,0.4675324675324676,9,10
2023021289,2024-04-15,NSH,PIT,401560517,6.0,6.220745811437396,0.5108342361863489,10,9
2023021290,2024-04-15,BUF,TBL,401560515,6.0,6.220745811437396,0.6193564905692583,11,11
2023021291,2024-04-15,BOS,WSH,401560518,5.5,5.670161188712068,0.4095725876250305,10,10
2023021292,2024-04-15,OTT,NYR,401560519,6.0,6.337363215431228,0.6739130434782609,11,11
2023021293,2024-04-15,SJS,EDM,401560520,6.0,6.337363215431228,0.8309278350515464,11,9
2023021294,2024-04-15,MIN,LAK,401560521,5.5,5.86541251341262,0.6028947856745221,10,9
2023021295,2024-04-16,OTT,BOS,401560522,6.0,6.036913038764007,0.6800544588155208,10,9
2023021296,2024-04-16,CAR,CBJ,401560526,6.0,6.048307157776183,0.4216867469879518,11,11
2023021297,2024-04-16,TOR,FLA,401560524,6.0,6.279287835235783,0.6014807345625286,10,10
2023021298,2024-04-16,DET,MTL,401560523,6.5,6.600033200170701,0.3464036125147833,10,10
2023021299,2024-04-16,WSH,PHI,401560525,5.5,5.846020068718049,0.5493838513886334,10,11
2023021300,2024-04-16,SEA,WPG,401560527,5.5,5.606051679360132,0.6740638002773925,11,9
2023021301,2024-04-16,CHI,VGK,401560528,6.0,6.163019995636351,0.8004457791351545,10,10
2023021302,2024-04-16,CGY,VAN,401560529,6.0,6.279287835235783,0.6696637632293716,11,10
2023021303,2024-04-17,PIT,NYI,401560531,6.0,6.105680092076099,0.4465290855286302,10,10
2023021304,2024-04-17,TOR,TBL,401560530,6.5,7.015487099178884,0.5273836007390051,11,8
2023021305,2024-04-17,STL,DAL,401560532,6.0,6.279287835235783,0.7085714285714286,10,11
2023021306,2024-04-17,EDM,ARI,401560533,6.5,6.949540302316011,0.3932993445010925,11,9
2023021307,2024-04-18,SEA,MIN,401560534,6.0,6.105680092076099,0.6154910096818811,10,11
2023021308,2024-04-18,VAN,WPG,401560535,5.5,5.800324999938054,0.4585331904069828,9,8
2023021309,2024-04-18,SJS,CGY,401560536,6.5,6.810830520270558,0.7272727272727273,11,11
2023021310,2024-04-18,EDM,COL,401560537,6.5,6.949540302316011,0.7044916493098229,11,8
2023021311,2024-04-18,ANA,VGK,401560538,6.0,6.462310215319599,0.7901357166501158,11,11
2023021312,2024-04-18,CHI,LAK,401560539,6.0,6.025518919751832,0.8000414421881475,11,9
2023030121,2024-04-20,TOR,BOS,401655257,5.75,5.896879504797367,0.5678250132298465,10,9
2023030141,2024-04-20,NYI,CAR,401655256,5.5,5.4793142480398025,0.6946966653274408,11,10
2023030111,2024-04-21,TBL,FLA,401655258,5.5,5.9283464961821135,0.6260821514090993,11,11
2023030131,2024-04-21,WSH,NYR,401655259,5.5,5.545111690852561,0.7245403912303159,11,8
2023030161,2024-04-21,COL,WPG,401655534,6.0,6.134350043856225,0.5,10,10
2023030171,2024-04-21,NSH,VAN,401655535,5.5,5.7347601775545805,0.5844256134525962,10,8
2023030122,2024-04-22,TOR,BOS,401655551,5.5,5.86541251341262,0.577249795671414,11,10
2023030142,2024-04-22,NYI,CAR,401655577,5.5,5.541969544751927,0.6949891067538126,11,11
2023030151,2024-04-22,VGK,DAL,401655558,5.5,5.800324999938054,0.5717103409411102,11,10
2023030181,2024-04-22,LAK,EDM,401655582,6.0,5.992149949836133,0.6271838167683691,11,11
2023030112,2024-04-23,TBL,FLA,401655541,6.0,6.163019995636351,0.6227538965551475,10,11
2023030132,2024-04-23,WSH,NYR,401655544,5.5,5.606051679360132,0.7322834645669292,10,9
2023030162,2024-04-23,COL,WPG,401655565,6.5,6.669637074549774,0.4598099195813613,11,11
2023030172,2024-04-23,NSH,VAN,401655571,6.0,5.979899178870282,0.5414668095930172,11,10
2023030123,2024-04-24,BOS,TOR,401655553,5.5,5.9283464961821135,0.5108342361863489,11,11
2023030152,2024-04-24,VGK,DAL,401655559,5.75,5.965094732013891,0.6161463891445514,10,10
2023030182,2024-04-24,LAK,EDM,401655583,6.0,6.105663576706267,0.6359297046662469,10,10
2023030113,2024-04-25,FLA,TBL,401655542,6.0,6.220745811437396,0.5,11,11
2023030143,2024-04-25,CAR,NYI,401655580,5.5,5.567628466028095,0.4011461318051575,11,11
2023030133,2024-04-26,NYR,WSH,401655547,5.5,5.670161188712068,0.3802083333333333,11,11
2023030163,2024-04-26,WPG,COL,401655566,6.5,6.739730786233835,0.5990922844175491,11,11
2023030173,2024-04-26,VAN,NSH,401655572,5.75,6.010403681325356,0.5221777779297889,10,10
2023030183,2024-04-26,EDM,LAK,401655585,6.5,6.5304172390661925,0.4201680672268907,1,1
2023030114,2024-04-27,FLA,TBL,401655543,6.5,6.462310215319599,0.4572564612326044,1,1
2023030124,2024-04-27,BOS,TOR,401655555,5.5,5.9283464961821135,0.5620437956204379,1,1
2023030144,2024-04-27,CAR,NYI,401655581,5.5,5.670161188712068,0.3698979591836733,1,1
2023030153,2024-04-27,DAL,VGK,401655560,5.5,5.9283464961821135,0.5,1,1
2023030134,2024-04-28,NYR,WSH,401655549,5.5,5.541969544751927,0.3492957746478873,1,1
2023030164,2024-04-28,WPG,COL,401655567,6.5,6.881371545107008,0.5829926410466066,1,1
2023030174,2024-04-28,VAN,NSH,401655573,5.5,5.7347601775545805,0.5911949685534592,1,1
2023030184,2024-04-28,EDM,LAK,401655586,6.5,6.600033200170701,0.3932993445010925,1,1
2023030115,2024-04-29,TBL,FLA,401655545,6.5,6.3353944928873,0.6301020408163265,1,1
2023030154,2024-04-29,DAL,VGK,401655561,5.5,5.800324999938054,0.4572564612326044,1,1
2023030125,2024-04-30,TOR,BOS,401655576,5.5,5.670161188712068,0.5882115462252726,1,1
2023030145,2024-04-30,NYI,CAR,401655584,,,,0,0
2023030165,2024-04-30,COL,WPG,401655568,6.5,6.881371545107008,0.4891657638136511,1,1
2023030175,2024-04-30,NSH,VAN,401655574,5.5,5.7347601775545805,0.5324675324675325,1,1
2023030155,2024-05-01,VGK,DAL,401655562,5.5,5.86541251341262,0.5882115462252726,1,1
2023030185,2024-05-01,LAK,EDM,401655588,6.5,6.462310215319599,0.6507042253521127,1,1
2023030126,2024-05-02,BOS,TOR,401655578,5.5,5.670161188712068,0.4572564612326044,1,1
2023030156,2024-05-03,DAL,VGK,401655563,5.5,5.7347601775545805,0.5,1,1
2023030176,2024-05-03,VAN,NSH,401655575,5.5,5.606051679360132,0.5324675324675325,1,1
2023030127,2024-05-04,TOR,BOS,401655579,5.5,5.201532460760486,0.552594002855783,1,1
2023030157,2024-05-05,VGK,DAL,401655564,5.5,5.1547492067103295,0.5620437956204379,1,1
2023030221,2024-05-05,CAR,NYR,401657417,5.5,5.4793142480398025,0.4782608695652174,1,1
2023030211,2024-05-06,BOS,FLA,401658379,5.5,5.4793142480398025,0.5990922844175491,1,1
2023030222,2024-05-07,CAR,NYR,401658386,5.5,5.541969544751927,0.4782608695652174,1,1
2023030231,2024-05-07,COL,DAL,401658446,6.5,6.462310215319599,0.5324675324675325,1,1
2023030212,2024-05-08,BOS,FLA,401658380,5.5,5.4793142480398025,0.5990922844175491,1,1
2023030241,2024-05-08,EDM,VAN,401658456,6.5,6.462310215319599,0.447405997144217,1,1
2023030223,2024-05-09,NYR,CAR,401658387,5.5,5.670161188712068,0.5829926410466066,1,1
2023030232,2024-05-09,COL,DAL,401658447,6.5,6.600033200170701,0.552594002855783,1,1
2023030213,2024-05-10,FLA,BOS,401658381,5.5,5.541969544751927,0.447405997144217,1,1
2023030242,2024-05-10,EDM,VAN,401658457,6.5,6.669637074549774,0.4288840262582056,1,1
2023030224,2024-05-11,NYR,CAR,401658388,5.5,5.606051679360132,0.5882115462252726,1,1
2023030233,2024-05-11,DAL,COL,401658448,6.5,6.739730786233835,0.552594002855783,1,1
2023030214,2024-05-12,FLA,BOS,401658382,5.5,5.4793142480398025,0.4009077155824508,1,1
2023030243,2024-05-12,VAN,EDM,401658458,6.5,6.600033200170701,0.6507042253521127,1,1
2023030225,2024-05-13,CAR,NYR,401658389,5.5,5.7347601775545805,0.4891657638136511,1,1
2023030234,2024-05-13,DAL,COL,401658449,6.5,6.462310215319599,0.5108342361863489,1,1
2023030215,2024-05-14,BOS,FLA,401658383,5.5,5.606051679360132,0.662090813093981,1,1
2023030244,2024-05-14,VAN,EDM,401658459,6.5,6.739730786233835,0.6428571428571429,1,1
2023030235,2024-05-15,COL,DAL,401658450,6.5,6.462310215319599,0.5711159737417943,1,1
2023030226,2024-05-16,NYR,CAR,401658390,5.5,5.541969544751927,0.5829926410466066,1,1
2023030245,2024-05-16,EDM,VAN,401658460,6.5,6.5304172390661925,0.437956204379562,1,1
2023030216,2024-05-17,FLA,BOS,401658384,5.5,5.419621802129452,0.437956204379562,1,1
2023030236,2024-05-17,DAL,COL,401658451,5.5,5.86541251341262,0.5108342361863489,1,1
2023030246,2024-05-18,VAN,EDM,401658461,6.5,6.3353944928873,0.6301020408163265,1,1
2023030247,2024-05-20,EDM,VAN,401658462,5.5,5.606051679360132,0.4170073589533932,1,1
2023030311,2024-05-22,FLA,NYR,401672876,5.5,5.670161188712068,0.4782608695652174,1,1
2023030321,2024-05-23,EDM,DAL,401672983,5.5,5.86541251341262,0.5427435387673957,1,1
2023030312,2024-05-24,FLA,NYR,401672877,5.5,5.51519662531175,0.4891657638136511,1,1
2023030322,2024-05-25,EDM,DAL,401672984,5.5,5.800324999938054,0.5620437956204379,1,1
2023030313,2024-05-26,NYR,FLA,401672878,5.5,5.308220118561547,0.5990922844175491,1,1
2023030323,2024-05-27,DAL,EDM,401672985,5.5,5.86541251341262,0.5324675324675325,1,1
2023030314,2024-05-28,NYR,FLA,401672879,5.5,5.4793142480398025,0.5990922844175491,1,1
2023030324,2024-05-29,DAL,EDM,401672986,5.5,5.86541251341262,0.552594002855783,1,1
2023030315,2024-05-30,FLA,NYR,401672880,5.5,5.308220118561547,0.4572564612326044,1,1
2023030325,2024-05-31,EDM,DAL,401672987,5.5,5.670161188712068,0.5324675324675325,1,1
2023030316,2024-06-01,NYR,FLA,401672881,5.5,5.362659562729656,0.6140350877192983,1,1
2023030326,2024-06-02,DAL,EDM,401672988,5.5,5.541969544751927,0.552594002855783,1,1
2023030411,2024-06-08,EDM,FLA,401675105,5.5,5.800324999938054,0.5711159737417943,1,1
2023030412,2024-06-10,EDM,FLA,401675106,5.5,5.606051679360132,0.5217391304347826,1,1
2023030413,2024-06-13,FLA,EDM,401675107,,,,0,0
2023030414,2024-06-15,FLA,EDM,401675108,5.5,5.606051679360132,0.5217391304347826,1,1
2023030415,2024-06-18,EDM,FLA,401675109,5.5,5.541969544751927,0.5882115462252726,1,1
2023030416,2024-06-21,FLA,EDM,401675110,5.5,5.7347601775545805,0.5217391304347826,1,1
2023030417,2024-06-24,EDM,FLA,401675111,5.5,5.218734260295697,0.5,1,1
2024020001,2024-10-04,NJD,BUF,401687600,6.5,6.462310215319599,0.4201680672268907,1,1
2024020002,2024-10-05,BUF,NJD,401687601,6.5,6.600033200170701,0.5620437956204379,1,1
2024020003,2024-10-08,STL,SEA,401687602,5.5,5.9283464961821135,0.5882115462252726,1,1
2024020004,2024-10-08,BOS,FLA,401687603,5.5,5.86541251341262,0.5882115462252726,1,1
2024020005,2024-10-08,CHI,UTA,401687604,6.5,6.5304172390661925,0.6233894945490583,1,1
2024020006,2024-10-09,TOR,MTL,401687605,6.5,6.669637074549774,0.3634123806590699,1,1
2024020007,2024-10-09,NYR,PIT,401687606,6.5,6.462310215319599,0.4288840262582056,1,1
2024020008,2024-10-09,WPG,EDM,401687607,6.5,6.397385381191386,0.6233894945490583,1,1
2024020009,2024-10-09,CGY,VAN,401687608,6.5,6.462310215319599,0.6365876193409301,1,1
2024020010,2024-10-09,COL,VGK,401687609,6.5,6.5304172390661925,0.5108342361863489,1,1
2024020011,2024-10-10,MTL,BOS,401687610,5.5,6.070664464124471,0.7471910112359551,1,1
2024020012,2024-10-10,LAK,BUF,401687611,6.5,6.397385381191386,0.5108342361863489,1,1
2024020013,2024-10-10,FLA,OTT,401687612,6.5,6.462310215319599,0.4572564612326044,1,1
2024020014,2024-10-10,PIT,DET,401687613,6.5,6.881371545107008,0.5711159737417943,1,1
2024020015,2024-10-10,TOR,NJD,401687614,6.5,6.739730786233835,0.5711159737417943,1,1
2024020016,2024-10-10,UTA,NYI,401687615,5.5,5.9283464961821135,0.552594002855783,1,1
2024020017,2024-10-10,DAL,NSH,401687616,6.5,6.600033200170701,0.4572564612326044,1,1
2024020018,2024-10-10,CBJ,MIN,401687617,6.5,6.600033200170701,0.7044334975369458,1,1
2024020019,2024-10-10,STL,SJS,401687618,5.5,5.989261721576936,0.3859649122807018,1,1
2024020020,2024-10-11,TBL,CAR,401687619,6.5,6.462310215319599,0.5798319327731092,1,1
2024020021,2024-10-11,CHI,WPG,401687620,6.5,6.3353944928873,0.700162074554295,1,1
2024020022,2024-10-11,PHI,VAN,401687621,5.5,5.989261721576936,0.6428571428571429,1,1
2024020023,2024-10-11,STL,VGK,401687622,5.5,5.989261721576936,0.6727813584531482,1,1
2024020024,2024-10-12,LAK,BOS,401687623,5.5,5.9283464961821135,0.5882115462252726,1,1
2024020025,2024-10-12,FLA,BUF,401687624,5.5,5.86541251341262,0.4891657638136511,1,1
2024020026,2024-10-12,PIT,TOR,401687625,6.5,6.881371545107008,0.6301020408163265,1,1
2024020027,2024-10-12,OTT,MTL,401687626,6.5,6.5304172390661925,0.4117884537747275,1,1
2024020028,2024-10-12,NSH,DET,401687627,6.5,6.669637074549774,0.4201680672268907,1,1
2024020030,2024-10-12,UTA,NYR,401687629,5.5,5.989261721576936,0.6507042253521127,1,1
2024020031,2024-10-12,NJD,WSH,401687630,5.5,5.989261721576936,0.447405997144217,1,1
2024020032,2024-10-12,NYI,DAL,401687631,5.5,5.800324999938054,0.6301020408163265,1,1
2024020033,2024-10-12,SEA,MIN,401687632,5.5,5.86541251341262,0.552594002855783,1,1
2024020034,2024-10-12,CBJ,COL,401687633,6.5,6.739730786233835,0.7532188841201716,1,1
2024020035,2024-10-12,PHI,CGY,401687634,6.5,6.5304172390661925,0.552594002855783,1,1
2024020036,2024-10-12,CHI,EDM,401687635,6.5,6.669637074549774,0.7471910112359551,1,1
2024020037,2024-10-12,ANA,SJS,401687636,6.5,6.462310215319599,0.447405997144217,1,1
2024020038,2024-10-13,MIN,WPG,401687637,5.5,5.7347601775545805,0.5990922844175491,1,1
2024020039,2024-10-13,SEA,DAL,401687638,6.5,6.3353944928873,0.6233894945490583,1,1
2024020040,2024-10-13,CGY,EDM,401687639,6.5,7.103560424725911,0.6888888888888889,1,1
2024020041,2024-10-13,ANA,VGK,401687640,6.5,6.600033200170701,0.7241379310344829,1,1
2024020042,2024-10-14,FLA,BOS,401687641,5.5,5.606051679360132,0.5427435387673957,1,1
2024020043,2024-10-14,LAK,OTT,401687642,5.5,5.989261721576936,0.5108342361863489,1,1
2024020044,2024-10-14,UTA,NJD,401687643,6.5,6.739730786233835,0.5711159737417943,1,1
2024020045,2024-10-14,DET,NYR,401687644,6.5,6.5304172390661925,0.679245283018868,1,1
2024020046,2024-10-14,PIT,MTL,401687645,6.5,6.462310215319599,0.4288840262582056,1,1
2024020047,2024-10-14,NYI,COL,401687646,6.5,6.600033200170701,0.5882115462252726,1,1
2024020048,2024-10-15,VAN,TBL,401687647,6.5,6.462310215319599,0.5427435387673957,1,1
2024020049,2024-10-15,VGK,WSH,401687648,5.5,5.9283464961821135,0.4572564612326044,1,1
2024020050,2024-10-15,NJD,CAR,401687649,6.5,6.397385381191386,0.5990922844175491,1,1
2024020051,2024-10-15,FLA,CBJ,401687650,6.5,6.397385381191386,0.437956204379562,1,1
2024020052,2024-10-15,MIN,STL,401687651,5.5,5.86541251341262,0.4675324675324676,1,1
2024020053,2024-10-15,SEA,NSH,401687652,5.5,5.86541251341262,0.6301020408163265,1,1
2024020054,2024-10-15,SJS,DAL,401687653,5.5,5.9283464961821135,0.76,1,1
2024020055,2024-10-15,CHI,CGY,401687654,6.5,6.462310215319599,0.5798319327731092,1,1
2024020056,2024-10-15,PHI,EDM,401687655,6.5,6.600033200170701,0.6507042253521127,1,1
2024020057,2024-10-16,BUF,PIT,401687656,6.5,6.5304172390661925,0.5217391304347826,1,1
2024020058,2024-10-16,LAK,TOR,401687657,6.5,6.397385381191386,0.6385542168674698,1,1
2024020059,2024-10-16,BOS,COL,401687658,6.5,7.015487099178884,0.5620437956204379,1,1
2024020060,2024-10-16,UTA,ANA,401687659,6.5,6.397385381191386,0.4009077155824508,1,1
2024020061,2024-10-17,LAK,MTL,401687660,5.5,5.9283464961821135,0.447405997144217,1,1
2024020062,2024-10-17,NJD,OTT,401687661,6.5,6.600033200170701,0.437956204379562,1,1
2024020063,2024-10-17,NYR,DET,401687662,6.5,6.669637074549774,0.4288840262582056,1,1
2024020064,2024-10-17,VGK,TBL,401687663,6.5,6.397385381191386,0.5798319327731092,1,1
2024020065,2024-10-17,VAN,FLA,401687664,5.5,5.606051679360132,0.4891657638136511,1,1
2024020066,2024-10-17,DAL,WSH,401687665,5.5,5.86541251341262,0.4117884537747275,1,1
2024020067,2024-10-17,BUF,CBJ,401687666,6.5,6.5304172390661925,0.437956204379562,1,1
2024020068,2024-10-17,NYI,STL,401687667,5.5,5.86541251341262,0.4288840262582056,1,1
2024020069,2024-10-17,EDM,NSH,401687668,6.5,7.015487099178884,0.4572564612326044,1,1
2024020070,2024-10-17,SJS,CHI,401687669,6.5,6.253832031114614,0.6233894945490583,1,1
2024020071,2024-10-17,PHI,SEA,401687670,6.5,6.3353944928873,0.5427435387673957,1,1
2024020072,2024-10-18,CAR,PIT,401687671,6.5,6.600033200170701,0.3932993445010925,1,1
2024020073,2024-10-18,SJS,WPG,401687672,5.5,5.9283464961821135,0.7706422018348623,1,1
2024020074,2024-10-18,ANA,COL,401687673,6.5,6.949540302316011,0.700162074554295,1,1
2024020075,2024-10-19,TBL,OTT,401687674,6.5,6.739730786233835,0.4288840262582056,1,1
2024020076,2024-10-19,DET,NSH,401687675,6.5,6.810830520270558,0.6428571428571429,1,1
2024020077,2024-10-19,EDM,DAL,401687676,6.5,6.462310215319599,0.4782608695652174,1,1
2024020078,2024-10-19,VGK,FLA,401687677,5.5,5.7347601775545805,0.5324675324675325,1,1
2024020079,2024-10-19,NYR,TOR,401687678,6.5,6.600033200170701,0.5324675324675325,1,1
2024020080,2024-10-19,WSH,NJD,401687679,6.5,6.397385381191386,0.6092362344582594,1,1
2024020081,2024-10-19,MTL,NYI,401687680,6.5,6.397385381191386,0.6727813584531482,1,1
2024020082,2024-10-19,VAN,PHI,401687681,6.5,6.397385381191386,0.4288840262582056,1,1
2024020083,2024-10-19,MIN,CBJ,401687682,6.5,6.462310215319599,0.3766105054509415,1,1
2024020084,2024-10-19,CAR,STL,401687683,5.5,5.989261721576936,0.3932993445010925,1,1
2024020085,2024-10-19,BUF,CHI,401687684,6.5,6.3353944928873,0.4288840262582056,1,1
2024020086,2024-10-19,BOS,UTA,401687685,6.5,6.3353944928873,0.437956204379562,1,1
2024020087,2024-10-19,CGY,SEA,401687686,6.5,6.397385381191386,0.5711159737417943,1,1
2024020088,2024-10-20,PIT,WPG,401687687,6.5,6.600033200170701,0.5427435387673957,1,1
2024020089,2024-10-20,COL,SJS,401687688,6.5,6.669637074549774,0.2914110429447852,1,1
2024020090,2024-10-20,LAK,ANA,401687689,6.5,6.462310215319599,0.3766105054509415,1,1
2024020091,2024-10-21,TBL,TOR,401687690,6.5,6.669637074549774,0.552594002855783,1,1
2024020092,2024-10-22,WSH,PHI,401687691,5.5,5.86541251341262,0.5711159737417943,1,1
2024020093,2024-10-22,MIN,FLA,401687692,5.5,5.670161188712068,0.5882115462252726,1,1
2024020094,2024-10-22,TBL,NJD,401687693,6.5,7.103560424725911,0.5798319327731092,1,1
2024020095,2024-10-22,DAL,BUF,401687694,5.5,5.9283464961821135,0.4201680672268907,1,1
2024020096,2024-10-22,NYR,MTL,401687695,6.5,6.397385381191386,0.3207547169811321,1,1
2024020097,2024-10-22,TOR,CBJ,401687696,6.5,6.669637074549774,0.3571428571428571,1,1
2024020098,2024-10-22,DET,NYI,401687697,6.5,6.3353944928873,0.6067006554989075,1,1
2024020099,2024-10-22,WPG,STL,401687698,5.5,5.800324999938054,0.437956204379562,1,1
2024020100,2024-10-22,VAN,CHI,401687699,5.5,5.86541251341262,0.3766105054509415,1,1
2024020101,2024-10-22,BOS,NSH,401687700,5.5,5.989261721576936,0.5620437956204379,1,1
2024020102,2024-10-22,PIT,CGY,401687701,6.5,6.600033200170701,0.5217391304347826,1,1
2024020103,2024-10-22,CAR,EDM,401687702,6.5,6.5304172390661925,0.5108342361863489,1,1
2024020104,2024-10-22,OTT,UTA,401687703,6.5,6.600033200170701,0.5,1,1
2024020105,2024-10-22,SJS,ANA,401687704,5.5,5.9283464961821135,0.5882115462252726,1,1
2024020106,2024-10-22,COL,SEA,401687705,6.5,6.462310215319599,0.4675324675324676,1,1
2024020107,2024-10-22,LAK,VGK,401687706,5.5,5.86541251341262,0.5324675324675325,1,1
2024020108,2024-10-23,PHI,WSH,401687707,6.5,6.397385381191386,0.5711159737417943,1,1
2024020109,2024-10-24,DAL,BOS,401687708,5.5,5.800324999938054,0.5324675324675325,1,1
2024020110,2024-10-24,STL,TOR,401687709,6.5,6.397385381191386,0.679245283018868,1,1
2024020111,2024-10-24,NJD,DET,401687710,6.5,6.739730786233835,0.3859649122807018,1,1
2024020112,2024-10-24,MIN,TBL,401687711,6.5,6.462310215319599,0.6067006554989075,1,1
2024020113,2024-10-24,FLA,NYR,401687712,5.5,5.86541251341262,0.5798319327731092,1,1
2024020114,2024-10-24,CAR,CGY,401687713,6.5,6.5304172390661925,0.3634123806590699,1,1
2024020115,2024-10-24,COL,UTA,401687714,6.5,6.600033200170701,0.4201680672268907,1,1
2024020116,2024-10-24,WPG,SEA,401687715,5.5,5.800324999938054,0.4572564612326044,1,1
2024020117,2024-10-24,SJS,LAK,401687716,5.5,5.989261721576936,0.7328244274809161,1,1
2024020118,2024-10-25,OTT,VGK,401687717,6.5,6.5304172390661925,0.5324675324675325,1,1
2024020119,2024-10-25,NYI,NJD,401687718,6.5,6.462310215319599,0.5217391304347826,1,1
2024020120,2024-10-25,NSH,CHI,401687719,6.5,6.397385381191386,0.3766105054509415,1,1
2024020121,2024-10-25,PIT,EDM,401687720,6.5,7.186139352916987,0.6727813584531482,1,1
2024020122,2024-10-26,DET,BUF,401687721,6.5,6.600033200170701,0.5711159737417943,1,1
2024020123,2024-10-26,MIN,PHI,401687722,5.5,5.800324999938054,0.4572564612326044,1,1
2024020124,2024-10-26,UTA,LAK,401687723,5.5,5.86541251341262,0.5711159737417943,1,1
2024020125,2024-10-26,TOR,BOS,401687724,5.5,5.9283464961821135,0.4782608695652174,1,1
2024020126,2024-10-26,STL,MTL,401687725,5.5,5.989261721576936,0.4572564612326044,1,1
2024020127,2024-10-26,WSH,TBL,401687726,6.5,6.669637074549774,0.5990922844175491,1,1
2024020128,2024-10-26,ANA,NYR,401687727,6.5,6.5304172390661925,0.7328244274809161,1,1
2024020129,2024-10-26,WPG,CGY,401687728,6.5,6.600033200170701,0.4782608695652174,1,1
2024020130,2024-10-26,FLA,NYI,401687729,5.5,5.9283464961821135,0.437956204379562,1,1
2024020131,2024-10-26,CBJ,NSH,401687730,6.5,6.739730786233835,0.6365876193409301,1,1
2024020132,2024-10-26,CHI,DAL,401687731,6.5,6.3353944928873,0.7483588621444202,1,1
2024020133,2024-10-26,PIT,VAN,401687732,6.5,6.739730786233835,0.6507042253521127,1,1
2024020134,2024-10-26,SJS,VGK,401687733,5.5,5.989261721576936,0.7328244274809161,1,1
2024020135,2024-10-26,CAR,SEA,401687734,5.5,5.86541251341262,0.3698979591836733,1,1
2024020136,2024-10-27,EDM,DET,401687735,6.5,7.015487099178884,0.2914110429447852,1,1
2024020137,2024-10-27,ANA,NJD,401687736,6.5,6.739730786233835,0.7408716136631331,1,1
2024020138,2024-10-27,MTL,PHI,401687737,6.5,6.739730786233835,0.6140350877192983,1,1
2024020139,2024-10-27,OTT,COL,401687738,6.5,6.669637074549774,0.6140350877192983,1,1
2024020140,2024-10-28,FLA,BUF,401687739,6.5,6.397385381191386,0.4288840262582056,1,1
2024020141,2024-10-28,NSH,TBL,401687740,6.5,6.462310215319599,0.552594002855783,1,1
2024020142,2024-10-28,EDM,CBJ,401687741,6.5,6.881371545107008,0.311111111111111,1,1
2024020143,2024-10-28,TOR,WPG,401687742,5.5,5.86541251341262,0.4782608695652174,1,1
2024020144,2024-10-28,CHI,COL,401687743,6.5,6.600033200170701,0.6301020408163265,1,1
2024020145,2024-10-28,SJS,UTA,401687744,6.5,6.397385381191386,0.700162074554295,1,1
2024020146,2024-10-28,CAR,VAN,401687745,5.5,5.989261721576936,0.4572564612326044,1,1
2024020147,2024-10-28,CGY,VGK,401687746,6.5,6.739730786233835,0.5990922844175491,1,1
2024020148,2024-10-29,PHI,BOS,401687747,6.5,6.810830520270558,0.5798319327731092,1,1
2024020149,2024-10-29,SEA,MTL,401687748,6.5,6.397385381191386,0.3859649122807018,1,1
2024020150,2024-10-29,STL,OTT,401687749,6.5,6.462310215319599,0.6233894945490583,1,1
2024020151,2024-10-29,NYR,WSH,401687750,5.5,5.989261721576936,0.4117884537747275,1,1
2024020152,2024-10-29,ANA,NYI,401687751,5.5,5.800324999938054,0.679245283018868,1,1
2024020153,2024-10-29,MIN,PIT,401687752,6.5,6.462310215319599,0.4782608695652174,1,1
2024020154,2024-10-29,LAK,SJS,401687753,6.5,6.3353944928873,0.267175572519084,1,1
2024020155,2024-10-30,NYI,CBJ,401687754,6.5,6.3353944928873,0.4572564612326044,1,1
2024020156,2024-10-30,WPG,DET,401687755,6.5,6.397385381191386,0.3932993445010925,1,1
2024020157,2024-10-30,TBL,COL,401687756,6.5,6.881371545107008,0.4782608695652174,1,1
2024020158,2024-10-30,CGY,UTA,401687757,6.5,6.5304172390661925,0.5324675324675325,1,1
2024020159,2024-10-30,NJD,VAN,401687758,6.5,6.949540302316011,0.5217391304347826,1,1
2024020160,2024-10-30,VGK,LAK,401687759,6.5,6.462310215319599,0.447405997144217,1,1
2024020161,2024-10-31,SEA,TOR,401687760,6.5,6.397385381191386,0.6507042253521127,1,1
2024020162,2024-10-31,STL,PHI,401687761,5.5,5.86541251341262,0.5711159737417943,1,1
2024020163,2024-10-31,ANA,PIT,401687762,6.5,6.810830520270558,0.6233894945490583,1,1
2024020164,2024-10-31,MTL,WSH,401687763,6.5,6.600033200170701,0.6675191815856777,1,1
2024020165,2024-10-31,BOS,CAR,401687764,5.5,5.989261721576936,0.6233894945490583,1,1
2024020166,2024-10-31,EDM,NSH,401687765,6.5,6.462310215319599,0.552594002855783,1,1
2024020167,2024-10-31,CHI,SJS,401687766,6.5,6.669637074549774,0.4009077155824508,1,1
2024020168,2024-11-01,FLA,DAL,401687771,6.5,6.3353944928873,0.4782608695652174,1,1
2024020169,2024-11-01,NYI,BUF,401687767,5.5,5.7347601775545805,0.5108342361863489,1,1
2024020170,2024-11-01,OTT,NYR,401687768,6.5,6.462310215319599,0.6233894945490583,1,1
2024020171,2024-11-01,WPG,CBJ,401687769,6.5,6.739730786233835,0.4201680672268907,1,1
2024020172,2024-11-01,TBL,MIN,401687770,6.5,6.5304172390661925,0.5108342361863489,1,1
2024020173,2024-11-01,NJD,CGY,401687772,6.5,6.881371545107008,0.3859649122807018,1,1
2024020174,2024-11-02,DAL,FLA,401687776,6.5,6.5304172390661925,0.5,1,1
2024020175,2024-11-02,BOS,PHI,401687773,6.5,6.5304172390661925,0.4782608695652174,1,1
2024020176,2024-11-02,CHI,LAK,401687774,6.5,6.462310215319599,0.6233894945490583,1,1
2024020177,2024-11-02,CBJ,WSH,401687775,6.5,6.600033200170701,0.6946564885496184,1,1
2024020178,2024-11-02,SEA,OTT,401687777,6.5,6.462310215319599,0.5324675324675325,1,1
2024020179,2024-11-02,BUF,DET,401687778,6.5,6.5304172390661925,0.5278969957081545,1,1
2024020180,2024-11-02,MTL,PIT,401687779,6.5,6.949540302316011,0.6233894945490583,1,1
2024020181,2024-11-02,TOR,STL,401687780,5.5,5.800324999938054,0.3571428571428571,1,1
2024020182,2024-11-02,COL,NSH,401687781,6.5,6.5304172390661925,0.5427435387673957,1,1
2024020183,2024-11-02,UTA,VGK,401687782,6.5,6.5304172390661925,0.6067006554989075,1,1
2024020184,2024-11-02,VAN,SJS,401687783,6.5,6.5304172390661925,0.2834302325581395,1,1
2024020185,2024-11-03,NYI,NYR,401687784,5.5,5.800324999938054,0.6365876193409301,1,1
2024020186,2024-11-03,TBL,WPG,401687785,6.5,6.739730786233835,0.5798319327731092,1,1
2024020187,2024-11-03,SEA,BOS,401687786,5.5,5.86541251341262,0.6140350877192983,1,1
2024020188,2024-11-03,WSH,CAR,401687787,6.5,6.397385381191386,0.7044334975369458,1,1
2024020189,2024-11-03,TOR,MIN,401687788,6.5,6.462310215319599,0.5324675324675325,1,1
2024020190,2024-11-03,EDM,CGY,401687789,6.5,6.5304172390661925,0.4117884537747275,1,1
2024020191,2024-11-03,CHI,ANA,401687790,6.5,6.669637074549774,0.5427435387673957,1,1
2024020192,2024-11-04,LAK,NSH,401687791,6.5,6.462310215319599,0.5711159737417943,1,1
2024020193,2024-11-04,NJD,EDM,401687792,6.5,6.949540302316011,0.447405997144217,1,1
2024020194,2024-11-05,OTT,BUF,401687793,6.5,6.397385381191386,0.4782608695652174,1,1
2024020195,2024-11-05,BOS,TOR,401687794,5.5,5.670161188712068,0.5324675324675325,1,1
2024020196,2024-11-05,CGY,MTL,401687795,6.5,6.600033200170701,0.4170073589533932,1,1
2024020197,2024-11-05,PHI,CAR,401687796,6.5,6.462310215319599,0.7241379310344829,1,1
2024020198,2024-11-05,PIT,NYI,401687797,6.5,6.397385381191386,0.5427435387673957,1,1
2024020199,2024-11-05,TBL,STL,401687798,6.5,6.3353944928873,0.3859649122807018,1,1
2024020200,2024-11-05,LAK,MIN,401687799,5.5,5.9283464961821135,0.6233894945490583,1,1
2024020201,2024-11-05,UTA,WPG,401687800,6.5,6.397385381191386,0.6564885496183206,1,1
2024020202,2024-11-05,SEA,COL,401687801,6.5,6.5304172390661925,0.6233894945490583,1,1
2024020203,2024-11-05,VAN,ANA,401687802,6.5,6.253832031114614,0.3207547169811321,1,1
2024020204,2024-11-05,CBJ,SJS,401687803,6.5,6.600033200170701,0.4572564612326044,1,1
2024020205,2024-11-06,NSH,WSH,401687804,6.5,6.397385381191386,0.5217391304347826,1,1
2024020206,2024-11-06,DET,CHI,401687805,6.5,6.462310215319599,0.5,1,1
2024020207,2024-11-06,VGK,EDM,401687806,6.5,6.881371545107008,0.5882115462252726,1,1
2024020208,2024-11-07,CGY,BOS,401687807,5.5,6.070664464124471,0.5711159737417943,1,1
2024020209,2024-11-07,NYI,OTT,401687808,6.5,6.397385381191386,0.5620437956204379,1,1
2024020210,2024-11-07,PHI,TBL,401687809,6.5,6.600033200170701,0.6507042253521127,1,1
2024020211,2024-11-07,NSH,FLA,401687810,6.5,6.397385381191386,0.6564885496183206,1,1
2024020212,2024-11-07,MTL,NJD,401687811,6.5,6.669637074549774,0.7408716136631331,1,1
2024020213,2024-11-07,BUF,NYR,401687812,6.5,6.669637074549774,0.6428571428571429,1,1
2024020214,2024-11-07,PIT,CAR,401687813,6.5,6.739730786233835,0.700162074554295,1,1
2024020215,2024-11-07,UTA,STL,401687814,5.5,5.800324999938054,0.4891657638136511,1,1
2024020216,2024-11-07,CHI,DAL,401687815,6.5,6.462310215319599,0.7408716136631331,1,1
2024020217,2024-11-07,COL,WPG,401687816,6.5,6.739730786233835,0.5620437956204379,1,1
2024020218,2024-11-07,VAN,LAK,401687817,5.5,5.606051679360132,0.4572564612326044,1,1
2024020219,2024-11-07,MIN,SJS,401687818,5.5,6.070664464124471,0.3053435114503817,1,1
2024020220,2024-11-08,DET,TOR,401687819,5.5,5.9283464961821135,0.6428571428571429,1,1
2024020221,2024-11-08,PIT,WSH,401687820,6.5,6.810830520270558,0.6233894945490583,1,1
2024020222,2024-11-08,MIN,ANA,401687821,5.5,5.86541251341262,0.3492957746478873,1,1
2024020223,2024-11-08,VGK,SEA,401687822,5.5,6.070664464124471,0.447405997144217,1,1
2024020224,2024-11-09,CGY,BUF,401687823,6.5,6.5304172390661925,0.5620437956204379,1,1
2024020225,2024-11-09,PHI,FLA,401687824,5.5,5.86541251341262,0.700162074554295,1,1
2024020226,2024-11-09,OTT,BOS,401687825,5.5,5.800324999938054,0.5711159737417943,1,1
2024020227,2024-11-09,MTL,TOR,401687826,6.5,6.5304172390661925,0.6507042253521127,1,1
2024020228,2024-11-09,NYR,DET,401687827,6.5,7.103560424725911,0.3435114503816793,1,1
2024020229,2024-11-09,WSH,STL,401687828,6.5,6.462310215319599,0.437956204379562,1,1
2024020230,2024-11-09,DAL,WPG,401687829,5.5,5.989261721576936,0.5108342361863489,1,1
2024020231,2024-11-09,NJD,NYI,401687830,6.5,6.3353944928873,0.437956204379562,1,1
2024020232,2024-11-09,UTA,NSH,401687831,6.5,6.397385381191386,0.5990922844175491,1,1
2024020233,2024-11-09,CAR,COL,401687832,6.5,6.810830520270558,0.4572564612326044,1,1
2024020234,2024-11-09,CBJ,LAK,401687833,6.5,6.600033200170701,0.6564885496183206,1,1
2024020235,2024-11-09,EDM,VAN,401687834,6.5,6.462310215319599,0.4675324675324676,1,1
2024020236,2024-11-10,SJS,NJD,401687835,6.5,6.600033200170701,0.7408716136631331,1,1
2024020237,2024-11-10,MIN,CHI,401687836,6.5,6.397385381191386,0.3698979591836733,1,1
2024020238,2024-11-10,CBJ,ANA,401687837,6.5,6.600033200170701,0.5,1,1
2024020239,2024-11-11,MTL,BUF,401687838,6.5,6.600033200170701,0.6727813584531482,1,1
2024020240,2024-11-11,SJS,PHI,401687839,6.5,6.462310215319599,0.7044334975369458,1,1
2024020241,2024-11-11,DAL,PIT,401687840,6.5,6.669637074549774,0.4009077155824508,1,1
2024020242,2024-11-11,LAK,CGY,401687841,5.5,5.800324999938054,0.447405997144217,1,1
2024020243,2024-11-11,NSH,COL,401687842,6.5,6.739730786233835,0.5620437956204379,1,1
2024020244,2024-11-11,CAR,VGK,401687843,6.5,6.669637074549774,0.4288840262582056,1,1
2024020245,2024-11-12,OTT,TOR,401687844,5.5,5.9283464961821135,0.5324675324675325,1,1
2024020246,2024-11-12,NJD,FLA,401687845,5.5,6.070664464124471,0.5217391304347826,1,1
2024020247,2024-11-12,WPG,NYR,401687846,6.5,6.462310215319599,0.5217391304347826,1,1
2024020248,2024-11-12,BOS,STL,401687847,5.5,5.606051679360132,0.3932993445010925,1,1
2024020249,2024-11-12,NYI,EDM,401687848,6.5,6.397385381191386,0.6675191815856777,1,1
2024020250,2024-11-12,CGY,VAN,401687849,6.5,6.397385381191386,0.6675191815856777,1,1
2024020251,2024-11-12,CBJ,SEA,401687850,6.5,6.462310215319599,0.5620437956204379,1,1
2024020252,2024-11-13,DET,PIT,401687851,6.5,6.669637074549774,0.552594002855783,1,1
2024020253,2024-11-13,TOR,WSH,401687852,6.5,6.397385381191386,0.5798319327731092,1,1
2024020254,2024-11-13,CAR,UTA,401687853,6.5,6.397385381191386,0.3571428571428571,1,1
2024020255,2024-11-13,LAK,COL,401687854,6.5,6.5304172390661925,0.5217391304347826,1,1
2024020256,2024-11-13,VGK,ANA,401687855,6.5,6.810830520270558,0.3324808184143222,1,1
2024020257,2024-11-14,STL,BUF,401687856,6.5,6.397385381191386,0.6067006554989075,1,1
2024020258,2024-11-14,PHI,OTT,401687857,5.5,5.9283464961821135,0.6301020408163265,1,1
2024020259,2024-11-14,WPG,TBL,401687858,6.5,6.669637074549774,0.5711159737417943,1,1
2024020260,2024-11-14,NJD,FLA,401687859,5.5,5.86541251341262,0.5882115462252726,1,1
2024020261,2024-11-14,SJS,NYR,401687860,6.5,6.669637074549774,0.7727272727272727,1,1
2024020262,2024-11-14,BOS,DAL,401687861,5.5,5.989261721576936,0.6067006554989075,1,1
2024020263,2024-11-14,MTL,MIN,401687862,6.5,6.397385381191386,0.700162074554295,1,1
2024020264,2024-11-14,NSH,EDM,401687863,6.5,6.949540302316011,0.6301020408163265,1,1
2024020265,2024-11-14,NYI,VAN,401687864,5.5,5.9283464961821135,0.6301020408163265,1,1
2024020266,2024-11-14,CHI,SEA,401687865,5.5,5.800324999938054,0.5882115462252726,1,1
2024020267,2024-11-15,PIT,CBJ,401687866,6.5,6.949540302316011,0.4675324675324676,1,1
2024020268,2024-11-15,WSH,COL,401687867,6.5,6.949540302316011,0.6140350877192983,1,1
2024020269,2024-11-15,NSH,CGY,401687868,6.5,6.3353944928873,0.4675324675324676,1,1
2024020270,2024-11-15,VGK,UTA,401687869,6.5,6.397385381191386,0.4675324675324676,1,1
2024020271,2024-11-15,DET,ANA,401687870,6.5,6.5304172390661925,0.4201680672268907,1,1
2024020272,2024-11-16,STL,BOS,401687871,5.5,5.86541251341262,0.6140350877192983,1,1
2024020273,2024-11-16,NYI,SEA,401687872,5.5,5.670161188712068,0.4891657638136511,1,1
2024020274,2024-11-16,EDM,TOR,401687873,6.5,6.397385381191386,0.437956204379562,1,1
2024020275,2024-11-16,CBJ,MTL,401687874,6.5,6.739730786233835,0.5217391304347826,1,1
2024020276,2024-11-16,NJD,TBL,401687875,6.5,6.397385381191386,0.4782608695652174,1,1
2024020277,2024-11-16,WPG,FLA,401687876,6.5,6.253832031114614,0.552594002855783,1,1
2024020278,2024-11-16,BUF,PHI,401687877,6.5,6.397385381191386,0.5,1,1
2024020279,2024-11-16,SJS,PIT,401687878,6.5,6.739730786233835,0.6507042253521127,1,1
2024020280,2024-11-16,OTT,CAR,401687879,6.5,6.810830520270558,0.6067006554989075,1,1
2024020281,2024-11-16,DAL,MIN,401687880,6.5,6.3353944928873,0.4201680672268907,1,1
2024020282,2024-11-16,DET,LAK,401687881,5.5,5.800324999938054,0.6428571428571429,1,1
2024020283,2024-11-16,CHI,VAN,401687882,6.5,6.397385381191386,0.6727813584531482,1,1
2024020284,2024-11-17,STL,CAR,401687883,6.5,6.3353944928873,0.7408716136631331,1,1
2024020285,2024-11-17,NSH,VAN,401687884,5.5,5.86541251341262,0.4675324675324676,1,1
2024020286,2024-11-17,WSH,VGK,401687885,6.5,6.5304172390661925,0.5324675324675325,1,1
2024020287,2024-11-17,NYR,SEA,401687886,6.5,6.397385381191386,0.3766105054509415,1,1
2024020288,2024-11-18,CBJ,BOS,401687887,6.5,6.462310215319599,0.6301020408163265,1,1
2024020289,2024-11-18,COL,PHI,401687888,6.5,6.462310215319599,0.3571428571428571,1,1
2024020290,2024-11-18,EDM,MTL,401687889,6.5,6.669637074549774,0.3053435114503817,1,1
2024020291,2024-11-18,ANA,DAL,401687890,6.5,6.739730786233835,0.7826086956521738,1,1
2024020292,2024-11-18,WSH,UTA,401687891,6.5,6.600033200170701,0.5217391304347826,1,1
2024020293,2024-11-18,DET,SJS,401687892,5.5,5.989261721576936,0.4009077155824508,1,1
2024020294,2024-11-19,EDM,OTT,401687893,6.5,6.5304172390661925,0.5324675324675325,1,1
2024020295,2024-11-19,TBL,PIT,401687894,6.5,6.669637074549774,0.3932993445010925,1,1
2024020296,2024-11-19,MIN,STL,401687895,5.5,5.670161188712068,0.3932993445010925,1,1
2024020297,2024-11-19,FLA,WPG,401687896,5.5,5.7347601775545805,0.5217391304347826,1,1
2024020298,2024-11-19,ANA,CHI,401687897,6.5,6.5304172390661925,0.6140350877192983,1,1
2024020299,2024-11-19,NYI,CGY,401687898,5.5,5.800324999938054,0.4891657638136511,1,1
2024020300,2024-11-19,NYR,VAN,401687899,6.5,6.397385381191386,0.4288840262582056,1,1
2024020301,2024-11-20,VGK,TOR,401687900,6.5,6.462310215319599,0.5,1,1
2024020302,2024-11-20,CAR,PHI,401687901,6.5,6.3353944928873,0.3272186415468517,1,1
2024020303,2024-11-20,SJS,DAL,401687902,6.5,6.739730786233835,0.7826086956521738,1,1
2024020304,2024-11-20,NSH,SEA,401687903,5.5,5.670161188712068,0.447405997144217,1,1
2024020305,2024-11-20,BUF,LAK,401687904,5.5,5.7347601775545805,0.6140350877192983,1,1
2024020306,2024-11-21,UTA,BOS,401687905,6.5,6.3353944928873,0.552594002855783,1,1
2024020307,2024-11-21,VGK,OTT,401687906,6.5,6.600033200170701,0.5990922844175491,1,1
2024020308,2024-11-21,NYI,DET,401687907,5.5,5.800324999938054,0.4288840262582056,1,1
2024020309,2024-11-21,CAR,NJD,401687908,6.5,6.3353944928873,0.5108342361863489,1,1
2024020310,2024-11-21,COL,WSH,401687909,6.5,6.739730786233835,0.4117884537747275,1,1
2024020311,2024-11-21,TBL,CBJ,401687910,6.5,6.881371545107008,0.4009077155824508,1,1
2024020312,2024-11-21,SJS,STL,401687911,5.5,5.86541251341262,0.6564885496183206,1,1
2024020313,2024-11-21,FLA,CHI,401687912,5.5,5.800324999938054,0.3272186415468517,1,1
2024020314,2024-11-21,NYR,CGY,401687913,5.5,6.012818367378715,0.4009077155824508,1,1
2024020315,2024-11-21,MIN,EDM,401687914,6.5,6.5304172390661925,0.5882115462252726,1,1
2024020316,2024-11-22,WPG,PIT,401687915,6.5,6.462310215319599,0.3698979591836733,1,1
2024020317,2024-11-22,BUF,ANA,401687916,6.5,6.397385381191386,0.3859649122807018,1,1
2024020318,2024-11-23,CHI,PHI,401687917,5.5,5.800324999938054,0.5990922844175491,1,1
2024020319,2024-11-23,MIN,CGY,401687918,5.5,5.670161188712068,0.4891657638136511,1,1
2024020320,2024-11-23,SEA,LAK,401687919,5.5,5.541969544751927,0.6067006554989075,1,1
2024020321,2024-11-23,COL,FLA,401687920,6.5,6.397385381191386,0.5427435387673957,1,1
2024020322,2024-11-23,VGK,MTL,401687921,6.5,6.397385381191386,0.3859649122807018,1,1
2024020323,2024-11-23,VAN,OTT,401687922,6.5,6.3353944928873,0.5620437956204379,1,1
2024020324,2024-11-23,BOS,DET,401687923,5.5,5.800324999938054,0.437956204379562,1,1
2024020325,2024-11-23,DAL,TBL,401687924,6.5,6.3353944928873,0.4782608695652174,1,1
2024020326,2024-11-23,UTA,PIT,401687925,6.5,6.462310215319599,0.4572564612326044,1,1
2024020327,2024-11-23,NJD,WSH,401687926,6.5,6.397385381191386,0.4288840262582056,1,1
2024020328,2024-11-23,CAR,CBJ,401687927,6.5,6.669637074549774,0.3207547169811321,1,1
2024020329,2024-11-23,WPG,NSH,401687928,6.5,6.739730786233835,0.552594002855783,1,1
2024020330,2024-11-23,STL,NYI,401687929,5.5,5.670161188712068,0.5990922844175491,1,1
2024020331,2024-11-23,BUF,SJS,401687930,6.5,6.462310215319599,0.447405997144217,1,1
2024020332,2024-11-23,NYR,EDM,401687931,6.5,6.949540302316011,0.5711159737417943,1,1
2024020333,2024-11-24,UTA,TOR,401687932,5.5,5.86541251341262,0.6365876193409301,1,1
2024020334,2024-11-25,COL,TBL,401687933,6.5,6.600033200170701,0.5217391304347826,1,1
2024020335,2024-11-25,WSH,FLA,401687934,5.5,5.9283464961821135,0.6067006554989075,1,1
2024020336,2024-11-25,NSH,NJD,401687935,6.5,6.397385381191386,0.552594002855783,1,1
2024020337,2024-11-25,STL,NYR,401687936,5.5,6.070664464124471,0.6564885496183206,1,1
2024020338,2024-11-25,VGK,PHI,401687937,6.5,6.462310215319599,0.4572564612326044,1,1
2024020339,2024-11-25,DAL,CAR,401687938,6.5,6.600033200170701,0.5427435387673957,1,1
2024020340,2024-11-25,CGY,OTT,401687939,5.5,5.9283464961821135,0.5911949685534592,1,1
2024020341,2024-11-25,DET,NYI,401687940,5.5,5.7347601775545805,0.5882115462252726,1,1
2024020342,2024-11-25,WPG,MIN,401687941,5.5,5.86541251341262,0.4782608695652174,1,1
2024020343,2024-11-25,SEA,ANA,401687942,5.5,5.86541251341262,0.4117884537747275,1,1
2024020344,2024-11-25,LAK,SJS,401687943,5.5,5.7347601775545805,0.3207547169811321,1,1
2024020345,2024-11-26,VAN,BOS,401687944,5.5,5.541969544751927,0.5217391304347826,1,1
2024020346,2024-11-26,UTA,MTL,401687945,6.5,6.397385381191386,0.447405997144217,1,1
2024020347,2024-11-27,MIN,BUF,401687946,5.5,5.800324999938054,0.4288840262582056,1,1
2024020348,2024-11-27,STL,NJD,401687947,5.5,5.989261721576936,0.6564885496183206,1,1
2024020349,2024-11-27,NYR,CAR,401687948,6.5,6.881371545107008,0.6233894945490583,1,1
2024020350,2024-11-27,CGY,DET,401687949,5.5,5.800324999938054,0.4891657638136511,1,1
2024020351,2024-11-27,WSH,TBL,401687950,6.5,6.397385381191386,0.5882115462252726,1,1
2024020352,2024-11-27,TOR,FLA,401687951,5.5,5.800324999938054,0.5882115462252726,1,1
2024020353,2024-11-27,BOS,NYI,401687952,5.5,5.541969544751927,0.552594002855783,1,1
2024020354,2024-11-27,VAN,PIT,401687953,6.5,6.397385381191386,0.4891657638136511,1,1
2024020355,2024-11-27,MTL,CBJ,401687954,6.5,6.881371545107008,0.6301020408163265,1,1
2024020356,2024-11-27,PHI,NSH,401687955,5.5,5.86541251341262,0.6140350877192983,1,1
2024020357,2024-11-27,DAL,CHI,401687956,6.5,6.3353944928873,0.3207547169811321,1,1
2024020358,2024-11-27,VGK,COL,401687957,6.5,6.881371545107008,0.5990922844175491,1,1
2024020359,2024-11-27,WPG,LAK,401687958,5.5,5.670161188712068,0.4782608695652174,1,1
2024020360,2024-11-27,ANA,SEA,401687959,5.5,5.9283464961821135,0.6428571428571429,1,1
2024020361,2024-11-27,OTT,SJS,401687960,6.5,6.3353944928873,0.311111111111111,1,1
2024020362,2024-11-29,NYR,PHI,401687961,6.5,6.5304172390661925,0.4170073589533932,1,1
2024020363,2024-11-29,CHI,MIN,401687962,5.5,5.7347601775545805,0.679245283018868,1,1
2024020364,2024-11-29,VAN,BUF,401687963,5.5,5.7347601775545805,0.5,1,1
2024020365,2024-11-29,NJD,DET,401687964,5.5,5.989261721576936,0.3634123806590699,1,1
2024020366,2024-11-29,NYI,WSH,401687965,5.5,5.9283464961821135,0.5798319327731092,1,1
2024020367,2024-11-29,FLA,CAR,401687966,5.5,6.070664464124471,0.5990922844175491,1,1
2024020368,2024-11-29,CGY,CBJ,401687967,6.5,6.5304172390661925,0.5,1,1
2024020369,2024-11-29,TBL,NSH,401687968,6.5,6.881371545107008,0.5427435387673957,1,1
2024020370,2024-11-29,LAK,ANA,401687969,5.5,5.800324999938054,0.3435114503816793,1,1
2024020371,2024-11-29,SEA,SJS,401687970,5.5,5.9283464961821135,0.4201680672268907,1,1
2024020372,2024-11-29,PIT,BOS,401687971,5.5,5.800324999938054,0.6067006554989075,1,1
2024020373,2024-11-29,COL,DAL,401687972,6.5,6.5304172390661925,0.552594002855783,1,1
2024020374,2024-11-29,WPG,VGK,401687973,6.5,6.397385381191386,0.5108342361863489,1,1
2024020375,2024-11-29,EDM,UTA,401687974,6.5,6.462310215319599,0.4009077155824508,1,1
2024020376,2024-11-30,MTL,NYR,401687975,6.5,6.600033200170701,0.6233894945490583,1,1
2024020377,2024-11-30,CAR,FLA,401687976,6.5,6.600033200170701,0.4675324675324676,1,1
2024020378,2024-11-30,TOR,TBL,401687977,5.5,5.989261721576936,0.4009077155824508,1,1
2024020379,2024-11-30,WSH,NJD,401687978,6.5,6.462310215319599,0.5882115462252726,1,1
2024020380,2024-11-30,CGY,PIT,401687979,6.5,6.462310215319599,0.5,1,1
2024020381,2024-11-30,PHI,STL,401687980,5.5,5.86541251341262,0.552594002855783,1,1
2024020382,2024-11-30,OTT,LAK,401687981,5.5,5.86541251341262,0.5108342361863489,1,1
2024020383,2024-11-30,BUF,NYI,401687982,5.5,5.800324999938054,0.5324675324675325,1,1
2024020384,2024-11-30,NSH,MIN,401687983,5.5,5.800324999938054,0.552594002855783,1,1
2024020385,2024-11-30,EDM,COL,401687984,6.5,6.810830520270558,0.5427435387673957,1,1
2024020386,2024-11-30,UTA,VGK,401687985,6.5,6.669637074549774,0.5798319327731092,1,1
2024020387,2024-11-30,SJS,SEA,401687986,5.5,5.800324999938054,0.6675191815856777,1,1
2024020388,2024-12-01,VAN,DET,401687987,5.5,5.7347601775545805,0.4572564612326044,1,1
2024020389,2024-12-01,MTL,BOS,401687988,5.5,5.800324999938054,0.6946564885496184,1,1
2024020390,2024-12-01,CBJ,CHI,401687989,6.5,6.669637074549774,0.4288840262582056,1,1
2024020391,2024-12-01,WPG,DAL,401687990,5.5,5.9283464961821135,0.5829926410466066,1,1
2024020392,2024-12-01,OTT,ANA,401687991,6.5,6.3353944928873,0.4009077155824508,1,1
2024020393,2024-12-02,NJD,NYR,401687992,6.5,6.669637074549774,0.4675324675324676,1,1
2024020394,2024-12-02,CHI,TOR,401687993,5.5,5.989261721576936,0.7727272727272727,1,1
2024020395,2024-12-02,DAL,UTA,401687994,6.5,6.462310215319599,0.4675324675324676,1,1
2024020396,2024-12-03,DET,BOS,401687995,6.5,6.3353944928873,0.6067006554989075,1,1
2024020397,2024-12-03,COL,BUF,401687996,5.5,5.7347601775545805,0.4117884537747275,1,1
2024020398,2024-12-03,NYI,MTL,401687997,5.5,5.606051679360132,0.447405997144217,1,1
2024020399,2024-12-03,FLA,PIT,401687998,6.5,6.600033200170701,0.3859649122807018,1,1
2024020400,2024-12-03,SJS,WSH,401687999,6.5,6.397385381191386,0.7044334975369458,1,1
2024020401,2024-12-03,SEA,CAR,401688000,6.5,6.397385381191386,0.7085889570552146,1,1
2024020402,2024-12-03,VAN,MIN,401688001,5.5,5.606051679360132,0.5711159737417943,1,1
2024020403,2024-12-03,STL,WPG,401688002,5.5,5.606051679360132,0.6564885496183206,1,1
2024020404,2024-12-03,CBJ,CGY,401688003,6.5,6.5304172390661925,0.5711159737417943,1,1
2024020405,2024-12-03,EDM,VGK,401688004,6.5,6.669637074549774,0.447405997144217,1,1
2024020406,2024-12-04,NSH,TOR,401688005,5.5,5.9283464961821135,0.5620437956204379,1,1
2024020407,2024-12-04,BOS,CHI,401688006,5.5,5.4793142480398025,0.4288840262582056,1,1
2024020408,2024-12-04,VGK,ANA,401688007,6.5,6.5304172390661925,0.4288840262582056,1,1
2024020409,2024-12-04,DAL,LAK,401688008,5.5,5.670161188712068,0.4891657638136511,1,1
2024020410,2024-12-05,WPG,BUF,401688009,5.5,5.7347601775545805,0.4288840262582056,1,1
2024020411,2024-12-05,NSH,MTL,401688010,6.5,6.462310215319599,0.4572564612326044,1,1
2024020412,2024-12-05,DET,OTT,401688011,6.5,6.5304172390661925,0.6233894945490583,1,1
2024020413,2024-12-05,SJS,TBL,401688012,6.5,6.462310215319599,0.700162074554295,1,1
2024020414,2024-12-05,FLA,PHI,401688013,6.5,6.462310215319599,0.3744351194318915,1,1
2024020415,2024-12-05,COL,CAR,401688014,6.5,6.669637074549774,0.5711159737417943,1,1
2024020416,2024-12-05,SEA,NYI,401688015,5.5,5.419621802129452,0.5427435387673957,1,1
2024020417,2024-12-05,STL,CGY,401688016,5.5,5.7347601775545805,0.5324675324675325,1,1
2024020418,2024-12-05,CBJ,EDM,401688017,6.5,7.015487099178884,0.717453505007153,1,1
2024020419,2024-12-06,WSH,TOR,401688018,6.5,6.397385381191386,0.5711159737417943,1,1
2024020420,2024-12-06,SEA,NJD,401688019,6.5,6.253832031114614,0.700162074554295,1,1
2024020421,2024-12-06,PIT,NYR,401688020,6.5,6.881371545107008,0.6507042253521127,1,1
2024020422,2024-12-06,CBJ,VAN,401688021,6.5,6.462310215319599,0.6675191815856777,1,1
2024020423,2024-12-06,DAL,VGK,401688022,6.5,6.3353944928873,0.4201680672268907,1,1
2024020424,2024-12-06,MIN,ANA,401688023,5.5,5.989261721576936,0.3634123806590699,1,1
2024020425,2024-12-07,PHI,BOS,401688024,5.5,5.800324999938054,0.5798319327731092,1,1
2024020426,2024-12-07,UTA,BUF,401688025,6.5,6.397385381191386,0.5217391304347826,1,1
2024020427,2024-12-07,WPG,CHI,401688026,5.5,5.7347601775545805,0.3571428571428571,1,1
2024020428,2024-12-07,CAR,NYI,401688032,5.5,5.9283464961821135,0.3634123806590699,1,1
2024020429,2024-12-07,SJS,FLA,401688027,6.5,6.600033200170701,0.7619047619047619,1,1
2024020430,2024-12-07,WSH,MTL,401688028,5.5,6.012818367378715,0.4288840262582056,1,1
2024020431,2024-12-07,NSH,OTT,401688029,5.5,5.86541251341262,0.5324675324675325,1,1
2024020432,2024-12-07,COL,DET,401688030,6.5,6.881371545107008,0.3492957746478873,1,1
2024020433,2024-12-07,TOR,PIT,401688031,6.5,6.462310215319599,0.3932993445010925,1,1
2024020434,2024-12-07,MIN,LAK,401688033,5.5,5.606051679360132,0.6092362344582594,1,1
2024020435,2024-12-07,STL,EDM,401688034,6.5,6.462310215319599,0.7044334975369458,1,1
2024020436,2024-12-08,SEA,NYR,401688035,5.5,5.989261721576936,0.5798319327731092,1,1
2024020437,2024-12-08,TBL,VAN,401688036,6.5,6.397385381191386,0.4675324675324676,1,1
2024020438,2024-12-08,NYI,OTT,401688037,5.5,5.800324999938054,0.5427435387673957,1,1
2024020439,2024-12-08,CBJ,WPG,401688038,6.5,6.600033200170701,0.5882115462252726,1,1
2024020440,2024-12-08,COL,NJD,401688039,6.5,6.949540302316011,0.5990922844175491,1,1
2024020441,2024-12-08,UTA,PHI,401688040,5.5,5.9283464961821135,0.5108342361863489,1,1
2024020442,2024-12-08,CGY,DAL,401688041,6.5,6.253832031114614,0.6564885496183206,1,1
2024020443,2024-12-09,DET,BUF,401688042,6.5,6.462310215319599,0.5324675324675325,1,1
2024020444,2024-12-09,CHI,NYR,401688043,6.5,6.253832031114614,0.6946564885496184,1,1
2024020445,2024-12-09,ANA,MTL,401688044,6.5,6.397385381191386,0.5882115462252726,1,1
2024020446,2024-12-10,TOR,NJD,401688045,6.5,6.397385381191386,0.552594002855783,1,1
2024020447,2024-12-10,COL,PIT,401688046,6.5,6.881371545107008,0.3766105054509415,1,1
2024020448,2024-12-10,SJS,CAR,401688047,6.5,6.669637074549774,0.8024316109422492,1,1
2024020449,2024-12-10,PHI,CBJ,401688048,6.5,6.739730786233835,0.4675324675324676,1,1
2024020450,2024-12-10,LAK,NYI,401688049,5.5,5.419621802129452,0.4572564612326044,1,1
2024020451,2024-12-10,CGY,NSH,401688050,5.5,5.86541251341262,0.6233894945490583,1,1
2024020452,2024-12-10,BOS,WPG,401688051,5.5,5.4793142480398025,0.552594002855783,1,1
2024020453,2024-12-10,TBL,EDM,401688052,6.5,6.739730786233835,0.5798319327731092,1,1
2024020454,2024-12-10,MIN,UTA,401688053,5.5,5.670161188712068,0.5108342361863489,1,1
2024020455,2024-12-10,STL,VAN,401688054,5.5,5.670161188712068,0.6067006554989075,1,1
2024020456,2024-12-10,FLA,SEA,401688055,5.5,5.86541251341262,0.3634123806590699,1,1
2024020457,2024-12-11,NYR,BUF,401688056,6.5,6.397385381191386,0.4288840262582056,1,1
2024020458,2024-12-11,ANA,OTT,401688057,6.5,6.3353944928873,0.679245283018868,1,1
2024020459,2024-12-12,ANA,TOR,401688058,5.5,6.048280520597112,0.7826086956521738,1,1
2024020460,2024-12-12,PIT,MTL,401688059,6.5,6.739730786233835,0.4782608695652174,1,1
2024020461,2024-12-12,LAK,NJD,401688060,5.5,5.800324999938054,0.5911949685534592,1,1
2024020462,2024-12-12,DET,PHI,401688061,6.5,6.3353944928873,0.5217391304347826,1,1
2024020463,2024-12-12,WSH,CBJ,401688062,6.5,6.739730786233835,0.3859649122807018,1,1
2024020464,2024-12-12,CHI,NYI,401688063,5.5,5.606051679360132,0.6385542168674698,1,1
2024020465,2024-12-12,SJS,STL,401688064,5.5,5.86541251341262,0.6233894945490583,1,1
2024020466,2024-12-12,NSH,DAL,401688065,6.5,6.462310215319599,0.6507042253521127,1,1
2024020467,2024-12-12,EDM,MIN,401688066,5.5,5.86541251341262,0.437956204379562,1,1
2024020468,2024-12-12,VGK,WPG,401688067,5.5,5.670161188712068,0.5324675324675325,1,1
2024020469,2024-12-12,UTA,COL,401688068,6.5,6.600033200170701,0.6233894945490583,1,1
2024020470,2024-12-12,TBL,CGY,401688069,6.5,6.3353944928873,0.4088050314465409,1,1
2024020471,2024-12-12,FLA,VAN,401688070,5.5,5.7347601775545805,0.3788903924221922,1,1
2024020472,2024-12-12,BOS,SEA,401688071,5.5,5.670161188712068,0.4782608695652174,1,1
2024020473,2024-12-13,OTT,CAR,401688072,6.5,6.397385381191386,0.6428571428571429,1,1
2024020474,2024-12-14,CHI,NJD,401688073,5.5,6.070664464124471,0.7553516819571866,1,1
2024020475,2024-12-14,LAK,NYR,401688074,5.5,5.670161188712068,0.5217391304347826,1,1
2024020476,2024-12-14,PHI,MIN,401688075,5.5,5.86541251341262,0.5798319327731092,1,1
2024020477,2024-12-14,VGK,EDM,401688076,6.5,6.462310215319599,0.5798319327731092,1,1
2024020478,2024-12-14,PIT,OTT,401688077,6.5,6.600033200170701,0.5427435387673957,1,1
2024020479,2024-12-14,TOR,DET,401688078,5.5,5.9283464961821135,0.3766105054509415,1,1
2024020480,2024-12-14,BUF,WSH,401688079,6.5,6.3353944928873,0.6301020408163265,1,1
2024020481,2024-12-14,ANA,CBJ,401688080,6.5,6.397385381191386,0.6233894945490583,1,1
2024020482,2024-12-14,MTL,WPG,401688081,5.5,5.989261721576936,0.679245283018868,1,1
2024020483,2024-12-14,STL,DAL,401688082,5.5,5.9283464961821135,0.6727813584531482,1,1
2024020484,2024-12-14,NSH,COL,401688083,6.5,6.3353944928873,0.5990922844175491,1,1
2024020485,2024-12-14,FLA,CGY,401688084,5.5,5.7347601775545805,0.3766105054509415,1,1
2024020486,2024-12-14,BOS,VAN,401688085,5.5,5.670161188712068,0.5427435387673957,1,1
2024020487,2024-12-14,UTA,SJS,401688086,6.5,6.3353944928873,0.3698979591836733,1,1
2024020488,2024-12-14,TBL,SEA,401688087,6.5,6.5304172390661925,0.4572564612326044,1,1
2024020489,2024-12-15,NYI,CHI,401688088,5.5,5.541969544751927,0.3571428571428571,1,1
2024020490,2024-12-15,BUF,TOR,401688089,6.5,6.669637074549774,0.6067006554989075,1,1
2024020491,2024-12-15,CBJ,CAR,401688090,6.5,6.600033200170701,0.7483588621444202,1,1
2024020492,2024-12-15,NYR,STL,401688091,5.5,5.86541251341262,0.4675324675324676,1,1
2024020493,2024-12-15,VGK,MIN,401688092,5.5,5.800324999938054,0.4782608695652174,1,1
2024020494,2024-12-16,WSH,DAL,401688093,5.5,5.86541251341262,0.5911949685534592,1,1
2024020495,2024-12-16,FLA,EDM,401688094,5.5,6.147039209738404,0.5427435387673957,1,1
2024020496,2024-12-16,COL,VAN,401688095,5.5,5.989261721576936,0.447405997144217,1,1
2024020497,2024-12-17,BUF,MTL,401688096,5.5,5.86541251341262,0.4572564612326044,1,1
2024020498,2024-12-17,CBJ,TBL,401688097,6.5,6.600033200170701,0.7044334975369458,1,1
2024020499,2024-12-17,LAK,PIT,401688098,5.5,5.800324999938054,0.4201680672268907,1,1
2024020500,2024-12-17,NYI,CAR,401688099,5.5,5.86541251341262,0.6727813584531482,1,1
2024020501,2024-12-17,NJD,STL,401688100,5.5,5.7347601775545805,0.3766105054509415,1,1
2024020502,2024-12-17,NYR,NSH,401688101,5.5,5.9283464961821135,0.5620437956204379,1,1
2024020503,2024-12-17,WSH,CHI,401688102,5.5,5.800324999938054,0.3571428571428571,1,1
2024020504,2024-12-17,BOS,CGY,401688103,5.5,5.606051679360132,0.447405997144217,1,1
2024020505,2024-12-17,OTT,SEA,401688104,5.5,5.419621802129452,0.447405997144217,1,1
2024020506,2024-12-17,WPG,SJS,401688105,5.5,5.86541251341262,0.3324808184143222,1,1
2024020507,2024-12-18,PHI,DET,401688106,5.5,5.86541251341262,0.4891657638136511,1,1
2024020508,2024-12-18,TOR,DAL,401688107,5.5,5.800324999938054,0.552594002855783,1,1
2024020509,2024-12-18,FLA,MIN,401688108,5.5,5.606051679360132,0.4201680672268907,1,1
2024020510,2024-12-18,VAN,UTA,401688109,5.5,5.9283464961821135,0.5217391304347826,1,1
2024020511,2024-12-18,WPG,ANA,401688110,5.5,5.9283464961821135,0.4201680672268907,1,1
2024020512,2024-12-19,STL,TBL,401688111,5.5,5.9283464961821135,0.6564885496183206,1,1
2024020513,2024-12-19,LAK,PHI,401688112,5.5,5.606051679360132,0.4009077155824508,1,1
2024020514,2024-12-19,NJD,CBJ,401688113,6.5,6.600033200170701,0.3324808184143222,1,1
2024020515,2024-12-19,PIT,NSH,401688114,5.5,5.9283464961821135,0.5798319327731092,1,1
2024020516,2024-12-19,SEA,CHI,401688115,5.5,5.606051679360132,0.4288840262582056,1,1
2024020517,2024-12-19,OTT,CGY,401688116,5.5,5.670161188712068,0.4675324675324676,1,1
2024020518,2024-12-19,BOS,EDM,401688117,6.5,6.3353944928873,0.6233894945490583,1,1
2024020519,2024-12-19,VAN,VGK,401688118,5.5,5.9283464961821135,0.5990922844175491,1,1
2024020520,2024-12-19,COL,SJS,401688119,6.5,6.600033200170701,0.3053435114503817,1,1
2024020521,2024-12-20,TOR,BUF,401688120,6.5,6.462310215319599,0.4170073589533932,1,1
2024020522,2024-12-20,MTL,DET,401688121,6.5,6.3353944928873,0.5882115462252726,1,1
2024020523,2024-12-20,STL,FLA,401688122,5.5,5.800324999938054,0.7328244274809161,1,1
2024020524,2024-12-20,CAR,WSH,401688123,5.5,5.9283464961821135,0.4117884537747275,1,1
2024020525,2024-12-20,NYR,DAL,401688124,6.5,6.462310215319599,0.6164383561643836,1,1
2024020526,2024-12-20,UTA,MIN,401688125,5.5,5.800324999938054,0.5324675324675325,1,1
2024020527,2024-12-20,COL,ANA,401688126,6.5,6.739730786233835,0.3534777651083238,1,1
2024020528,2024-12-21,LAK,NSH,401688127,5.5,5.7347601775545805,0.5,1,1
2024020529,2024-12-21,CHI,CGY,401688128,5.5,5.541969544751927,0.6140350877192983,1,1
2024020530,2024-12-21,SJS,EDM,401688129,6.5,6.949540302316011,0.7826086956521738,1,1
2024020531,2024-12-21,BUF,BOS,401688130,6.5,6.397385381191386,0.6140350877192983,1,1
2024020532,2024-12-21,NYI,TOR,401688131,5.5,5.670161188712068,0.5620437956204379,1,1
2024020533,2024-12-21,DET,MTL,401688132,6.5,6.462310215319599,0.4782608695652174,1,1
2024020534,2024-12-21,PIT,NJD,401688133,6.5,6.397385381191386,0.6946564885496184,1,1
2024020535,2024-12-21,CBJ,PHI,401688134,6.5,6.600033200170701,0.5711159737417943,1,1
2024020536,2024-12-21,MIN,WPG,401688135,5.5,5.800324999938054,0.5990922844175491,1,1
2024020537,2024-12-21,OTT,VAN,401688136,5.5,5.800324999938054,0.5427435387673957,1,1
2024020538,2024-12-21,SEA,VGK,401688137,6.5,6.3353944928873,0.6365876193409301,1,1
2024020539,2024-12-22,CAR,NYR,401688138,5.5,5.7347601775545805,0.4288840262582056,1,1
2024020540,2024-12-22,FLA,TBL,401688139,6.5,6.462310215319599,0.4891657638136511,1,1
2024020541,2024-12-22,LAK,WSH,401688140,5.5,5.4793142480398025,0.5990922844175491,1,1
2024020542,2024-12-22,ANA,UTA,401688141,6.5,6.462310215319599,0.6564885496183206,1,1
2024020543,2024-12-22,SEA,COL,401688142,6.5,6.397385381191386,0.7241379310344829,1,1
2024020544,2024-12-22,OTT,EDM,401688143,6.5,6.397385381191386,0.6233894945490583,1,1
2024020545,2024-12-23,NYR,NJD,401688144,6.5,6.3353944928873,0.6979865771812079,1,1
2024020546,2024-12-23,WPG,TOR,401688145,5.5,5.7347601775545805,0.5324675324675325,1,1
2024020547,2024-12-23,WSH,BOS,401688146,5.5,5.7347601775545805,0.5711159737417943,1,1
2024020548,2024-12-23,STL,DET,401688147,5.5,5.7347601775545805,0.5217391304347826,1,1
2024020549,2024-12-23,TBL,FLA,401688148,6.5,6.669637074549774,0.5798319327731092,1,1
2024020550,2024-12-23,PHI,PIT,401688149,6.5,6.462310215319599,0.5108342361863489,1,1
2024020551,2024-12-23,MTL,CBJ,401688150,6.5,6.600033200170701,0.5324675324675325,1,1
2024020552,2024-12-23,BUF,NYI,401688151,5.5,5.800324999938054,0.5990922844175491,1,1
2024020553,2024-12-23,CAR,NSH,401688152,5.5,5.86541251341262,0.4675324675324676,1,1
2024020554,2024-12-23,CHI,MIN,401688153,5.5,5.86541251341262,0.6564885496183206,1,1
2024020555,2024-12-23,SJS,VAN,401688154,5.5,5.86541251341262,0.679245283018868,1,1
2024020556,2024-12-23,DAL,UTA,401688155,6.5,6.253832031114614,0.4009077155824508,1,1
2024020557,2024-12-23,ANA,VGK,401688156,6.5,6.810830520270558,0.7241379310344829,1,1
2024020558,2024-12-27,CHI,BUF,401688157,6.5,6.397385381191386,0.5882115462252726,1,1
2024020559,2024-12-27,TOR,DET,401688158,5.5,5.800324999938054,0.447405997144217,1,1
2024020560,2024-12-27,CAR,NJD,401688159,5.5,5.670161188712068,0.552594002855783,1,1
2024020561,2024-12-27,BOS,CBJ,401688160,6.5,6.5304172390661925,0.4117884537747275,1,1
2024020562,2024-12-27,NSH,STL,401688161,5.5,5.7347601775545805,0.4343971631205673,1,1
2024020563,2024-12-27,MIN,DAL,401688162,5.5,5.541969544751927,0.6507042253521127,1,1
2024020564,2024-12-27,COL,UTA,401688163,6.5,6.669637074549774,0.437956204379562,1,1
2024020565,2024-12-27,VGK,SJS,401688164,6.5,6.600033200170701,0.3207547169811321,1,1
2024020566,2024-12-28,MTL,FLA,401688165,6.5,6.5304172390661925,0.7408716136631331,1,1
2024020567,2024-12-28,SEA,VAN,401688166,5.5,5.670161188712068,0.5427435387673957,1,1
2024020568,2024-12-28,PHI,ANA,401688167,6.5,6.397385381191386,0.4117884537747275,1,1
2024020569,2024-12-28,EDM,LAK,401688168,5.5,5.7347601775545805,0.447405997144217,1,1
2024020570,2024-12-28,CBJ,BOS,401688169,6.5,6.397385381191386,0.6428571428571429,1,1
2024020571,2024-12-28,WSH,TOR,401688170,6.5,6.397385381191386,0.4572564612326044,1,1
2024020572,2024-12-28,NYR,TBL,401688171,6.5,6.462310215319599,0.5990922844175491,1,1
2024020573,2024-12-28,NJD,CAR,401688172,6.5,6.397385381191386,0.552594002855783,1,1
2024020574,2024-12-28,OTT,WPG,401688173,5.5,5.989261721576936,0.6067006554989075,1,1
2024020575,2024-12-28,PIT,NYI,401688174,6.5,6.462310215319599,0.5990922844175491,1,1
2024020576,2024-12-28,CGY,SJS,401688175,6.5,6.600033200170701,0.3744351194318915,1,1
2024020577,2024-12-29,DAL,CHI,401688176,5.5,5.9283464961821135,0.2955665024630542,1,1
2024020578,2024-12-29,EDM,ANA,401688177,6.5,6.949540302316011,0.2914110429447852,1,1
2024020579,2024-12-29,WSH,DET,401688178,5.5,5.800324999938054,0.437956204379562,1,1
2024020580,2024-12-29,MTL,TBL,401688179,6.5,6.810830520270558,0.6507042253521127,1,1
2024020581,2024-12-29,NYI,PIT,401688180,6.5,6.5304172390661925,0.4572564612326044,1,1
2024020582,2024-12-29,BUF,STL,401688181,5.5,5.670161188712068,0.5427435387673957,1,1
2024020583,2024-12-29,OTT,MIN,401688182,5.5,5.989261721576936,0.5990922844175491,1,1
2024020584,2024-12-29,CGY,VGK,401688183,6.5,6.600033200170701,0.6564885496183206,1,1
2024020585,2024-12-29,PHI,LAK,401688184,5.5,5.606051679360132,0.5798319327731092,1,1
2024020586,2024-12-30,NYR,FLA,401688185,5.5,5.9283464961821135,0.6507042253521127,1,1
2024020587,2024-12-30,NSH,WPG,401688186,5.5,5.9283464961821135,0.5427435387673957,1,1
2024020588,2024-12-30,UTA,SEA,401688187,6.5,6.397385381191386,0.4009077155824508,1,1
2024020589,2024-12-31,BOS,WSH,401688188,5.5,5.4793142480398025,0.5711159737417943,1,1
2024020590,2024-12-31,NYI,TOR,401688189,5.5,5.989261721576936,0.5427435387673957,1,1
2024020591,2024-12-31,MTL,VGK,401688190,6.5,6.669637074549774,0.6675191815856777,1,1
2024020592,2024-12-31,STL,CHI,401688191,5.5,5.606051679360132,0.4201680672268907,1,1
2024020593,2024-12-31,PIT,DET,401688192,5.5,5.800324999938054,0.5427435387673957,1,1
2024020594,2024-12-31,CAR,CBJ,401688193,6.5,6.5304172390661925,0.311111111111111,1,1
2024020595,2024-12-31,BUF,DAL,401688194,6.5,6.397385381191386,0.6507042253521127,1,1
2024020596,2024-12-31,NSH,MIN,401688195,5.5,5.86541251341262,0.5324675324675325,1,1
2024020597,2024-12-31,WPG,COL,401688196,6.5,6.810830520270558,0.6507042253521127,1,1
2024020598,2024-12-31,NJD,ANA,401688197,6.5,6.600033200170701,0.2955665024630542,1,1
2024020599,2024-12-31,PHI,SJS,401688198,6.5,6.5304172390661925,0.3766105054509415,1,1
2024020600,2024-12-31,VAN,CGY,401688199,5.5,5.800324999938054,0.552594002855783,1,1
2024020601,2024-12-31,UTA,EDM,401688200,6.5,6.881371545107008,0.6428571428571429,1,1
2024020602,2025-01-01,NJD,LAK,401688201,5.5,5.670161188712068,0.4675324675324676,1,1
2024020603,2025-01-02,CAR,FLA,401688202,5.5,5.670161188712068,0.5324675324675325,1,1
2024020604,2025-01-02,BOS,NYR,401688203,5.5,5.86541251341262,0.5108342361863489,1,1
2024020605,2025-01-02,MIN,WSH,401688204,5.5,5.800324999938054,0.6140350877192983,1,1
2024020606,2025-01-02,DET,CBJ,401688205,6.5,6.5304172390661925,0.5108342361863489,1,1
2024020607,2025-01-02,TOR,NYI,401688206,5.5,5.800324999938054,0.5,1,1
2024020608,2025-01-02,OTT,DAL,401688207,5.5,5.989261721576936,0.6365876193409301,1,1
2024020609,2025-01-02,ANA,WPG,401688208,6.5,6.462310215319599,0.6946564885496184,1,1
2024020610,2025-01-02,BUF,COL,401688209,6.5,6.949540302316011,0.6428571428571429,1,1
2024020611,2025-01-02,UTA,CGY,401688210,6.5,6.669637074549774,0.4572564612326044,1,1
2024020612,2025-01-02,PHI,VGK,401688211,6.5,6.600033200170701,0.6301020408163265,1,1
2024020613,2025-01-02,VAN,SEA,401688212,5.5,5.606051679360132,0.5217391304347826,1,1
2024020614,2025-01-02,TBL,SJS,401688213,6.5,6.600033200170701,0.2955665024630542,1,1
2024020615,2025-01-03,PIT,FLA,401688214,5.5,5.989261721576936,0.6301020408163265,1,1
2024020616,2025-01-03,MTL,CHI,401688215,5.5,5.9283464961821135,0.4170073589533932,1,1
2024020617,2025-01-03,OTT,STL,401688216,5.5,5.541969544751927,0.5427435387673957,1,1
2024020618,2025-01-03,ANA,EDM,401688217,6.5,6.949540302316011,0.7931034482758621,1,1
2024020619,2025-01-03,NSH,VAN,401688218,5.5,5.86541251341262,0.3678304239401496,1,1
2024020620,2025-01-04,NYR,WSH,401688219,6.5,6.397385381191386,0.5990922844175491,1,1
2024020621,2025-01-04,DET,WPG,401688220,5.5,5.800324999938054,0.6507042253521127,1,1
2024020622,2025-01-04,NJD,SJS,401688221,6.5,6.397385381191386,0.2591283863368669,1,1
2024020623,2025-01-04,BOS,TOR,401688222,5.5,5.86541251341262,0.5620437956204379,1,1
2024020624,2025-01-04,MIN,CAR,401688223,5.5,5.86541251341262,0.6675191815856777,1,1
2024020625,2025-01-04,STL,CBJ,401688224,5.5,5.86541251341262,0.5108342361863489,1,1
2024020626,2025-01-04,MTL,COL,401688225,6.5,6.739730786233835,0.7328244274809161,1,1
2024020627,2025-01-04,NSH,CGY,401688226,6.5,6.5304172390661925,0.5427435387673957,1,1
2024020628,2025-01-04,UTA,DAL,401688227,6.5,6.600033200170701,0.5990922844175491,1,1
2024020629,2025-01-04,TBL,LAK,401688228,5.5,5.800324999938054,0.5108342361863489,1,1
2024020630,2025-01-04,BUF,VGK,401688229,6.5,6.739730786233835,0.6675191815856777,1,1
2024020631,2025-01-04,EDM,SEA,401688230,6.5,6.669637074549774,0.3766105054509415,1,1
2024020632,2025-01-05,NYR,CHI,401688231,6.5,6.949540302316011,0.447405997144217,1,1
2024020633,2025-01-05,NYI,BOS,401688232,5.5,5.7347601775545805,0.4891657638136511,1,1
2024020634,2025-01-05,PIT,CAR,401688233,6.5,6.397385381191386,0.6507042253521127,1,1
2024020635,2025-01-05,PHI,TOR,401688234,6.5,6.600033200170701,0.574468085106383,1,1
2024020636,2025-01-05,TBL,ANA,401688235,6.5,7.103560424725911,0.4009077155824508,1,1
2024020637,2025-01-06,WSH,BUF,401688236,5.5,5.9283464961821135,0.4088050314465409,1,1
2024020638,2025-01-06,VAN,MTL,401688237,5.5,5.800324999938054,0.4572564612326044,1,1
2024020639,2025-01-06,FLA,COL,401688238,6.5,6.397385381191386,0.5217391304347826,1,1
2024020640,2025-01-06,NJD,SEA,401688239,5.5,5.989261721576936,0.3053435114503817,1,1
2024020029,2025-01-07,CAR,TBL,401734652,5.5,5.989261721576936,0.4891657638136511,1,1
2024020641,2025-01-07,EDM,BOS,401688240,5.5,5.9283464961821135,0.437956204379562,1,1
2024020642,2025-01-07,OTT,DET,401688241,5.5,5.989261721576936,0.4782608695652174,1,1
2024020643,2025-01-07,DAL,NYR,401688242,6.5,6.600033200170701,0.3859649122807018,1,1
2024020644,2025-01-07,TOR,PHI,401688243,5.5,5.9283464961821135,0.4288840262582056,1,1
2024020645,2025-01-07,CBJ,PIT,401688244,6.5,6.669637074549774,0.5711159737417943,1,1
2024020646,2025-01-07,STL,MIN,401688245,5.5,5.4793142480398025,0.5427435387673957,1,1
2024020647,2025-01-07,NSH,WPG,401688246,5.5,5.7347601775545805,0.5882115462252726,1,1
2024020648,2025-01-07,CGY,ANA,401688247,6.5,6.397385381191386,0.437956204379562,1,1
2024020649,2025-01-07,VGK,SJS,401688248,6.5,6.600033200170701,0.299837925445705,1,1
2024020650,2025-01-08,VAN,WSH,401688249,5.5,5.541969544751927,0.6140350877192983,1,1
2024020651,2025-01-08,COL,CHI,401688250,6.5,6.881371545107008,0.3207547169811321,1,1
2024020652,2025-01-08,FLA,UTA,401688251,5.5,5.86541251341262,0.4288840262582056,1,1
2024020654,2025-01-09,BUF,OTT,401688253,6.5,6.397385381191386,0.5798319327731092,1,1
2024020655,2025-01-09,BOS,TBL,401688254,5.5,5.86541251341262,0.6067006554989075,1,1
2024020656,2025-01-09,NJD,NYR,401688255,6.5,6.397385381191386,0.4201680672268907,1,1
2024020657,2025-01-09,DAL,PHI,401688256,6.5,6.462310215319599,0.4009077155824508,1,1
2024020658,2025-01-09,EDM,PIT,401688257,6.5,6.669637074549774,0.3272186415468517,1,1
2024020659,2025-01-09,TOR,CAR,401688258,5.5,5.7347601775545805,0.6067006554989075,1,1
2024020660,2025-01-09,SEA,CBJ,401688259,6.5,6.5304172390661925,0.4675324675324676,1,1
2024020661,2025-01-09,ANA,STL,401688260,5.5,5.86541251341262,0.6365876193409301,1,1
2024020662,2025-01-09,COL,MIN,401688261,5.5,5.989261721576936,0.4201680672268907,1,1
2024020663,2025-01-09,NYI,VGK,401688262,5.5,5.989261721576936,0.6233894945490583,1,1
2024020664,2025-01-10,CHI,DET,401688263,5.5,5.9283464961821135,0.6233894945490583,1,1
2024020665,2025-01-10,MTL,WSH,401688264,6.5,6.3353944928873,0.6564885496183206,1,1
2024020666,2025-01-10,VAN,CAR,401688265,5.5,5.86541251341262,0.5990922844175491,1,1
2024020667,2025-01-10,LAK,WPG,401688266,5.5,5.86541251341262,0.5,1,1
2024020668,2025-01-10,SJS,UTA,401688267,6.5,6.5304172390661925,0.7044334975369458,1,1
2024020669,2025-01-11,BOS,FLA,401688268,5.5,5.7347601775545805,0.6428571428571429,1,1
2024020670,2025-01-11,SEA,BUF,401688269,5.5,5.86541251341262,0.5427435387673957,1,1
2024020671,2025-01-11,OTT,PIT,401688270,5.5,5.989261721576936,0.4891657638136511,1,1
2024020672,2025-01-11,VAN,TOR,401688271,5.5,5.86541251341262,0.6233894945490583,1,1
2024020673,2025-01-11,DAL,MTL,401688272,5.5,5.9283464961821135,0.3324808184143222,1,1
2024020674,2025-01-11,TBL,NJD,401688273,6.5,6.397385381191386,0.5620437956204379,1,1
2024020675,2025-01-11,ANA,PHI,401688274,5.5,5.9283464961821135,0.6301020408163265,1,1
2024020676,2025-01-11,EDM,CHI,401688275,6.5,6.881371545107008,0.2272727272727272,1,1
2024020677,2025-01-11,CBJ,STL,401688276,6.5,6.462310215319599,0.6507042253521127,1,1
2024020678,2025-01-11,COL,WPG,401688277,6.5,6.462310215319599,0.4572564612326044,1,1
2024020679,2025-01-11,WSH,NSH,401688278,5.5,5.86541251341262,0.574468085106383,1,1
2024020680,2025-01-11,NYI,UTA,401688279,6.5,6.3353944928873,0.5108342361863489,1,1
2024020681,2025-01-11,LAK,CGY,401688280,5.5,5.606051679360132,0.5427435387673957,1,1
2024020682,2025-01-11,NYR,VGK,401688281,6.5,6.397385381191386,0.5620437956204379,1,1
2024020683,2025-01-11,MIN,SJS,401688282,5.5,5.9283464961821135,0.3634123806590699,1,1
2024020684,2025-01-12,SEA,DET,401688283,5.5,5.86541251341262,0.6140350877192983,1,1
2024020685,2025-01-12,DAL,OTT,401688284,5.5,5.86541251341262,0.4201680672268907,1,1
2024020686,2025-01-12,TBL,PIT,401688285,6.5,6.739730786233835,0.4201680672268907,1,1
2024020687,2025-01-12,ANA,CAR,401688286,6.5,6.3353944928873,0.7931034482758621,1,1
2024020688,2025-01-12,MIN,VGK,401688287,5.5,5.86541251341262,0.6365876193409301,1,1
2024020689,2025-01-13,FLA,PHI,401688288,5.5,5.9283464961821135,0.3766105054509415,1,1
2024020690,2025-01-13,CGY,CHI,401688289,5.5,5.800324999938054,0.4009077155824508,1,1
2024020691,2025-01-13,LAK,EDM,401688290,5.5,5.7347601775545805,0.6507042253521127,1,1
2024020692,2025-01-14,TBL,BOS,401688291,5.5,5.670161188712068,0.447405997144217,1,1
2024020693,2025-01-14,DAL,TOR,401688292,5.5,5.800324999938054,0.4675324675324676,1,1
2024020694,2025-01-14,SJS,DET,401688293,5.5,5.86541251341262,0.6233894945490583,1,1
2024020695,2025-01-14,FLA,NJD,401688294,5.5,5.86541251341262,0.5962732919254659,1,1
2024020696,2025-01-14,SEA,PIT,401688295,5.5,5.9283464961821135,0.5427435387673957,1,1
2024020697,2025-01-14,ANA,WSH,401688296,5.5,5.86541251341262,0.700162074554295,1,1
2024020698,2025-01-14,PHI,CBJ,401688297,6.5,6.810830520270558,0.4782608695652174,1,1
2024020699,2025-01-14,OTT,NYI,401688298,5.5,5.7347601775545805,0.5108342361863489,1,1
2024020700,2025-01-14,CGY,STL,401688299,5.5,5.800324999938054,0.6140350877192983,1,1
2024020701,2025-01-14,VGK,NSH,401688300,6.5,6.3353944928873,0.447405997144217,1,1
2024020702,2025-01-14,VAN,WPG,401688301,5.5,5.287762843667935,0.5990922844175491,1,1
2024020703,2025-01-14,NYR,COL,401688302,6.5,6.5304172390661925,0.5798319327731092,1,1
2024020704,2025-01-14,MTL,UTA,401688303,5.5,5.989261721576936,0.5798319327731092,1,1
2024020705,2025-01-15,CAR,BUF,401688304,5.5,5.9283464961821135,0.3766105054509415,1,1
2024020706,2025-01-15,EDM,MIN,401688305,6.5,6.397385381191386,0.337909186906019,1,1
2024020707,2025-01-16,NJD,TOR,401688306,5.5,5.670161188712068,0.4572564612326044,1,1
2024020708,2025-01-16,WSH,OTT,401688307,5.5,5.670161188712068,0.5108342361863489,1,1
2024020709,2025-01-16,ANA,TBL,401688308,6.5,6.5304172390661925,0.7328244274809161,1,1
2024020710,2025-01-16,DET,FLA,401688309,5.5,5.606051679360132,0.6946564885496184,1,1
2024020711,2025-01-16,SJS,CBJ,401688310,6.5,6.3353944928873,0.6140350877192983,1,1
2024020712,2025-01-16,PHI,NYI,401688311,5.5,5.7347601775545805,0.5620437956204379,1,1
2024020713,2025-01-16,CGY,STL,401688312,5.5,5.670161188712068,0.552594002855783,1,1
2024020714,2025-01-16,CHI,NSH,401688313,5.5,6.070664464124471,0.7183098591549295,1,1
2024020715,2025-01-16,MTL,DAL,401688314,5.5,5.9283464961821135,0.6507042253521127,1,1
2024020716,2025-01-16,SEA,WPG,401688315,5.5,5.541969544751927,0.6675191815856777,1,1
2024020717,2025-01-16,NYR,UTA,401688316,5.5,5.9283464961821135,0.4782608695652174,1,1
2024020718,2025-01-16,EDM,COL,401688317,6.5,6.5304172390661925,0.5324675324675325,1,1
2024020719,2025-01-16,LAK,VAN,401688318,5.5,5.340843102165923,0.4782608695652174,1,1
2024020720,2025-01-17,PIT,BUF,401688319,6.5,6.462310215319599,0.5217391304347826,1,1
2024020721,2025-01-17,VGK,CAR,401688320,5.5,5.9283464961821135,0.5711159737417943,1,1
2024020722,2025-01-18,PHI,NJD,401688321,5.5,5.9283464961821135,0.6233894945490583,1,1
2024020723,2025-01-18,BOS,OTT,401688322,5.5,5.541969544751927,0.552594002855783,1,1
2024020724,2025-01-18,DAL,COL,401688323,6.5,6.397385381191386,0.5427435387673957,1,1
2024020725,2025-01-18,ANA,FLA,401688324,5.5,5.989261721576936,0.7727272727272727,1,1
2024020726,2025-01-18,TOR,MTL,401688325,5.5,5.9283464961821135,0.4288840262582056,1,1
2024020727,2025-01-18,DET,TBL,401688326,6.5,6.397385381191386,0.6428571428571429,1,1
2024020728,2025-01-18,CBJ,NYR,401688327,6.5,6.669637074549774,0.6428571428571429,1,1
2024020729,2025-01-18,PIT,WSH,401688328,5.5,5.86541251341262,0.6365876193409301,1,1
2024020730,2025-01-18,CGY,WPG,401688329,5.5,5.989261721576936,0.5911949685534592,1,1
2024020731,2025-01-18,SJS,NYI,401688330,5.5,5.800324999938054,0.6755725190839694,1,1
2024020732,2025-01-18,VGK,CHI,401688331,6.5,6.462310215319599,0.311111111111111,1,1
2024020733,2025-01-18,MIN,NSH,401688332,5.5,5.800324999938054,0.6301020408163265,1,1
2024020734,2025-01-18,STL,UTA,401688333,5.5,5.86541251341262,0.5108342361863489,1,1
2024020735,2025-01-18,EDM,VAN,401688334,5.5,5.86541251341262,0.3835616438356165,1,1
2024020736,2025-01-18,LAK,SEA,401688335,5.5,5.218734260295697,0.4170073589533932,1,1
2024020737,2025-01-19,OTT,NJD,401688336,5.5,5.7347601775545805,0.6233894945490583,1,1
2024020738,2025-01-19,NYR,MTL,401688337,6.5,6.600033200170701,0.4782608695652174,1,1
2024020739,2025-01-19,DET,DAL,401688338,5.5,5.9283464961821135,0.6564885496183206,1,1
2024020740,2025-01-20,SJS,BOS,401688339,5.5,5.800324999938054,0.6564885496183206,1,1
2024020741,2025-01-20,MIN,COL,401688340,5.5,5.9283464961821135,0.6888888888888889,1,1
2024020742,2025-01-20,BUF,SEA,401688341,5.5,5.7347601775545805,0.5324675324675325,1,1
2024020743,2025-01-20,STL,VGK,401688342,5.5,5.800324999938054,0.6301020408163265,1,1
2024020744,2025-01-20,TBL,TOR,401688343,6.5,6.669637074549774,0.552594002855783,1,1
2024020745,2025-01-20,CBJ,NYI,401688344,5.5,5.800324999938054,0.6233894945490583,1,1
2024020746,2025-01-20,CAR,CHI,401688345,5.5,5.86541251341262,0.2758620689655172,1,1
2024020747,2025-01-20,WPG,UTA,401688346,5.5,5.800324999938054,0.3859649122807018,1,1
2024020748,2025-01-20,PIT,LAK,401688347,5.5,5.7347601775545805,0.6365876193409301,1,1
2024020749,2025-01-21,TBL,MTL,401688348,6.5,6.5304172390661925,0.447405997144217,1,1
2024020750,2025-01-21,OTT,NYR,401688349,5.5,5.7347601775545805,0.5324675324675325,1,1
2024020751,2025-01-21,DET,PHI,401688350,6.5,6.397385381191386,0.5620437956204379,1,1
2024020752,2025-01-21,SJS,NSH,401688351,5.5,5.9283464961821135,0.7483588621444202,1,1
2024020753,2025-01-21,CAR,DAL,401688352,5.5,5.7347601775545805,0.5427435387673957,1,1
2024020754,2025-01-21,WSH,EDM,401688353,5.5,5.800324999938054,0.5882115462252726,1,1
2024020755,2025-01-21,BUF,VAN,401688354,5.5,5.7347601775545805,0.6233894945490583,1,1
2024020756,2025-01-21,FLA,ANA,401688355,5.5,5.800324999938054,0.3053435114503817,1,1
2024020757,2025-01-22,CBJ,TOR,401688356,6.5,6.669637074549774,0.6428571428571429,1,1
2024020758,2025-01-22,BOS,NJD,401688357,5.5,5.7347601775545805,0.6507042253521127,1,1
2024020759,2025-01-22,WPG,COL,401688358,5.5,5.7347601775545805,0.5217391304347826,1,1
2024020760,2025-01-22,FLA,LAK,401688359,5.5,5.606051679360132,0.5324675324675325,1,1
2024020761,2025-01-23,OTT,BOS,401688360,5.5,5.7347601775545805,0.4088050314465409,1,1
2024020762,2025-01-23,MTL,DET,401688361,6.5,6.3353944928873,0.5427435387673957,1,1
2024020763,2025-01-23,PHI,NYR,401688362,5.5,5.800324999938054,0.5798319327731092,1,1
2024020764,2025-01-23,CBJ,CAR,401688363,6.5,6.3353944928873,0.7619047619047619,1,1
2024020765,2025-01-23,VGK,STL,401688364,6.5,6.3353944928873,0.4170073589533932,1,1
2024020766,2025-01-23,UTA,MIN,401688365,5.5,5.9283464961821135,0.5711159737417943,1,1
2024020767,2025-01-23,BUF,CGY,401688366,5.5,5.800324999938054,0.5620437956204379,1,1
2024020768,2025-01-23,VAN,EDM,401688367,5.5,5.800324999938054,0.6140350877192983,1,1
2024020769,2025-01-23,PIT,ANA,401688368,6.5,6.397385381191386,0.4201680672268907,1,1
2024020770,2025-01-23,WSH,SEA,401688369,5.5,5.7347601775545805,0.447405997144217,1,1
2024020771,2025-01-23,NSH,SJS,401688370,6.5,6.462310215319599,0.3324808184143222,1,1
2024020772,2025-01-24,PHI,NYI,401688371,5.5,5.9283464961821135,0.5940252776713904,1,1
2024020773,2025-01-24,TBL,CHI,401688372,6.5,6.949540302316011,0.311111111111111,1,1
2024020774,2025-01-24,VGK,DAL,401688373,5.5,5.86541251341262,0.5829926410466066,1,1
2024020775,2025-01-24,UTA,WPG,401688374,5.5,5.800324999938054,0.679245283018868,1,1
2024020776,2025-01-25,COL,BOS,401688375,5.5,5.86541251341262,0.4288840262582056,1,1
2024020777,2025-01-25,BUF,EDM,401688376,6.5,6.739730786233835,0.700162074554295,1,1
2024020778,2025-01-25,PIT,SEA,401688377,5.5,5.800324999938054,0.5108342361863489,1,1
2024020779,2025-01-25,NJD,MTL,401688378,6.5,6.397385381191386,0.3932993445010925,1,1
2024020780,2025-01-25,TOR,OTT,401688379,5.5,5.7347601775545805,0.5,1,1
2024020781,2025-01-25,TBL,DET,401688380,6.5,6.462310215319599,0.447405997144217,1,1
2024020782,2025-01-25,LAK,CBJ,401688381,5.5,5.7347601775545805,0.3766105054509415,1,1
2024020783,2025-01-25,DAL,STL,401688382,5.5,5.7347601775545805,0.4572564612326044,1,1
2024020784,2025-01-25,CGY,MIN,401688383,5.5,5.7347601775545805,0.5711159737417943,1,1
2024020785,2025-01-25,CAR,NYI,401688384,5.5,5.86541251341262,0.3435114503816793,1,1
2024020786,2025-01-25,WSH,VAN,401688385,5.5,5.4793142480398025,0.4782608695652174,1,1
2024020787,2025-01-25,NSH,ANA,401688386,6.5,6.397385381191386,0.3634123806590699,1,1
2024020788,2025-01-25,FLA,SJS,401688387,5.5,6.070664464124471,0.2758620689655172,1,1
2024020789,2025-01-26,COL,NYR,401688388,5.5,5.86541251341262,0.552594002855783,1,1
2024020790,2025-01-26,UTA,OTT,401688389,5.5,5.7347601775545805,0.5324675324675325,1,1
2024020791,2025-01-26,CGY,WPG,401688390,5.5,5.989261721576936,0.6507042253521127,1,1
2024020792,2025-01-26,MIN,CHI,401688391,5.5,5.989261721576936,0.3571428571428571,1,1
2024020793,2025-01-26,FLA,VGK,401688392,5.5,5.9283464961821135,0.552594002855783,1,1
2024020794,2025-01-27,LAK,DET,401688393,5.5,5.606051679360132,0.4288840262582056,1,1
2024020795,2025-01-27,NJD,PHI,401688394,5.5,5.541969544751927,0.4288840262582056,1,1
2024020796,2025-01-27,VAN,STL,401688395,5.5,5.362659562729656,0.5324675324675325,1,1
2024020797,2025-01-27,SEA,EDM,401688396,6.5,6.600033200170701,0.7241379310344829,1,1
2024020798,2025-01-27,PIT,SJS,401688397,6.5,6.669637074549774,0.3766105054509415,1,1
2024020799,2025-01-28,BOS,BUF,401688398,5.5,5.9283464961821135,0.5217391304347826,1,1
2024020800,2025-01-28,WPG,MTL,401688399,5.5,5.800324999938054,0.3932993445010925,1,1
2024020801,2025-01-28,CHI,TBL,401688400,6.5,6.739730786233835,0.7408716136631331,1,1
2024020802,2025-01-28,CAR,NYR,401688401,5.5,5.86541251341262,0.447405997144217,1,1
2024020803,2025-01-28,COL,NYI,401688402,5.5,5.86541251341262,0.447405997144217,1,1
2024020804,2025-01-28,WSH,CGY,401688403,5.5,5.7347601775545805,0.4288840262582056,1,1
2024020805,2025-01-28,DAL,VGK,401688404,5.5,5.800324999938054,0.5324675324675325,1,1
2024020806,2025-01-28,ANA,SEA,401688405,5.5,5.86541251341262,0.5324675324675325,1,1
2024020807,2025-01-29,MIN,TOR,401688406,5.5,5.7347601775545805,0.5882115462252726,1,1
2024020808,2025-01-29,LAK,FLA,401688407,5.5,5.419621802129452,0.5798319327731092,1,1
2024020809,2025-01-29,PHI,NJD,401688408,5.5,5.7347601775545805,0.6140350877192983,1,1
2024020810,2025-01-29,VAN,NSH,401688409,5.5,5.86541251341262,0.5711159737417943,1,1
2024020811,2025-01-29,PIT,UTA,401688410,6.5,6.3353944928873,0.5620437956204379,1,1
2024020812,2025-01-30,WPG,BOS,401688411,5.5,5.670161188712068,0.4009077155824508,1,1
2024020813,2025-01-30,MIN,MTL,401688412,6.5,6.5304172390661925,0.5798319327731092,1,1
2024020814,2025-01-30,WSH,OTT,401688413,5.5,5.362659562729656,0.5108342361863489,1,1
2024020815,2025-01-30,LAK,TBL,401688414,5.5,5.800324999938054,0.6067006554989075,1,1
2024020816,2025-01-30,NYI,PHI,401688415,5.5,5.670161188712068,0.4288840262582056,1,1
2024020817,2025-01-30,CHI,CAR,401688416,6.5,6.253832031114614,0.7727272727272727,1,1
2024020818,2025-01-30,ANA,CGY,401688417,5.5,5.9283464961821135,0.6233894945490583,1,1
2024020819,2025-01-30,DET,EDM,401688418,6.5,6.669637074549774,0.7044334975369458,1,1
2024020820,2025-01-30,CBJ,VGK,401688419,6.5,6.5304172390661925,0.7165697674418604,1,1
2024020821,2025-01-30,SJS,SEA,401688420,6.5,6.311642745142219,0.6233894945490583,1,1
2024020822,2025-01-31,NSH,BUF,401688421,6.5,6.810830520270558,0.4675324675324676,1,1
2024020823,2025-01-31,VAN,DAL,401688422,5.5,5.419621802129452,0.6092362344582594,1,1
2024020824,2025-01-31,STL,COL,401688423,5.5,5.9283464961821135,0.6140350877192983,1,1
2024020825,2025-01-31,CBJ,UTA,401688424,5.5,5.989261721576936,0.6636481241914618,1,1
2024020826,2025-02-01,CHI,FLA,401688425,5.5,5.9283464961821135,0.7826086956521738,1,1
2024020827,2025-02-01,NYR,BOS,401688426,5.5,5.989261721576936,0.437956204379562,1,1
2024020828,2025-02-01,MIN,OTT,401688427,5.5,5.4793142480398025,0.5620437956204379,1,1
2024020829,2025-02-01,NYI,TBL,401688428,5.5,5.86541251341262,0.6067006554989075,1,1
2024020830,2025-02-01,NSH,PIT,401688429,6.5,6.600033200170701,0.4572564612326044,1,1
2024020831,2025-02-01,WPG,WSH,401688430,5.5,5.541969544751927,0.5,1,1
2024020832,2025-02-01,LAK,CAR,401688431,5.5,5.4793142480398025,0.574468085106383,1,1
2024020833,2025-02-01,TOR,EDM,401688432,6.5,6.669637074549774,0.5798319327731092,1,1
2024020834,2025-02-01,DET,CGY,401688433,5.5,5.800324999938054,0.5108342361863489,1,1
2024020835,2025-02-02,NJD,BUF,401688434,6.5,6.462310215319599,0.447405997144217,1,1
2024020836,2025-02-02,PHI,COL,401688435,5.5,5.9283464961821135,0.644729178800233,1,1
2024020837,2025-02-02,MTL,ANA,401688436,6.5,6.3353944928873,0.437956204379562,1,1
2024020838,2025-02-02,NYI,FLA,401688437,5.5,5.9283464961821135,0.700162074554295,1,1
2024020839,2025-02-02,VGK,NYR,401688438,6.5,6.462310215319599,0.4288840262582056,1,1
2024020840,2025-02-02,CBJ,DAL,401688439,5.5,5.800324999938054,0.6727813584531482,1,1
2024020841,2025-02-02,STL,UTA,401688440,5.5,5.670161188712068,0.5217391304347826,1,1
2024020842,2025-02-02,DET,VAN,401688441,5.5,5.670161188712068,0.5798319327731092,1,1
2024020843,2025-02-02,CGY,SEA,401688442,5.5,5.800324999938054,0.6140350877192983,1,1
2024020844,2025-02-03,OTT,NSH,401688443,5.5,5.800324999938054,0.552594002855783,1,1
2024020845,2025-02-04,MIN,BOS,401688444,5.5,5.670161188712068,0.552594002855783,1,1
2024020846,2025-02-04,CBJ,BUF,401688445,6.5,6.462310215319599,0.6067006554989075,1,1
2024020847,2025-02-04,OTT,TBL,401688446,5.5,5.606051679360132,0.6233894945490583,1,1
2024020848,2025-02-04,NJD,PIT,401688447,6.5,6.3353944928873,0.447405997144217,1,1
2024020849,2025-02-04,FLA,WSH,401688448,5.5,5.606051679360132,0.4675324675324676,1,1
2024020850,2025-02-04,VGK,NYI,401688449,5.5,5.86541251341262,0.4288840262582056,1,1
2024020851,2025-02-04,EDM,STL,401688450,6.5,6.397385381191386,0.3698979591836733,1,1
2024020852,2025-02-04,CAR,WPG,401688451,5.5,5.800324999938054,0.4117884537747275,1,1
2024020853,2025-02-04,TOR,CGY,401688452,5.5,5.7347601775545805,0.447405997144217,1,1
2024020854,2025-02-04,PHI,UTA,401688453,5.5,5.606051679360132,0.5711159737417943,1,1
2024020855,2025-02-04,COL,VAN,401688454,5.5,5.670161188712068,0.4009077155824508,1,1
2024020856,2025-02-04,DAL,ANA,401688455,5.5,5.800324999938054,0.311111111111111,1,1
2024020857,2025-02-04,DET,SEA,401688456,5.5,5.800324999938054,0.5108342361863489,1,1
2024020858,2025-02-04,MTL,SJS,401688457,6.5,6.462310215319599,0.3932993445010925,1,1
2024020859,2025-02-05,BOS,NYR,401688458,6.5,6.397385381191386,0.6675191815856777,1,1
2024020860,2025-02-05,EDM,CHI,401688459,6.5,6.669637074549774,0.2758620689655172,1,1
2024020861,2025-02-05,MTL,LAK,401688460,5.5,5.86541251341262,0.6888888888888889,1,1
2024020862,2025-02-06,OTT,TBL,401688461,5.5,5.86541251341262,0.5990922844175491,1,1
2024020863,2025-02-06,VGK,NJD,401688462,5.5,5.670161188712068,0.4675324675324676,1,1
2024020864,2025-02-06,WSH,PHI,401688463,5.5,5.800324999938054,0.4009077155824508,1,1
2024020865,2025-02-06,UTA,CBJ,401688464,5.5,5.86541251341262,0.4009077155824508,1,1
2024020866,2025-02-06,FLA,STL,401688465,5.5,5.670161188712068,0.3766105054509415,1,1
2024020867,2025-02-06,CAR,MIN,401688466,5.5,5.606051679360132,0.3766105054509415,1,1
2024020868,2025-02-06,COL,CGY,401688467,5.5,5.9283464961821135,0.4201680672268907,1,1
2024020869,2025-02-06,TOR,SEA,401688468,6.5,6.3353944928873,0.4009077155824508,1,1
2024020870,2025-02-06,VAN,SJS,401688469,5.5,5.86541251341262,0.3614457831325302,1,1
2024020871,2025-02-07,PIT,NYR,401688470,5.5,5.86541251341262,0.6507042253521127,1,1
2024020872,2025-02-07,NYI,WPG,401688471,5.5,5.541969544751927,0.6301020408163265,1,1
2024020873,2025-02-07,NSH,CHI,401688472,6.5,6.3353944928873,0.3571428571428571,1,1
2024020874,2025-02-07,COL,EDM,401688473,6.5,6.810830520270558,0.6301020408163265,1,1
2024020875,2025-02-07,DAL,LAK,401688474,5.5,5.4793142480398025,0.5,1,1
2024020876,2025-02-08,NJD,MTL,401688475,5.5,5.7347601775545805,0.4170073589533932,1,1
2024020877,2025-02-08,TBL,DET,401688476,6.5,6.3353944928873,0.3932993445010925,1,1
2024020878,2025-02-08,UTA,CAR,401688477,5.5,5.606051679360132,0.6365876193409301,1,1
2024020879,2025-02-08,VGK,BOS,401688478,5.5,5.800324999938054,0.4117884537747275,1,1
2024020880,2025-02-08,OTT,FLA,401688479,5.5,5.606051679360132,0.6233894945490583,1,1
2024020881,2025-02-08,PIT,PHI,401688480,5.5,5.4793142480398025,0.6092362344582594,1,1
2024020882,2025-02-08,NYR,CBJ,401688481,6.5,6.462310215319599,0.4288840262582056,1,1
2024020883,2025-02-08,CHI,STL,401688482,5.5,5.800324999938054,0.6946564885496184,1,1
2024020884,2025-02-08,TOR,VAN,401688483,5.5,5.606051679360132,0.4201680672268907,1,1
2024020885,2025-02-08,BUF,NSH,401688484,6.5,6.600033200170701,0.5217391304347826,1,1
2024020886,2025-02-08,NYI,MIN,401688485,5.5,5.4793142480398025,0.5829926410466066,1,1
2024020887,2025-02-08,SEA,CGY,401688486,5.5,5.800324999938054,0.5620437956204379,1,1
2024020888,2025-02-08,ANA,LAK,401688487,5.5,5.670161188712068,0.6727813584531482,1,1
2024020889,2025-02-08,DAL,SJS,401688488,6.5,6.397385381191386,0.3324808184143222,1,1
2024020890,2025-02-09,UTA,WSH,401688489,5.5,5.670161188712068,0.6301020408163265,1,1
2024020891,2025-02-09,TBL,MTL,401688490,6.5,6.462310215319599,0.3698979591836733,1,1
2024190001,2025-02-12,CAN,SWE,401687575,6.5,6.5304172390661925,0.311111111111111,1,1
2024190002,2025-02-13,USA,FIN,401688916,5.5,5.989261721576936,0.238095238095238,1,1
2024190003,2025-02-15,FIN,SWE,401688917,5.5,5.606051679360132,0.6888888888888889,1,1
2024190004,2025-02-15,USA,CAN,401688918,6.5,6.600033200170701,0.4891657638136511,1,1
2024190005,2025-02-17,CAN,FIN,401688919,6.5,6.397385381191386,0.2068965517241379,1,1
2024190006,2025-02-17,SWE,USA,401688920,6.5,6.5304172390661925,0.6507042253521127,1,1
2024200007,2025-02-20,CAN,USA,401688921,5.5,5.419621802129452,0.5,1,1
2024020892,2025-02-22,EDM,PHI,401688491,6.5,6.397385381191386,0.3571428571428571,1,1
2024020893,2025-02-22,WSH,PIT,401688492,5.5,5.800324999938054,0.437956204379562,1,1
2024020894,2025-02-22,MIN,DET,401688493,5.5,5.800324999938054,0.5620437956204379,1,1
2024020895,2025-02-22,NYR,BUF,401688494,6.5,6.462310215319599,0.447405997144217,1,1
2024020896,2025-02-22,SEA,FLA,401688495,5.5,5.800324999938054,0.6888888888888889,1,1
2024020897,2025-02-22,DAL,NJD,401688496,5.5,5.7347601775545805,0.5324675324675325,1,1
2024020898,2025-02-22,COL,NSH,401688497,6.5,6.600033200170701,0.447405997144217,1,1
2024020899,2025-02-22,ANA,BOS,401688498,5.5,5.7347601775545805,0.6233894945490583,1,1
2024020900,2025-02-22,CAR,TOR,401688499,5.5,5.86541251341262,0.4782608695652174,1,1
2024020901,2025-02-22,MTL,OTT,401688500,5.5,5.86541251341262,0.5990922844175491,1,1
2024020902,2025-02-22,CHI,CBJ,401688501,6.5,6.3353944928873,0.5990922844175491,1,1
2024020903,2025-02-22,WPG,STL,401688502,5.5,5.9283464961821135,0.4782608695652174,1,1
2024020904,2025-02-22,UTA,LAK,401688503,5.5,5.541969544751927,0.6067006554989075,1,1
2024020905,2025-02-22,VAN,VGK,401688504,5.5,5.541969544751927,0.6675191815856777,1,1
2024020906,2025-02-23,EDM,WSH,401688505,6.5,6.810830520270558,0.447405997144217,1,1
2024020907,2025-02-23,NYR,PIT,401688506,6.5,6.462310215319599,0.4288840262582056,1,1
2024020908,2025-02-23,ANA,DET,401688507,5.5,5.7347601775545805,0.6301020408163265,1,1
2024020909,2025-02-23,SEA,TBL,401688508,6.5,6.397385381191386,0.7085889570552146,1,1
2024020910,2025-02-23,COL,STL,401688509,5.5,5.800324999938054,0.4117884537747275,1,1
2024020911,2025-02-23,NJD,NSH,401688510,5.5,5.9283464961821135,0.4675324675324676,1,1
2024020912,2025-02-23,TOR,CHI,401688511,6.5,6.397385381191386,0.311111111111111,1,1
2024020913,2025-02-23,DAL,NYI,401688512,5.5,5.800324999938054,0.4572564612326044,1,1
2024020914,2025-02-23,SJS,CGY,401688513,6.5,6.3353944928873,0.6727813584531482,1,1
2024020915,2025-02-23,VAN,UTA,401688514,5.5,5.541969544751927,0.5882115462252726,1,1
2024020916,2025-02-24,SJS,WPG,401688515,6.5,6.253832031114614,0.7931034482758621,1,1
2024020917,2025-02-24,VGK,LAK,401688516,5.5,5.7347601775545805,0.4891657638136511,1,1
2024020918,2025-02-25,TOR,BOS,401688517,5.5,5.9283464961821135,0.4288840262582056,1,1
2024020919,2025-02-25,ANA,BUF,401688518,6.5,6.397385381191386,0.6301020408163265,1,1
2024020920,2025-02-25,CAR,MTL,401688519,6.5,6.253832031114614,0.3255813953488372,1,1
2024020921,2025-02-25,EDM,TBL,401688520,6.5,6.881371545107008,0.5324675324675325,1,1
2024020922,2025-02-25,PIT,PHI,401688521,5.5,5.800324999938054,0.5217391304347826,1,1
2024020923,2025-02-25,CGY,WSH,401688522,6.5,6.253832031114614,0.6428571428571429,1,1
2024020924,2025-02-25,DAL,CBJ,401688523,6.5,6.3353944928873,0.3634123806590699,1,1
2024020925,2025-02-25,NYR,NYI,401688524,5.5,5.86541251341262,0.4891657638136511,1,1
2024020926,2025-02-25,SEA,STL,401688525,5.5,5.606051679360132,0.5620437956204379,1,1
2024020927,2025-02-25,FLA,NSH,401688526,5.5,5.9283464961821135,0.4117884537747275,1,1
2024020928,2025-02-25,DET,MIN,401688527,5.5,5.800324999938054,0.5108342361863489,1,1
2024020929,2025-02-25,CHI,UTA,401688528,6.5,6.397385381191386,0.7165697674418604,1,1
2024020930,2025-02-26,WPG,OTT,401688529,5.5,5.419621802129452,0.4288840262582056,1,1
2024020931,2025-02-26,NJD,COL,401688530,5.5,5.800324999938054,0.5882115462252726,1,1
2024020932,2025-02-26,VAN,LAK,401688531,5.5,5.287762843667935,0.6233894945490583,1,1
2024020933,2025-02-27,NYI,BOS,401688532,5.5,5.86541251341262,0.4782608695652174,1,1
2024020934,2025-02-27,SJS,MTL,401688533,6.5,6.311642745142219,0.6675191815856777,1,1
2024020935,2025-02-27,CBJ,DET,401688534,6.5,6.3353944928873,0.5882115462252726,1,1
2024020936,2025-02-27,CGY,TBL,401688535,5.5,5.9283464961821135,0.6564885496183206,1,1
2024020937,2025-02-27,EDM,FLA,401688536,6.5,6.5304172390661925,0.5620437956204379,1,1
2024020938,2025-02-27,PHI,PIT,401688537,5.5,5.86541251341262,0.5108342361863489,1,1
2024020939,2025-02-27,STL,WSH,401688538,5.5,5.7347601775545805,0.5882115462252726,1,1
2024020940,2025-02-27,BUF,CAR,401688539,6.5,6.669637074549774,0.6564885496183206,1,1
2024020941,2025-02-27,WPG,NSH,401688540,5.5,5.9283464961821135,0.4572564612326044,1,1
2024020942,2025-02-27,MIN,UTA,401688541,5.5,5.800324999938054,0.6233894945490583,1,1
2024020943,2025-02-27,CHI,VGK,401688542,6.5,6.3353944928873,0.7727272727272727,1,1
2024020944,2025-02-27,VAN,ANA,401688543,5.5,5.670161188712068,0.4782608695652174,1,1
2024020945,2025-02-28,TOR,NYR,401688544,6.5,6.3353944928873,0.4782608695652174,1,1
2024020946,2025-02-28,LAK,DAL,401688545,5.5,5.670161188712068,0.5427435387673957,1,1
2024020947,2025-02-28,MIN,COL,401688546,6.5,6.3353944928873,0.7408716136631331,1,1
2024020948,2025-03-01,DET,CBJ,401688549,6.5,6.600033200170701,0.4782608695652174,1,1
2024020949,2025-03-01,NSH,NYI,401688547,5.5,5.7347601775545805,0.5711159737417943,1,1
2024020950,2025-03-01,TBL,WSH,401688548,5.5,5.989261721576936,0.4891657638136511,1,1
2024020951,2025-03-01,CGY,FLA,401688550,5.5,5.7347601775545805,0.7085889570552146,1,1
2024020952,2025-03-01,BOS,PIT,401688551,6.5,6.5304172390661925,0.552594002855783,1,1
2024020953,2025-03-01,MTL,BUF,401688552,6.5,6.669637074549774,0.5711159737417943,1,1
2024020954,2025-03-01,SJS,OTT,401688553,5.5,5.86541251341262,0.7241379310344829,1,1
2024020955,2025-03-01,EDM,CAR,401688554,6.5,6.739730786233835,0.5990922844175491,1,1
2024020956,2025-03-01,PHI,WPG,401688555,5.5,5.606051679360132,0.6675191815856777,1,1
2024020957,2025-03-01,LAK,STL,401688556,5.5,5.419621802129452,0.5,1,1
2024020958,2025-03-01,NJD,UTA,401688557,5.5,5.541969544751927,0.5108342361863489,1,1
2024020959,2025-03-01,CHI,ANA,401688558,5.5,5.9283464961821135,0.5911949685534592,1,1
2024020960,2025-03-01,VAN,SEA,401688559,5.5,5.541969544751927,0.5,1,1
2024020961,2025-03-02,TOR,PIT,401688560,6.5,6.600033200170701,0.3678304239401496,1,1
2024020962,2025-03-02,BOS,MIN,401688561,5.5,5.606051679360132,0.5911949685534592,1,1
2024020963,2025-03-02,CGY,CAR,401688562,5.5,5.9283464961821135,0.7241379310344829,1,1
2024020964,2025-03-02,STL,DAL,401688563,5.5,5.9283464961821135,0.6564885496183206,1,1
2024020965,2025-03-02,NSH,NYR,401688564,6.5,6.462310215319599,0.6067006554989075,1,1
2024020966,2025-03-02,NJD,VGK,401688565,5.5,5.800324999938054,0.5990922844175491,1,1
2024020967,2025-03-03,OTT,WSH,401688566,5.5,5.7347601775545805,0.574468085106383,1,1
2024020968,2025-03-03,BUF,MTL,401688567,6.5,6.5304172390661925,0.5324675324675325,1,1
2024020969,2025-03-03,TBL,FLA,401688568,5.5,5.800324999938054,0.574468085106383,1,1
2024020970,2025-03-03,NYI,NYR,401688569,5.5,5.86541251341262,0.4891657638136511,1,1
2024020971,2025-03-03,SJS,TOR,401688570,6.5,6.462310215319599,0.7483588621444202,1,1
2024020972,2025-03-03,LAK,CHI,401688571,5.5,5.7347601775545805,0.3053435114503817,1,1
2024020973,2025-03-04,NSH,BOS,401688572,5.5,5.7347601775545805,0.5620437956204379,1,1
2024020974,2025-03-04,SJS,BUF,401688573,6.5,6.600033200170701,0.6564885496183206,1,1
2024020975,2025-03-04,CAR,DET,401688574,6.5,6.397385381191386,0.3698979591836733,1,1
2024020976,2025-03-04,CBJ,TBL,401688575,6.5,6.881371545107008,0.5711159737417943,1,1
2024020977,2025-03-04,CGY,PHI,401688576,5.5,5.7347601775545805,0.5711159737417943,1,1
2024020978,2025-03-04,WPG,NYI,401688577,5.5,5.7347601775545805,0.3634123806590699,1,1
2024020979,2025-03-04,NJD,DAL,401688578,5.5,5.800324999938054,0.5882115462252726,1,1
2024020980,2025-03-04,PIT,COL,401688579,6.5,6.810830520270558,0.700162074554295,1,1
2024020981,2025-03-04,ANA,EDM,401688580,6.5,6.669637074549774,0.7553516819571866,1,1
2024020982,2025-03-04,MIN,SEA,401688581,5.5,5.606051679360132,0.5217391304347826,1,1
2024020983,2025-03-05,WSH,NYR,401688582,5.5,5.9283464961821135,0.5108342361863489,1,1
2024020984,2025-03-05,OTT,CHI,401688583,5.5,5.989261721576936,0.311111111111111,1,1
2024020985,2025-03-05,TOR,VGK,401688584,5.5,5.989261721576936,0.6067006554989075,1,1
2024020986,2025-03-05,ANA,VAN,401688585,5.5,5.7347601775545805,0.6507042253521127,1,1
2024020987,2025-03-05,STL,LAK,401688586,5.5,5.419621802129452,0.5882115462252726,1,1
2024020988,2025-03-06,UTA,DET,401688587,6.5,6.397385381191386,0.447405997144217,1,1
2024020989,2025-03-06,BUF,TBL,401688588,6.5,6.5304172390661925,0.679245283018868,1,1
2024020990,2025-03-06,CBJ,FLA,401688589,6.5,6.397385381191386,0.7241379310344829,1,1
2024020991,2025-03-06,WPG,PHI,401688590,5.5,5.800324999938054,0.437956204379562,1,1
2024020992,2025-03-06,BOS,CAR,401688591,5.5,5.800324999938054,0.7408716136631331,1,1
2024020993,2025-03-06,SEA,NSH,401688592,5.5,5.800324999938054,0.5324675324675325,1,1
2024020994,2025-03-06,CGY,DAL,401688593,6.5,6.3353944928873,0.6888888888888889,1,1
2024020995,2025-03-06,MTL,EDM,401688594,6.5,6.739730786233835,0.679245283018868,1,1
2024020996,2025-03-06,SJS,COL,401688595,6.5,6.462310215319599,0.7727272727272727,1,1
2024020997,2025-03-07,WPG,NJD,401688596,5.5,5.287762843667935,0.4675324675324676,1,1
2024020998,2025-03-07,DET,WSH,401688597,6.5,6.600033200170701,0.6727813584531482,1,1
2024020999,2025-03-07,UTA,CHI,401688598,5.5,5.9283464961821135,0.3859649122807018,1,1
2024021000,2025-03-07,MIN,VAN,401688599,5.5,5.541969544751927,0.5427435387673957,1,1
2024021001,2025-03-07,PIT,VGK,401688600,6.5,6.739730786233835,0.6727813584531482,1,1
2024021002,2025-03-07,STL,ANA,401688601,5.5,5.800324999938054,0.3932993445010925,1,1
2024021003,2025-03-08,NYR,OTT,401688602,5.5,5.800324999938054,0.5324675324675325,1,1
2024021004,2025-03-08,SEA,PHI,401688603,5.5,5.9283464961821135,0.5711159737417943,1,1
2024021005,2025-03-08,BOS,TBL,401688604,5.5,5.86541251341262,0.7085889570552146,1,1
2024021006,2025-03-08,BUF,FLA,401688605,6.5,6.462310215319599,0.6888888888888889,1,1
2024021007,2025-03-08,TOR,COL,401688606,6.5,6.669637074549774,0.5882115462252726,1,1
2024021008,2025-03-08,MTL,CGY,401688607,5.5,5.86541251341262,0.552594002855783,1,1
2024021009,2025-03-08,CHI,NSH,401688608,6.5,6.5304172390661925,0.6888888888888889,1,1
2024021010,2025-03-08,STL,LAK,401688609,5.5,5.541969544751927,0.6428571428571429,1,1
2024021011,2025-03-08,DAL,EDM,401688610,6.5,6.810830520270558,0.5,1,1
2024021012,2025-03-08,NYI,SJS,401688611,5.5,5.989261721576936,0.4117884537747275,1,1
2024021013,2025-03-09,NJD,PHI,401688612,5.5,5.606051679360132,0.4117884537747275,1,1
2024021014,2025-03-09,SEA,WSH,401688613,5.5,5.989261721576936,0.6675191815856777,1,1
2024021015,2025-03-09,PIT,MIN,401688614,6.5,6.397385381191386,0.552594002855783,1,1
2024021016,2025-03-09,WPG,CAR,401688615,5.5,5.606051679360132,0.5324675324675325,1,1
2024021017,2025-03-09,CBJ,NYR,401688616,6.5,6.669637074549774,0.552594002855783,1,1
2024021018,2025-03-09,LAK,VGK,401688617,5.5,5.7347601775545805,0.6365876193409301,1,1
2024021019,2025-03-09,DAL,VAN,401688618,5.5,5.86541251341262,0.4891657638136511,1,1
2024021020,2025-03-09,NYI,ANA,401688619,6.5,6.397385381191386,0.5108342361863489,1,1
2024021021,2025-03-10,EDM,BUF,401688620,6.5,6.881371545107008,0.3698979591836733,1,1
2024021022,2025-03-10,DET,OTT,401688621,6.5,6.397385381191386,0.6140350877192983,1,1
2024021023,2025-03-10,CHI,COL,401688622,6.5,6.600033200170701,0.8088235294117646,1,1
2024021024,2025-03-10,TOR,UTA,401688623,6.5,6.372022194168986,0.4891657638136511,1,1
2024021025,2025-03-11,FLA,BOS,401688624,5.5,5.606051679360132,0.3492957746478873,1,1
2024021026,2025-03-11,CBJ,NJD,401688625,5.5,5.800324999938054,0.5990922844175491,1,1
2024021027,2025-03-11,OTT,PHI,401688626,5.5,5.670161188712068,0.4782608695652174,1,1
2024021028,2025-03-11,VGK,PIT,401688627,6.5,6.462310215319599,0.3698979591836733,1,1
2024021029,2025-03-11,TBL,CAR,401688628,5.5,5.800324999938054,0.5217391304347826,1,1
2024021030,2025-03-11,COL,MIN,401688629,5.5,5.7347601775545805,0.4117884537747275,1,1
2024021031,2025-03-11,NYR,WPG,401688630,5.5,5.86541251341262,0.6301020408163265,1,1
2024021032,2025-03-11,MTL,VAN,401688631,5.5,5.4793142480398025,0.5620437956204379,1,1
2024021033,2025-03-11,WSH,ANA,401688632,5.5,5.989261721576936,0.3634123806590699,1,1
2024021034,2025-03-11,NYI,LAK,401688633,5.5,5.541969544751927,0.6301020408163265,1,1
2024021035,2025-03-11,NSH,SJS,401688634,6.5,6.5304172390661925,0.4009077155824508,1,1
2024021036,2025-03-12,BUF,DET,401688635,6.5,6.739730786233835,0.5798319327731092,1,1
2024021037,2025-03-12,VAN,CGY,401688636,5.5,5.419621802129452,0.5620437956204379,1,1
2024021038,2025-03-12,ANA,UTA,401688637,6.5,6.5304172390661925,0.7241379310344829,1,1
2024021039,2025-03-12,MTL,SEA,401688638,6.5,6.5304172390661925,0.5882115462252726,1,1
2024021040,2025-03-13,FLA,TOR,401688639,5.5,5.800324999938054,0.447405997144217,1,1
2024021041,2025-03-13,BOS,OTT,401688640,5.5,5.541969544751927,0.6428571428571429,1,1
2024021042,2025-03-13,EDM,NJD,401688641,5.5,5.9283464961821135,0.447405997144217,1,1
2024021043,2025-03-13,TBL,PHI,401688642,6.5,6.3353944928873,0.4170073589533932,1,1
2024021044,2025-03-13,STL,PIT,401688643,5.5,5.7347601775545805,0.4675324675324676,1,1
2024021045,2025-03-13,VGK,CBJ,401688644,6.5,6.462310215319599,0.3766105054509415,1,1
2024021046,2025-03-13,NYR,MIN,401688645,5.5,5.606051679360132,0.4782608695652174,1,1
2024021047,2025-03-13,WSH,LAK,401688646,5.5,5.670161188712068,0.5711159737417943,1,1
2024021048,2025-03-13,CHI,SJS,401688647,6.5,6.462310215319599,0.5217391304347826,1,1
2024021049,2025-03-14,DET,CAR,401688648,5.5,5.989261721576936,0.6912521440823327,1,1
2024021050,2025-03-14,EDM,NYI,401688649,6.5,6.669637074549774,0.4572564612326044,1,1
2024021051,2025-03-14,DAL,WPG,401688650,5.5,5.7347601775545805,0.5427435387673957,1,1
2024021052,2025-03-14,COL,CGY,401688651,5.5,5.7347601775545805,0.3634123806590699,1,1
2024021053,2025-03-14,NSH,ANA,401688652,6.5,6.462310215319599,0.4088050314465409,1,1
2024021054,2025-03-14,UTA,SEA,401688653,6.5,6.397385381191386,0.4201680672268907,1,1
2024021055,2025-03-15,VGK,BUF,401688654,6.5,6.5304172390661925,0.3634123806590699,1,1
2024021056,2025-03-15,NJD,PIT,401688655,5.5,5.4793142480398025,0.447405997144217,1,1
2024021057,2025-03-15,WSH,SJS,401688656,5.5,5.989261721576936,0.3207547169811321,1,1
2024021058,2025-03-15,TBL,BOS,401688657,5.5,5.7347601775545805,0.3766105054509415,1,1
2024021059,2025-03-15,OTT,TOR,401688658,5.5,5.989261721576936,0.552594002855783,1,1
2024021060,2025-03-15,FLA,MTL,401688659,5.5,5.419621802129452,0.3435114503816793,1,1
2024021061,2025-03-15,CAR,PHI,401688660,5.5,5.4793142480398025,0.3932993445010925,1,1
2024021062,2025-03-15,NYR,CBJ,401688661,6.5,6.397385381191386,0.437956204379562,1,1
2024021063,2025-03-15,STL,MIN,401688662,5.5,5.4793142480398025,0.5108342361863489,1,1
2024021064,2025-03-15,NSH,LAK,401688663,5.5,5.800324999938054,0.6888888888888889,1,1
2024021065,2025-03-15,CHI,VAN,401688664,5.5,5.7347601775545805,0.7085889570552146,1,1
2024021066,2025-03-16,VGK,DET,401688665,6.5,6.5304172390661925,0.4675324675324676,1,1
2024021067,2025-03-16,DAL,COL,401688666,5.5,5.9283464961821135,0.5427435387673957,1,1
2024021068,2025-03-16,ANA,STL,401688667,5.5,5.86541251341262,0.6140350877192983,1,1
2024021069,2025-03-16,EDM,NYR,401688668,6.5,6.600033200170701,0.4201680672268907,1,1
2024021070,2025-03-16,FLA,NYI,401688669,5.5,5.670161188712068,0.4009077155824508,1,1
2024021071,2025-03-16,UTA,VAN,401688670,5.5,5.670161188712068,0.4288840262582056,1,1
2024021072,2025-03-16,WPG,SEA,401688671,5.5,5.989261721576936,0.4201680672268907,1,1
2024021073,2025-03-17,BUF,BOS,401688672,6.5,6.397385381191386,0.4891657638136511,1,1
2024021074,2025-03-17,PHI,TBL,401688673,5.5,5.7347601775545805,0.7328244274809161,1,1
2024021075,2025-03-17,NJD,CBJ,401688674,5.5,5.606051679360132,0.4572564612326044,1,1
2024021076,2025-03-17,CGY,TOR,401688675,5.5,5.86541251341262,0.6428571428571429,1,1
2024021077,2025-03-17,LAK,MIN,401688676,5.5,5.362659562729656,0.4201680672268907,1,1
2024021078,2025-03-18,OTT,MTL,401688677,5.5,5.7347601775545805,0.437956204379562,1,1
2024021079,2025-03-18,CGY,NYR,401688678,5.5,5.800324999938054,0.7044334975369458,1,1
2024021080,2025-03-18,NYI,PIT,401688679,5.5,5.86541251341262,0.4891657638136511,1,1
2024021081,2025-03-18,DET,WSH,401688680,6.5,6.3353944928873,0.6067006554989075,1,1
2024021082,2025-03-18,STL,NSH,401688681,5.5,5.541969544751927,0.4891657638136511,1,1
2024021083,2025-03-18,ANA,DAL,401688682,6.5,6.5304172390661925,0.7553516819571866,1,1
2024021084,2025-03-18,SEA,CHI,401688683,5.5,5.989261721576936,0.4201680672268907,1,1
2024021085,2025-03-18,UTA,EDM,401688684,6.5,6.462310215319599,0.5798319327731092,1,1
2024021086,2025-03-18,WPG,VAN,401688685,5.5,5.419621802129452,0.4009077155824508,1,1
2024021087,2025-03-19,COL,TOR,401688686,6.5,6.3353944928873,0.4572564612326044,1,1
2024021088,2025-03-19,SEA,MIN,401688687,5.5,5.606051679360132,0.6067006554989075,1,1
2024021089,2025-03-20,COL,OTT,401688688,6.5,6.397385381191386,0.4891657638136511,1,1
2024021090,2025-03-20,CGY,NJD,401688689,5.5,5.287762843667935,0.6233894945490583,1,1
2024021091,2025-03-20,TOR,NYR,401688690,5.5,5.800324999938054,0.552594002855783,1,1
2024021092,2025-03-20,PHI,WSH,401688691,5.5,5.800324999938054,0.6727813584531482,1,1
2024021093,2025-03-20,FLA,CBJ,401688692,5.5,5.86541251341262,0.3698979591836733,1,1
2024021094,2025-03-20,MTL,NYI,401688693,5.5,5.86541251341262,0.552594002855783,1,1
2024021095,2025-03-20,VAN,STL,401688694,5.5,5.1547492067103295,0.5620437956204379,1,1
2024021096,2025-03-20,ANA,NSH,401688695,6.5,6.739730786233835,0.6067006554989075,1,1
2024021097,2025-03-20,TBL,DAL,401688696,5.5,6.048280520597112,0.4675324675324676,1,1
2024021098,2025-03-20,LAK,CHI,401688697,5.5,5.7347601775545805,0.299837925445705,1,1
2024021099,2025-03-20,WPG,EDM,401688698,5.5,5.9283464961821135,0.4782608695652174,1,1
2024021100,2025-03-20,BUF,UTA,401688699,6.5,6.600033200170701,0.6365876193409301,1,1
2024021101,2025-03-20,BOS,VGK,401688700,5.5,5.800324999938054,0.7085889570552146,1,1
2024021102,2025-03-20,CAR,SJS,401688701,5.5,5.86541251341262,0.2591283863368669,1,1
2024021103,2025-03-21,CBJ,PIT,401688702,6.5,6.462310215319599,0.5108342361863489,1,1
2024021104,2025-03-22,VAN,NYR,401688703,5.5,5.362659562729656,0.5990922844175491,1,1
2024021105,2025-03-22,PHI,DAL,401688704,5.5,5.800324999938054,0.7085889570552146,1,1
2024021106,2025-03-22,BUF,MIN,401688705,5.5,5.7347601775545805,0.5620437956204379,1,1
2024021107,2025-03-22,CHI,STL,401688706,5.5,5.7347601775545805,0.7408716136631331,1,1
2024021108,2025-03-22,CGY,NYI,401688707,5.5,5.86541251341262,0.5711159737417943,1,1
2024021109,2025-03-22,CAR,LAK,401688708,5.5,5.218734260295697,0.5,1,1
2024021110,2025-03-22,FLA,WSH,401688709,5.5,5.670161188712068,0.5,1,1
2024021111,2025-03-22,TBL,UTA,401688710,6.5,6.462310215319599,0.5108342361863489,1,1
2024021112,2025-03-22,COL,MTL,401688711,6.5,6.3353944928873,0.3859649122807018,1,1
2024021113,2025-03-22,OTT,NJD,401688712,5.5,5.541969544751927,0.5324675324675325,1,1
2024021114,2025-03-22,TOR,NSH,401688713,5.5,5.86541251341262,0.3932993445010925,1,1
2024021115,2025-03-22,DET,VGK,401688714,5.5,5.9283464961821135,0.6428571428571429,1,1
2024021116,2025-03-22,SEA,EDM,401688715,5.5,5.9283464961821135,0.5829926410466066,1,1
2024021117,2025-03-22,BOS,SJS,401688716,5.5,5.800324999938054,0.4891657638136511,1,1
2024021118,2025-03-23,PHI,CHI,401688717,5.5,5.606051679360132,0.437956204379562,1,1
2024021119,2025-03-23,BUF,WPG,401688718,6.5,6.397385381191386,0.7241379310344829,1,1
2024021120,2025-03-23,PIT,FLA,401688719,5.5,5.86541251341262,0.6946564885496184,1,1
2024021121,2025-03-23,NSH,STL,401688720,5.5,5.4793142480398025,0.6140350877192983,1,1
2024021122,2025-03-23,TBL,VGK,401688721,6.5,6.397385381191386,0.5108342361863489,1,1
2024021123,2025-03-23,CAR,ANA,401688722,5.5,5.800324999938054,0.3324808184143222,1,1
2024021124,2025-03-23,BOS,LAK,401688723,5.5,5.419621802129452,0.7044334975369458,1,1
2024021125,2025-03-24,VAN,NJD,401688724,5.5,5.039366363710778,0.5711159737417943,1,1
2024021126,2025-03-24,CBJ,NYI,401688725,6.5,6.462310215319599,0.5324675324675325,1,1
2024021127,2025-03-24,MIN,DAL,401688726,5.5,5.541969544751927,0.6564885496183206,1,1
2024021128,2025-03-24,DET,UTA,401688727,6.5,6.397385381191386,0.5990922844175491,1,1
2024021129,2025-03-25,OTT,BUF,401688728,6.5,6.462310215319599,0.4009077155824508,1,1
2024021130,2025-03-25,PHI,TOR,401688729,5.5,5.670161188712068,0.6888888888888889,1,1
2024021131,2025-03-25,PIT,TBL,401688730,6.5,6.5304172390661925,0.7241379310344829,1,1
2024021132,2025-03-25,NSH,CAR,401688731,5.5,5.7347601775545805,0.700162074554295,1,1
2024021133,2025-03-25,MTL,STL,401688732,5.5,5.670161188712068,0.5798319327731092,1,1
2024021134,2025-03-25,VGK,MIN,401688733,5.5,5.7347601775545805,0.3324808184143222,1,1
2024021135,2025-03-25,WSH,WPG,401688734,5.5,5.7347601775545805,0.5798319327731092,1,1
2024021136,2025-03-25,DET,COL,401688735,6.5,6.462310215319599,0.7483588621444202,1,1
2024021137,2025-03-25,SEA,CGY,401688736,5.5,5.800324999938054,0.5620437956204379,1,1
2024021138,2025-03-25,NYR,LAK,401688737,5.5,5.4793142480398025,0.6233894945490583,1,1
2024021139,2025-03-26,VAN,NYI,401688738,5.5,5.218734260295697,0.5217391304347826,1,1
2024021140,2025-03-26,NJD,CHI,401688739,5.5,5.800324999938054,0.3435114503816793,1,1
2024021141,2025-03-26,DAL,EDM,401688740,6.5,6.397385381191386,0.4572564612326044,1,1
2024021142,2025-03-26,BOS,ANA,401688741,5.5,5.9283464961821135,0.5620437956204379,1,1
2024021143,2025-03-27,PIT,BUF,401688742,6.5,6.397385381191386,0.552594002855783,1,1
2024021144,2025-03-27,OTT,DET,401688743,5.5,5.86541251341262,0.447405997144217,1,1
2024021145,2025-03-27,UTA,TBL,401688744,5.5,5.989261721576936,0.6365876193409301,1,1
2024021146,2025-03-27,MTL,PHI,401688745,6.5,6.3353944928873,0.4572564612326044,1,1
2024021147,2025-03-27,STL,NSH,401688746,5.5,5.419621802129452,0.447405997144217,1,1
2024021148,2025-03-27,WSH,MIN,401688747,5.5,5.7347601775545805,0.437956204379562,1,1
2024021149,2025-03-27,LAK,COL,401688748,5.5,5.7347601775545805,0.5990922844175491,1,1
2024021150,2025-03-27,DAL,CGY,401688749,5.5,5.86541251341262,0.4572564612326044,1,1
2024021151,2025-03-27,EDM,SEA,401688750,6.5,6.397385381191386,0.4782608695652174,1,1
2024021152,2025-03-27,TOR,SJS,401688751,5.5,6.012818367378715,0.311111111111111,1,1
2024021153,2025-03-28,UTA,FLA,401688752,5.5,5.7347601775545805,0.6888888888888889,1,1
2024021154,2025-03-28,MTL,CAR,401688753,5.5,6.012818367378715,0.7483588621444202,1,1
2024021155,2025-03-28,VAN,CBJ,401688754,5.5,5.670161188712068,0.5620437956204379,1,1
2024021156,2025-03-28,NJD,WPG,401688755,5.5,5.4793142480398025,0.6581196581196581,1,1
2024021157,2025-03-28,VGK,CHI,401688756,6.5,6.397385381191386,0.2591283863368669,1,1
2024021158,2025-03-28,NYR,ANA,401688757,5.5,5.989261721576936,0.4009077155824508,1,1
2024021159,2025-03-29,BUF,PHI,401688758,6.5,6.3353944928873,0.5324675324675325,1,1
2024021160,2025-03-29,NYI,TBL,401688759,6.5,6.397385381191386,0.6428571428571429,1,1
2024021161,2025-03-29,STL,COL,401688760,5.5,5.9283464961821135,0.6385542168674698,1,1
2024021162,2025-03-29,NJD,MIN,401688761,5.5,5.188104414852543,0.5217391304347826,1,1
2024021163,2025-03-29,VGK,NSH,401688762,6.5,6.3353944928873,0.4009077155824508,1,1
2024021164,2025-03-29,CBJ,OTT,401688763,6.5,6.600033200170701,0.6428571428571429,1,1
2024021165,2025-03-29,TOR,LAK,401688764,5.5,5.7347601775545805,0.5798319327731092,1,1
2024021166,2025-03-29,BOS,DET,401688765,5.5,5.7347601775545805,0.6507042253521127,1,1
2024021167,2025-03-29,CGY,EDM,401688766,6.5,6.462310215319599,0.6140350877192983,1,1
2024021168,2025-03-29,NYR,SJS,401688767,5.5,5.9283464961821135,0.4117884537747275,1,1
2024021169,2025-03-29,DAL,SEA,401688768,6.5,6.3353944928873,0.4088050314465409,1,1
2024021170,2025-03-30,MTL,FLA,401688769,5.5,5.86541251341262,0.7183098591549295,1,1
2024021171,2025-03-30,BUF,WSH,401688770,6.5,6.462310215319599,0.725752508361204,1,1
2024021172,2025-03-30,VAN,WPG,401688771,5.5,5.218734260295697,0.6727813584531482,1,1
2024021173,2025-03-30,UTA,CHI,401688772,6.5,6.462310215319599,0.3363518758085381,1,1
2024021174,2025-03-30,OTT,PIT,401688773,5.5,5.9283464961821135,0.4170073589533932,1,1
2024021175,2025-03-30,NYI,CAR,401688774,5.5,5.800324999938054,0.7532188841201716,1,1
2024021176,2025-03-30,TOR,ANA,401688775,6.5,6.5304172390661925,0.3932993445010925,1,1
2024021177,2025-03-30,SJS,LAK,401688776,5.5,5.800324999938054,0.7483588621444202,1,1
2024021178,2025-03-31,MIN,NJD,401688777,5.5,5.362659562729656,0.5711159737417943,1,1
2024021179,2025-03-31,NSH,PHI,401688778,5.5,5.989261721576936,0.5427435387673957,1,1
2024021180,2025-03-31,CGY,COL,401688779,6.5,6.5304172390661925,0.7085889570552146,1,1
2024021181,2025-03-31,DAL,SEA,401688780,6.5,6.669637074549774,0.3859649122807018,1,1
2024021182,2025-04-01,WSH,BOS,401688781,5.5,5.800324999938054,0.3324808184143222,1,1
2024021183,2025-04-01,FLA,MTL,401688782,5.5,5.86541251341262,0.4009077155824508,1,1
2024021184,2025-04-01,BUF,OTT,401688783,6.5,6.3353944928873,0.6428571428571429,1,1
2024021185,2025-04-01,NSH,CBJ,401688784,6.5,6.5304172390661925,0.6365876193409301,1,1
2024021186,2025-04-01,TBL,NYI,401688785,5.5,5.86541251341262,0.4009077155824508,1,1
2024021187,2025-04-01,DET,STL,401688786,5.5,5.86541251341262,0.6140350877192983,1,1
2024021188,2025-04-01,CGY,UTA,401688787,5.5,5.800324999938054,0.6140350877192983,1,1
2024021189,2025-04-01,EDM,VGK,401688788,6.5,6.5304172390661925,0.6067006554989075,1,1
2024021190,2025-04-01,SJS,ANA,401688789,6.5,6.5304172390661925,0.6233894945490583,1,1
2024021191,2025-04-01,WPG,LAK,401688790,5.5,5.362659562729656,0.5217391304347826,1,1
2024021192,2025-04-02,MIN,NYR,401688791,5.5,5.4793142480398025,0.5990922844175491,1,1
2024021193,2025-04-02,WSH,CAR,401688792,5.5,5.86541251341262,0.6564885496183206,1,1
2024021194,2025-04-02,FLA,TOR,401688793,5.5,5.670161188712068,0.552594002855783,1,1
2024021195,2025-04-02,COL,CHI,401688794,6.5,6.669637074549774,0.2284946236559139,1,1
2024021196,2025-04-02,SEA,VAN,401688795,5.5,5.606051679360132,0.5711159737417943,1,1
2024021197,2025-04-03,BOS,MTL,401688796,5.5,5.86541251341262,0.6564885496183206,1,1
2024021198,2025-04-03,TBL,OTT,401688797,5.5,5.86541251341262,0.4117884537747275,1,1
2024021199,2025-04-03,COL,CBJ,401688798,6.5,6.669637074549774,0.447405997144217,1,1
2024021200,2025-04-03,PIT,STL,401688799,5.5,5.800324999938054,0.679245283018868,1,1
2024021201,2025-04-03,NSH,DAL,401688800,6.5,6.462310215319599,0.7085889570552146,1,1
2024021202,2025-04-03,LAK,UTA,401688801,5.5,5.4793142480398025,0.437956204379562,1,1
2024021203,2025-04-03,ANA,CGY,401688802,6.5,6.397385381191386,0.5990922844175491,1,1
2024021204,2025-04-03,WPG,VGK,401688803,5.5,5.86541251341262,0.5990922844175491,1,1
2024021205,2025-04-03,EDM,SJS,401688804,6.5,6.881371545107008,0.2914110429447852,1,1
2024021206,2025-04-04,CAR,DET,401688805,5.5,5.86541251341262,0.3859649122807018,1,1
2024021207,2025-04-04,CHI,WSH,401688806,6.5,6.881371545107008,0.7663551401869159,1,1
2024021208,2025-04-04,MIN,NYI,401688807,5.5,5.606051679360132,0.5217391304347826,1,1
2024021209,2025-04-05,NYR,NJD,401688808,5.5,5.4793142480398025,0.5427435387673957,1,1
2024021210,2025-04-05,FLA,OTT,401688809,5.5,5.4793142480398025,0.4117884537747275,1,1
2024021211,2025-04-05,PIT,DAL,401688810,6.5,6.600033200170701,0.6946564885496184,1,1
2024021212,2025-04-05,ANA,VAN,401688811,5.5,5.800324999938054,0.6092362344582594,1,1
2024021213,2025-04-05,EDM,LAK,401688812,5.5,5.670161188712068,0.6564885496183206,1,1
2024021214,2025-04-05,CAR,BOS,401688813,5.5,5.670161188712068,0.3207547169811321,1,1
2024021215,2025-04-05,TBL,BUF,401688814,6.5,6.739730786233835,0.355270821199767,1,1
2024021216,2025-04-05,CBJ,TOR,401688815,6.5,6.881371545107008,0.6140350877192983,1,1
2024021217,2025-04-05,PHI,MTL,401688816,5.5,5.989261721576936,0.6233894945490583,1,1
2024021218,2025-04-05,COL,STL,401688817,5.5,5.7347601775545805,0.437956204379562,1,1
2024021219,2025-04-05,WPG,UTA,401688818,5.5,5.4793142480398025,0.4675324675324676,1,1
2024021220,2025-04-05,VGK,CGY,401688819,5.5,5.800324999938054,0.4201680672268907,1,1
2024021221,2025-04-05,SEA,SJS,401688820,6.5,6.462310215319599,0.4009077155824508,1,1
2024021222,2025-04-06,WSH,NYI,401688821,6.5,6.462310215319599,0.4201680672268907,1,1
2024021223,2025-04-06,DAL,MIN,401688822,5.5,5.4793142480398025,0.4572564612326044,1,1
2024021224,2025-04-06,CBJ,OTT,401688823,6.5,6.3353944928873,0.5798319327731092,1,1
2024021225,2025-04-06,FLA,DET,401688824,5.5,5.4793142480398025,0.5427435387673957,1,1
2024021226,2025-04-06,BOS,BUF,401688825,6.5,6.397385381191386,0.6301020408163265,1,1
2024021227,2025-04-06,PIT,CHI,401688826,6.5,6.739730786233835,0.4572564612326044,1,1
2024021228,2025-04-06,MTL,NSH,401688827,5.5,5.989261721576936,0.5,1,1
2024021229,2025-04-06,VGK,VAN,401688828,5.5,5.606051679360132,0.3766105054509415,1,1
2024021230,2025-04-07,TBL,NYR,401688829,5.5,5.800324999938054,0.4170073589533932,1,1
2024021231,2025-04-07,STL,WPG,401688830,5.5,5.4793142480398025,0.6428571428571429,1,1
2024021232,2025-04-07,EDM,ANA,401688831,6.5,6.5304172390661925,0.437956204379562,1,1
2024021233,2025-04-07,SEA,LAK,401688832,5.5,5.7347601775545805,0.6888888888888889,1,1
2024021234,2025-04-07,CGY,SJS,401688833,5.5,5.9283464961821135,0.3272186415468517,1,1
2024021235,2025-04-08,CAR,BUF,401688834,6.5,6.5304172390661925,0.311111111111111,1,1
2024021236,2025-04-08,DET,MTL,401688835,5.5,5.800324999938054,0.5620437956204379,1,1
2024021237,2025-04-08,TOR,FLA,401688836,5.5,5.606051679360132,0.5990922844175491,1,1
2024021238,2025-04-08,BOS,NJD,401688837,5.5,5.419621802129452,0.6727813584531482,1,1
2024021239,2025-04-08,OTT,CBJ,401688838,6.5,6.462310215319599,0.4891657638136511,1,1
2024021240,2025-04-08,CHI,PIT,401688839,6.5,6.600033200170701,0.6507042253521127,1,1
2024021241,2025-04-08,NYI,NSH,401688840,5.5,5.7347601775545805,0.4891657638136511,1,1
2024021242,2025-04-08,VAN,DAL,401688841,5.5,5.7347601775545805,0.6428571428571429,1,1
2024021243,2025-04-08,SEA,UTA,401688842,6.5,6.5304172390661925,0.6727813584531482,1,1
2024021244,2025-04-08,VGK,COL,401688843,5.5,5.989261721576936,0.5882115462252726,1,1
2024021245,2025-04-09,TOR,TBL,401688844,5.5,5.989261721576936,0.6164383561643836,1,1
2024021246,2025-04-09,PHI,NYR,401688845,5.5,5.86541251341262,0.6233894945490583,1,1
2024021247,2025-04-09,SJS,MIN,401688846,5.5,5.9283464961821135,0.7408716136631331,1,1
2024021248,2025-04-09,STL,EDM,401688847,5.5,5.7347601775545805,0.5324675324675325,1,1
2024021249,2025-04-09,CGY,ANA,401688848,6.5,6.600033200170701,0.4117884537747275,1,1
2024021250,2025-04-10,CHI,BOS,401688849,5.5,5.9283464961821135,0.6067006554989075,1,1
2024021251,2025-04-10,DET,FLA,401688850,5.5,5.4793142480398025,0.6507042253521127,1,1
2024021252,2025-04-10,CAR,WSH,401688851,6.5,6.397385381191386,0.4088050314465409,1,1
2024021253,2025-04-10,BUF,CBJ,401688852,6.5,7.015487099178884,0.552594002855783,1,1
2024021254,2025-04-10,NYR,NYI,401688853,6.5,6.5304172390661925,0.5,1,1
2024021255,2025-04-10,WPG,DAL,401688854,5.5,5.670161188712068,0.5217391304347826,1,1
2024021256,2025-04-10,VAN,COL,401688855,5.5,5.7347601775545805,0.6564885496183206,1,1
2024021257,2025-04-10,NSH,UTA,401688856,5.5,5.989261721576936,0.6301020408163265,1,1
2024021258,2025-04-10,SEA,VGK,401688857,6.5,6.3353944928873,0.7085889570552146,1,1
2024021259,2025-04-10,ANA,LAK,401688858,5.5,5.800324999938054,0.7483588621444202,1,1
2024021260,2025-04-11,MTL,OTT,401688859,5.5,5.800324999938054,0.5711159737417943,1,1
2024021261,2025-04-11,DET,TBL,401688860,6.5,6.5304172390661925,0.7335423197492164,1,1
2024021262,2025-04-11,PIT,NJD,401688861,5.5,5.86541251341262,0.6233894945490583,1,1
2024021263,2025-04-11,SJS,EDM,401688862,6.5,6.810830520270558,0.7619047619047619,1,1
2024021264,2025-04-11,MIN,CGY,401688863,5.5,5.800324999938054,0.4675324675324676,1,1
2024021265,2025-04-12,NYI,PHI,401688864,5.5,5.9283464961821135,0.5108342361863489,1,1
2024021266,2025-04-12,NYR,CAR,401688865,5.5,5.9283464961821135,0.6365876193409301,1,1
2024021267,2025-04-12,COL,LAK,401688866,5.5,5.541969544751927,0.6233894945490583,1,1
2024021268,2025-04-12,BUF,FLA,401688867,5.5,5.7347601775545805,0.5882115462252726,1,1
2024021269,2025-04-12,MTL,TOR,401688868,5.5,5.989261721576936,0.6675191815856777,1,1
2024021270,2025-04-12,WSH,CBJ,401688869,6.5,6.600033200170701,0.5324675324675325,1,1
2024021271,2025-04-12,WPG,CHI,401688870,5.5,5.800324999938054,0.2758620689655172,1,1
2024021272,2025-04-12,UTA,DAL,401688871,6.5,6.810830520270558,0.5324675324675325,1,1
2024021273,2025-04-12,MIN,VAN,401688872,5.5,5.670161188712068,0.4675324675324676,1,1
2024021274,2025-04-12,NSH,VGK,401688873,5.5,5.86541251341262,0.7044334975369458,1,1
2024021275,2025-04-12,STL,SEA,401688874,5.5,5.800324999938054,0.4117884537747275,1,1
2024021276,2025-04-13,PHI,OTT,401688875,5.5,5.9283464961821135,0.6507042253521127,1,1
2024021277,2025-04-13,NYI,NJD,401688876,5.5,5.800324999938054,0.6428571428571429,1,1
2024021278,2025-04-13,BOS,PIT,401688877,6.5,6.3353944928873,0.5990922844175491,1,1
2024021279,2025-04-13,TOR,CAR,401688878,5.5,5.86541251341262,0.6564885496183206,1,1
2024021280,2025-04-13,BUF,TBL,401688879,6.5,6.810830520270558,0.6946564885496184,1,1
2024021281,2025-04-13,CBJ,WSH,401688880,6.5,6.5304172390661925,0.6067006554989075,1,1
2024021282,2025-04-13,EDM,WPG,401688881,5.5,5.9283464961821135,0.5108342361863489,1,1
2024021283,2025-04-13,SJS,CGY,401688882,5.5,5.989261721576936,0.7483588621444202,1,1
2024021284,2025-04-13,COL,ANA,401688883,6.5,6.397385381191386,0.4782608695652174,1,1
2024021285,2025-04-14,CHI,MTL,401688884,6.5,6.397385381191386,0.7241379310344829,1,1
2024021286,2025-04-14,DAL,DET,401688885,6.5,6.3353944928873,0.4782608695652174,1,1
2024021287,2025-04-14,NYR,FLA,401688886,5.5,5.800324999938054,0.6067006554989075,1,1
2024021288,2025-04-14,UTA,NSH,401688887,6.5,6.5304172390661925,0.4170073589533932,1,1
2024021289,2025-04-14,LAK,EDM,401688888,5.5,5.670161188712068,0.3698979591836733,1,1
2024021290,2025-04-14,SJS,VAN,401688889,6.5,6.3353944928873,0.7408716136631331,1,1
2024021291,2025-04-15,NJD,BOS,401688890,5.5,5.541969544751927,0.4288840262582056,1,1
2024021292,2025-04-15,TOR,BUF,401688891,6.5,6.462310215319599,0.4288840262582056,1,1
2024021293,2025-04-15,CHI,OTT,401688892,6.5,6.397385381191386,0.700162074554295,1,1
2024021294,2025-04-15,FLA,TBL,401688893,5.5,5.7347601775545805,0.6636481241914618,1,1
2024021295,2025-04-15,CBJ,PHI,401688894,6.5,6.5304172390661925,0.4170073589533932,1,1
2024021296,2025-04-15,WSH,NYI,401688895,5.5,5.9283464961821135,0.5,1,1
2024021297,2025-04-15,UTA,STL,401688896,5.5,5.86541251341262,0.5882115462252726,1,1
2024021298,2025-04-15,ANA,MIN,401688897,5.5,5.989261721576936,0.6946564885496184,1,1
2024021299,2025-04-15,VGK,CGY,401688898,5.5,5.7347601775545805,0.5217391304347826,1,1
2024021300,2025-04-15,LAK,SEA,401688899,5.5,5.670161188712068,0.5,1,1
2024021301,2025-04-16,CAR,MTL,401688900,5.5,5.7347601775545805,0.5798319327731092,1,1
2024021302,2025-04-16,ANA,WPG,401688901,5.5,5.9283464961821135,0.7408716136631331,1,1
2024021303,2025-04-16,DET,NJD,401688902,5.5,5.86541251341262,0.4201680672268907,1,1
2024021304,2025-04-16,DAL,NSH,401688903,6.5,6.669637074549774,0.3859649122807018,1,1
2024021305,2025-04-16,VGK,VAN,401688904,5.5,5.800324999938054,0.5217391304347826,1,1
2024021306,2025-04-16,EDM,SJS,401688905,6.5,6.949540302316011,0.3324808184143222,1,1
2024020653,2025-04-17,CGY,LAK,401751835,5.5,5.86541251341262,0.6233894945490583,1,1
2024021307,2025-04-17,PHI,BUF,401688906,6.5,6.669637074549774,0.6067006554989075,1,1
2024021308,2025-04-17,DET,TOR,401688907,5.5,5.9283464961821135,0.6233894945490583,1,1
2024021309,2025-04-17,CAR,OTT,401688908,5.5,5.800324999938054,0.5882115462252726,1,1
2024021310,2025-04-17,TBL,NYR,401688909,6.5,6.810830520270558,0.5108342361863489,1,1
2024021311,2025-04-17,WSH,PIT,401688910,6.5,6.600033200170701,0.5324675324675325,1,1
2024021312,2025-04-17,NYI,CBJ,401688911,6.5,6.669637074549774,0.6365876193409301,1,1
2024030151,2025-04-19,STL,WPG,401768100,5.5,5.1547492067103295,0.6428571428571429,1,1
2024030161,2025-04-19,COL,DAL,401768101,6.5,6.5304172390661925,0.4009077155824508,1,1
2024030111,2025-04-20,OTT,TOR,401768124,5.5,5.86541251341262,0.6067006554989075,1,1
2024030141,2025-04-20,NJD,CAR,401768148,5.5,5.419621802129452,0.6675191815856777,1,1
2024030171,2025-04-20,MIN,VGK,401768167,5.5,5.800324999938054,0.6946564885496184,1,1
2024030131,2025-04-21,MTL,WSH,401768138,5.5,5.989261721576936,0.6507042253521127,1,1
2024030152,2025-04-21,STL,WPG,401768155,5.5,5.218734260295697,0.6428571428571429,1,1
2024030162,2025-04-21,COL,DAL,401768161,6.5,6.3353944928873,0.4572564612326044,1,1
2024030181,2025-04-21,EDM,LAK,401768174,5.5,5.606051679360132,0.5798319327731092,1,1
2024030112,2025-04-22,OTT,TOR,401768125,5.5,5.9283464961821135,0.5911949685534592,1,1
2024030121,2025-04-22,FLA,TBL,401768131,5.5,5.670161188712068,0.5324675324675325,1,1
2024030142,2025-04-22,NJD,CAR,401768149,5.5,5.419621802129452,0.7085889570552146,1,1
2024030172,2025-04-22,MIN,VGK,401768168,5.5,5.670161188712068,0.679245283018868,1,1
2024030132,2025-04-23,MTL,WSH,401768139,5.5,5.86541251341262,0.6164383561643836,1,1
2024030163,2025-04-23,DAL,COL,401768162,6.5,6.5304172390661925,0.6301020408163265,1,1
2024030182,2025-04-23,EDM,LAK,401768175,5.5,5.86541251341262,0.5324675324675325,1,1
2024030113,2025-04-24,TOR,OTT,401768126,5.5,5.800324999938054,0.5427435387673957,1,1
2024030122,2025-04-24,FLA,TBL,401768132,5.5,5.86541251341262,0.5324675324675325,1,1
2024030153,2025-04-24,WPG,STL,401768156,5.5,5.218734260295697,0.4782608695652174,1,1
2024030173,2025-04-24,VGK,MIN,401768169,5.5,5.670161188712068,0.4088050314465409,1,1
2024030133,2025-04-25,WSH,MTL,401768140,5.5,5.9283464961821135,0.4782608695652174,1,1
2024030143,2025-04-25,CAR,NJD,401768150,5.5,5.419621802129452,0.4009077155824508,1,1
2024030183,2025-04-25,LAK,EDM,401768176,6.5,6.397385381191386,0.5798319327731092,1,1
2024030114,2025-04-26,TOR,OTT,401768127,5.5,5.800324999938054,0.5217391304347826,1,1
2024030123,2025-04-26,TBL,FLA,401768133,5.5,5.606051679360132,0.552594002855783,1,1
2024030164,2025-04-26,DAL,COL,401768163,6.5,6.178604775630932,0.6140350877192983,1,1
2024030174,2025-04-26,VGK,MIN,401768170,5.5,5.7347601775545805,0.4088050314465409,1,1
2024030134,2025-04-27,WSH,MTL,401768141,6.5,6.3353944928873,0.447405997144217,1,1
2024030144,2025-04-27,CAR,NJD,401768151,5.5,5.362659562729656,0.3698979591836733,1,1
2024030154,2025-04-27,WPG,STL,401768157,5.5,5.287762843667935,0.4572564612326044,1,1
2024030184,2025-04-27,LAK,EDM,401768177,6.5,6.462310215319599,0.5711159737417943,1,1
2024030124,2025-04-28,TBL,FLA,401768134,5.5,5.7347601775545805,0.5711159737417943,1,1
2024030165,2025-04-28,COL,DAL,401768164,6.5,6.253832031114614,0.437956204379562,1,1
2024030115,2025-04-29,OTT,TOR,401768128,5.5,5.606051679360132,0.6067006554989075,1,1
2024030145,2025-04-29,NJD,CAR,401768152,5.5,5.670161188712068,0.6946564885496184,1,1
2024030175,2025-04-29,MIN,VGK,401768171,5.5,5.9283464961821135,0.6727813584531482,1,1
2024030185,2025-04-29,EDM,LAK,401768178,6.5,6.5304172390661925,0.5217391304347826,1,1
2024030125,2025-04-30,FLA,TBL,401768135,5.5,5.670161188712068,0.4891657638136511,1,1
2024030135,2025-04-30,MTL,WSH,401768142,5.5,5.9283464961821135,0.6489208633093525,1,1
2024030155,2025-04-30,STL,WPG,401768158,5.5,5.287762843667935,0.6140350877192983,1,1
2024030116,2025-05-01,TOR,OTT,401768129,5.5,5.541969544751927,0.5108342361863489,1,1
2024030166,2025-05-01,DAL,COL,401768165,6.5,6.462310215319599,0.644729178800233,1,1
2024030176,2025-05-01,VGK,MIN,401768172,5.5,5.800324999938054,0.4009077155824508,1,1
2024030186,2025-05-01,LAK,EDM,401768179,6.5,6.397385381191386,0.5911949685534592,1,1
2024030156,2025-05-02,WPG,STL,401768159,5.5,5.419621802129452,0.5108342361863489,1,1
2024030167,2025-05-03,COL,DAL,401768166,5.5,5.606051679360132,0.4009077155824508,1,1
2024030157,2025-05-04,STL,WPG,401768160,5.5,5.052544959461883,0.6140350877192983,1,1
2024030211,2025-05-05,FLA,TOR,401769841,5.5,5.670161188712068,0.4675324675324676,1,1
2024030221,2025-05-06,CAR,WSH,401769842,5.5,5.9283464961821135,0.437956204379562,1,1
2024030241,2025-05-06,EDM,VGK,401769956,6.5,7.015487099178884,0.552594002855783,1,1
2024030212,2025-05-07,FLA,TOR,401769941,5.5,5.9283464961821135,0.4117884537747275,1,1
2024030231,2025-05-07,DAL,WPG,401769971,5.5,5.86541251341262,0.5,1,1
2024030222,2025-05-08,CAR,WSH,401769950,5.5,5.86541251341262,0.4170073589533932,1,1
2024030242,2025-05-08,EDM,VGK,401769957,6.5,6.810830520270558,0.552594002855783,1,1
2024030213,2025-05-09,TOR,FLA,401769943,5.5,5.989261721576936,0.6675191815856777,1,1
2024030232,2025-05-09,DAL,WPG,401769972,5.5,5.800324999938054,0.5711159737417943,1,1
2024030223,2025-05-10,WSH,CAR,401769951,5.5,5.670161188712068,0.679245283018868,1,1
2024030243,2025-05-10,VGK,EDM,401769958,6.5,7.263921173914259,0.5217391304347826,1,1
2024030214,2025-05-11,TOR,FLA,401769944,5.5,5.989261721576936,0.6428571428571429,1,1
2024030233,2025-05-11,WPG,DAL,401769973,5.5,5.7347601775545805,0.5620437956204379,1,1
2024030224,2025-05-12,WSH,CAR,401769952,5.5,5.541969544751927,0.7044334975369458,1,1
2024030244,2025-05-12,VGK,EDM,401769959,6.5,7.103560424725911,0.5217391304347826,1,1
2024030234,2025-05-13,WPG,DAL,401769994,5.5,5.9283464961821135,0.5829926410466066,1,1
2024030215,2025-05-14,FLA,TOR,401769946,5.5,5.9283464961821135,0.447405997144217,1,1
2024030245,2025-05-14,EDM,VGK,401769960,6.5,6.739730786233835,0.5108342361863489,1,1
2024030225,2025-05-15,CAR,WSH,401769953,5.5,5.541969544751927,0.4088050314465409,1,1
2024030235,2025-05-15,DAL,WPG,401769995,5.5,5.7347601775545805,0.552594002855783,1,1
2024030216,2025-05-16,TOR,FLA,401769947,5.5,5.800324999938054,0.6564885496183206,1,1
2024030236,2025-05-17,WPG,DAL,401769996,5.5,5.541969544751927,0.5798319327731092,1,1
2024030217,2025-05-18,FLA,TOR,401769949,5.5,5.095141568173574,0.4288840262582056,1,1
2024030311,2025-05-20,FLA,CAR,401773328,5.5,5.541969544751927,0.552594002855783,1,1
2024030321,2025-05-21,EDM,DAL,401773321,6.5,6.5304172390661925,0.552594002855783,1,1
2024030312,2025-05-22,FLA,CAR,401773329,5.5,5.419621802129452,0.5620437956204379,1,1
2024030322,2025-05-23,EDM,DAL,401773322,6.5,6.397385381191386,0.5108342361863489,1,1
2024030313,2025-05-24,CAR,FLA,401774290,5.5,5.4793142480398025,0.5620437956204379,1,1
2024030323,2025-05-25,DAL,EDM,401773323,6.5,6.397385381191386,0.5990922844175491,1,1
2024030314,2025-05-26,CAR,FLA,401774291,5.5,5.541969544751927,0.6140350877192983,1,1
2024030324,2025-05-27,DAL,EDM,401773324,6.5,6.3353944928873,0.5620437956204379,1,1
2024030315,2025-05-28,FLA,CAR,401774292,5.5,5.419621802129452,0.4675324675324676,1,1
2024030325,2025-05-29,EDM,DAL,401773325,5.5,5.86541251341262,0.5427435387673957,1,1
2024030411,2025-06-04,FLA,EDM,401777455,6.5,6.3353944928873,0.5217391304347826,1,1
2024030412,2025-06-06,FLA,EDM,401777456,6.5,6.3353944928873,0.5,1,1
2024030413,2025-06-09,EDM,FLA,401777457,6.5,6.3353944928873,0.5711159737417943,1,1
2024030414,2025-06-12,EDM,FLA,401777458,6.5,6.276116119771636,0.5620437956204379,1,1
2024030415,2025-06-14,FLA,EDM,401777459,6.5,6.600033200170701,0.5,1,1
2024030416,2025-06-17,EDM,FLA,401777460,6.5,6.397385381191386,0.5990922844175491,1,1
2025020001,2025-10-07,CHI,FLA,401801798,5.5,5.800324999938054,0.7085889570552146,1,1
2025020002,2025-10-07,PIT,NYR,401801799,6.5,6.397385381191386,0.6727813584531482,1,1
2025020003,2025-10-07,COL,LAK,401801800,5.5,5.989261721576936,0.4782608695652174,1,1
2025020004,2025-10-08,MTL,TOR,401802355,5.5,5.989261721576936,0.6067006554989075,1,1
2025020005,2025-10-08,BOS,WSH,401802356,5.5,5.541969544751927,0.6233894945490583,1,1
2025020006,2025-10-08,CGY,EDM,401802357,5.5,5.989261721576936,0.6428571428571429,1,1
2025020007,2025-10-08,LAK,VGK,401802358,5.5,5.9283464961821135,0.6428571428571429,1,1
2025020008,2025-10-09,CHI,BOS,401802359,5.5,5.9283464961821135,0.6067006554989075,1,1
2025020009,2025-10-09,NYR,BUF,401802360,6.5,6.462310215319599,0.4782608695652174,1,1
2025020010,2025-10-09,MTL,DET,401802361,6.5,6.462310215319599,0.552594002855783,1,1
2025020011,2025-10-09,OTT,TBL,401802362,6.5,6.3353944928873,0.6067006554989075,1,1
2025020012,2025-10-09,PHI,FLA,401802363,5.5,5.86541251341262,0.6727813584531482,1,1
2025020013,2025-10-09,NYI,PIT,401802364,5.5,5.989261721576936,0.4572564612326044,1,1
2025020014,2025-10-09,NJD,CAR,401802365,5.5,5.670161188712068,0.6067006554989075,1,1
2025020015,2025-10-09,MIN,STL,401802366,5.5,5.800324999938054,0.5324675324675325,1,1
2025020016,2025-10-09,CBJ,NSH,401802367,6.5,6.397385381191386,0.5324675324675325,1,1
2025020017,2025-10-09,DAL,WPG,401802368,5.5,5.800324999938054,0.5,1,1
2025020018,2025-10-09,UTA,COL,401802369,6.5,6.5304172390661925,0.6301020408163265,1,1
2025020019,2025-10-09,CGY,VAN,401802370,5.5,5.86541251341262,0.6365876193409301,1,1
2025020020,2025-10-09,VGK,SJS,401802371,6.5,6.5304172390661925,0.3492957746478873,1,1
2025020021,2025-10-09,ANA,SEA,401802372,6.5,6.397385381191386,0.5324675324675325,1,1
2025020022,2025-10-11,LAK,WPG,401802373,5.5,5.606051679360132,0.552594002855783,1,1
2025020023,2025-10-11,STL,CGY,401802374,5.5,5.670161188712068,0.4782608695652174,1,1
2025020024,2025-10-11,BUF,BOS,401802375,6.5,6.253832031114614,0.5,1,1
2025020025,2025-10-11,TOR,DET,401802376,6.5,6.253832031114614,0.447405997144217,1,1
2025020026,2025-10-11,NJD,TBL,401802377,6.5,6.3353944928873,0.5798319327731092,1,1
2025020027,2025-10-11,OTT,FLA,401802378,5.5,5.7347601775545805,0.5798319327731092,1,1
2025020028,2025-10-11,WSH,NYI,401802379,5.5,5.670161188712068,0.4675324675324676,1,1
2025020029,2025-10-11,NYR,PIT,401802380,5.5,5.86541251341262,0.437956204379562,1,1
2025020030,2025-10-11,PHI,CAR,401802381,5.5,5.989261721576936,0.7165697674418604,1,1
2025020031,2025-10-11,MTL,CHI,401802382,6.5,6.3353944928873,0.4201680672268907,1,1
2025020032,2025-10-11,UTA,NSH,401802383,5.5,5.9283464961821135,0.4675324675324676,1,1
2025020033,2025-10-11,CBJ,MIN,401802384,6.5,6.600033200170701,0.5882115462252726,1,1
2025020034,2025-10-11,DAL,COL,401802385,6.5,6.397385381191386,0.5711159737417943,1,1
2025020035,2025-10-11,VAN,EDM,401802386,5.5,5.9283464961821135,0.6067006554989075,1,1
2025020036,2025-10-11,ANA,SJS,401802387,6.5,6.739730786233835,0.437956204379562,1,1
2025020037,2025-10-11,VGK,SEA,401802388,5.5,5.9283464961821135,0.3932993445010925,1,1
2025020038,2025-10-12,WSH,NYR,401802389,6.5,6.462310215319599,0.5,1,1
2025020039,2025-10-13,COL,BUF,401802390,6.5,6.669637074549774,0.3859649122807018,1,1
2025020040,2025-10-13,TBL,BOS,401802391,6.5,6.397385381191386,0.4009077155824508,1,1
2025020041,2025-10-13,NSH,OTT,401802392,5.5,5.86541251341262,0.6233894945490583,1,1
2025020042,2025-10-13,WPG,NYI,401802393,5.5,5.86541251341262,0.4891657638136511,1,1
2025020043,2025-10-13,DET,TOR,401802394,6.5,6.462310215319599,0.5882115462252726,1,1
2025020044,2025-10-13,FLA,PHI,401802395,5.5,5.86541251341262,0.4201680672268907,1,1
2025020045,2025-10-13,NJD,CBJ,401802396,6.5,6.600033200170701,0.4782608695652174,1,1
2025020046,2025-10-13,STL,VAN,401802397,5.5,5.670161188712068,0.5324675324675325,1,1
2025020047,2025-10-13,LAK,MIN,401802398,5.5,5.86541251341262,0.4782608695652174,1,1
2025020048,2025-10-13,UTA,CHI,401802399,5.5,5.989261721576936,0.4201680672268907,1,1
2025020049,2025-10-14,NSH,TOR,401802400,6.5,6.5304172390661925,0.6140350877192983,1,1
2025020050,2025-10-14,SEA,MTL,401802401,5.5,5.800324999938054,0.5798319327731092,1,1
2025020051,2025-10-14,EDM,NYR,401802402,5.5,5.86541251341262,0.447405997144217,1,1
2025020052,2025-10-14,TBL,WSH,401802403,5.5,5.989261721576936,0.4891657638136511,1,1
2025020053,2025-10-14,VGK,CGY,401802404,5.5,5.86541251341262,0.3932993445010925,1,1
2025020054,2025-10-14,MIN,DAL,401802405,5.5,5.989261721576936,0.6301020408163265,1,1
2025020055,2025-10-14,CAR,SJS,401802406,6.5,6.810830520270558,0.311111111111111,1,1
2025020056,2025-10-14,PIT,ANA,401802407,6.5,6.462310215319599,0.5711159737417943,1,1
2025020057,2025-10-15,OTT,BUF,401802408,6.5,6.397385381191386,0.4782608695652174,1,1
2025020058,2025-10-15,FLA,DET,401802409,5.5,5.7347601775545805,0.4170073589533932,1,1
2025020059,2025-10-15,CHI,STL,401802410,5.5,5.9283464961821135,0.679245283018868,1,1
2025020060,2025-10-15,CGY,UTA,401802411,5.5,5.9283464961821135,0.679245283018868,1,1
2025020061,2025-10-16,NYR,TOR,401802412,5.5,5.9283464961821135,0.574468085106383,1,1
2025020062,2025-10-16,NSH,MTL,401802413,5.5,5.9283464961821135,0.5620437956204379,1,1
2025020063,2025-10-16,SEA,OTT,401802414,6.5,6.3353944928873,0.5798319327731092,1,1
2025020064,2025-10-16,FLA,NJD,401802415,5.5,5.989261721576936,0.5882115462252726,1,1
2025020065,2025-10-16,EDM,NYI,401802416,6.5,6.5304172390661925,0.4009077155824508,1,1
2025020066,2025-10-16,WPG,PHI,401802417,5.5,5.7347601775545805,0.447405997144217,1,1
2025020067,2025-10-16,COL,CBJ,401802418,6.5,6.669637074549774,0.3932993445010925,1,1
2025020068,2025-10-16,VAN,DAL,401802419,6.5,6.3353944928873,0.5829926410466066,1,1
2025020069,2025-10-16,BOS,VGK,401802420,6.5,6.3353944928873,0.6675191815856777,1,1
2025020070,2025-10-16,CAR,ANA,401802421,6.5,6.600033200170701,0.3698979591836733,1,1
2025020071,2025-10-16,PIT,LAK,401802422,6.5,6.462310215319599,0.6507042253521127,1,1
2025020072,2025-10-17,TBL,DET,401802423,5.5,5.9283464961821135,0.4572564612326044,1,1
2025020073,2025-10-17,MIN,WSH,401802424,5.5,5.86541251341262,0.5324675324675325,1,1
2025020074,2025-10-17,VAN,CHI,401802425,5.5,5.989261721576936,0.4572564612326044,1,1
2025020075,2025-10-17,SJS,UTA,401802426,6.5,6.462310215319599,0.6946564885496184,1,1
2025020076,2025-10-18,FLA,BUF,401802427,5.5,5.9283464961821135,0.4288840262582056,1,1
2025020077,2025-10-18,NYI,OTT,401802428,5.5,5.989261721576936,0.5427435387673957,1,1
2025020078,2025-10-18,EDM,NJD,401802429,6.5,6.397385381191386,0.4891657638136511,1,1
2025020079,2025-10-18,SEA,TOR,401802430,6.5,6.3353944928873,0.6428571428571429,1,1
2025020080,2025-10-18,NYR,MTL,401802431,6.5,6.3353944928873,0.5427435387673957,1,1
2025020081,2025-10-18,MIN,PHI,401802432,6.5,6.462310215319599,0.5217391304347826,1,1
2025020082,2025-10-18,TBL,CBJ,401802433,6.5,6.600033200170701,0.5427435387673957,1,1
2025020083,2025-10-18,DAL,STL,401802434,5.5,5.989261721576936,0.4675324675324676,1,1
2025020084,2025-10-18,NSH,WPG,401802435,5.5,5.670161188712068,0.6233894945490583,1,1
2025020085,2025-10-18,BOS,COL,401802436,6.5,6.3353944928873,0.700162074554295,1,1
2025020086,2025-10-18,CAR,LAK,401802437,5.5,5.9283464961821135,0.4572564612326044,1,1
2025020087,2025-10-18,CGY,VGK,401802438,6.5,6.3353944928873,0.6912521440823327,1,1
2025020088,2025-10-18,PIT,SJS,401802439,6.5,6.669637074549774,0.4009077155824508,1,1
2025020089,2025-10-19,VAN,WSH,401802440,5.5,5.670161188712068,0.5882115462252726,1,1
2025020090,2025-10-19,EDM,DET,401802441,5.5,5.989261721576936,0.4572564612326044,1,1
2025020091,2025-10-19,ANA,CHI,401802442,6.5,6.462310215319599,0.4782608695652174,1,1
2025020092,2025-10-19,BOS,UTA,401802443,5.5,5.989261721576936,0.6564885496183206,1,1
2025020093,2025-10-20,MIN,NYR,401802444,5.5,5.606051679360132,0.5882115462252726,1,1
2025020094,2025-10-20,SEA,PHI,401802445,5.5,5.7347601775545805,0.5620437956204379,1,1
2025020095,2025-10-20,BUF,MTL,401802446,5.5,6.147039209738404,0.5620437956204379,1,1
2025020096,2025-10-20,WPG,CGY,401802447,5.5,5.670161188712068,0.447405997144217,1,1
2025020097,2025-10-20,CAR,VGK,401802448,6.5,6.397385381191386,0.4891657638136511,1,1
2025020098,2025-10-21,NJD,TOR,401802449,5.5,5.800324999938054,0.5217391304347826,1,1
2025020099,2025-10-21,EDM,OTT,401802450,5.5,5.86541251341262,0.4572564612326044,1,1
2025020100,2025-10-21,SJS,NYI,401802451,6.5,6.5304172390661925,0.6675191815856777,1,1
2025020101,2025-10-21,VAN,PIT,401802452,6.5,6.462310215319599,0.4891657638136511,1,1
2025020102,2025-10-21,SEA,WSH,401802453,5.5,5.800324999938054,0.7085889570552146,1,1
2025020103,2025-10-21,FLA,BOS,401802454,5.5,5.670161188712068,0.4117884537747275,1,1
2025020104,2025-10-21,LAK,STL,401802455,5.5,5.800324999938054,0.5324675324675325,1,1
2025020105,2025-10-21,ANA,NSH,401802456,6.5,6.462310215319599,0.552594002855783,1,1
2025020106,2025-10-21,CBJ,DAL,401802457,6.5,6.462310215319599,0.6233894945490583,1,1
2025020107,2025-10-21,COL,UTA,401802458,5.5,5.86541251341262,0.4288840262582056,1,1
2025020108,2025-10-22,MIN,NJD,401802459,5.5,5.86541251341262,0.5324675324675325,1,1
2025020109,2025-10-22,DET,BUF,401802460,6.5,6.397385381191386,0.5427435387673957,1,1
2025020110,2025-10-22,MTL,CGY,401802461,5.5,5.86541251341262,0.4891657638136511,1,1
2025020111,2025-10-23,ANA,BOS,401802462,6.5,6.5304172390661925,0.5108342361863489,1,1
2025020112,2025-10-23,PHI,OTT,401802463,5.5,5.800324999938054,0.5711159737417943,1,1
2025020113,2025-10-23,CHI,TBL,401802464,6.5,6.3353944928873,0.7165697674418604,1,1
2025020114,2025-10-23,PIT,FLA,401802465,5.5,5.800324999938054,0.6140350877192983,1,1
2025020115,2025-10-23,DET,NYI,401802466,5.5,5.989261721576936,0.552594002855783,1,1
2025020116,2025-10-23,SJS,NYR,401802467,6.5,6.3353944928873,0.7085889570552146,1,1
2025020117,2025-10-23,UTA,STL,401802468,5.5,5.800324999938054,0.5108342361863489,1,1
2025020118,2025-10-23,VAN,NSH,401802469,5.5,5.86541251341262,0.5324675324675325,1,1
2025020119,2025-10-23,LAK,DAL,401802470,5.5,5.670161188712068,0.552594002855783,1,1
2025020120,2025-10-23,SEA,WPG,401802471,5.5,5.606051679360132,0.6507042253521127,1,1
2025020121,2025-10-23,CAR,COL,401802472,6.5,6.462310215319599,0.552594002855783,1,1
2025020122,2025-10-23,MTL,EDM,401802473,5.5,5.989261721576936,0.6690070210631895,1,1
2025020123,2025-10-24,TOR,BUF,401802474,6.5,6.5304172390661925,0.4782608695652174,1,1
2025020124,2025-10-24,SJS,NJD,401802475,6.5,6.462310215319599,0.7553516819571866,1,1
2025020125,2025-10-24,WSH,CBJ,401802476,6.5,6.397385381191386,0.4891657638136511,1,1
2025020126,2025-10-24,CGY,WPG,401802477,5.5,5.800324999938054,0.5427435387673957,1,1
2025020127,2025-10-25,NYI,PHI,401802478,6.5,6.397385381191386,0.5217391304347826,1,1
2025020128,2025-10-25,COL,BOS,401802479,6.5,6.462310215319599,0.3492957746478873,1,1
2025020129,2025-10-25,ANA,TBL,401802480,6.5,6.810830520270558,0.6301020408163265,1,1
2025020130,2025-10-25,VGK,FLA,401802481,5.5,5.86541251341262,0.4891657638136511,1,1
2025020131,2025-10-25,UTA,MIN,401802482,5.5,5.86541251341262,0.5108342361863489,1,1
2025020132,2025-10-25,BUF,TOR,401802483,6.5,6.739730786233835,0.552594002855783,1,1
2025020133,2025-10-25,STL,DET,401802484,5.5,5.800324999938054,0.4891657638136511,1,1
2025020134,2025-10-25,CBJ,PIT,401802485,6.5,6.669637074549774,0.5324675324675325,1,1
2025020135,2025-10-25,OTT,WSH,401802486,5.5,5.800324999938054,0.5427435387673957,1,1
2025020136,2025-10-25,MTL,VAN,401802487,5.5,5.9283464961821135,0.5,1,1
2025020137,2025-10-25,LAK,NSH,401802488,5.5,5.670161188712068,0.4088050314465409,1,1
2025020138,2025-10-25,CAR,DAL,401802489,5.5,5.86541251341262,0.5427435387673957,1,1
2025020139,2025-10-25,EDM,SEA,401802490,5.5,5.989261721576936,0.3932993445010925,1,1
2025020140,2025-10-26,COL,NJD,401802491,6.5,6.397385381191386,0.5427435387673957,1,1
2025020141,2025-10-26,VGK,TBL,401802492,6.5,6.462310215319599,0.552594002855783,1,1
2025020142,2025-10-26,SJS,MIN,401802493,6.5,6.600033200170701,0.6301020408163265,1,1
2025020143,2025-10-26,UTA,WPG,401802494,5.5,5.800324999938054,0.5798319327731092,1,1
2025020144,2025-10-26,LAK,CHI,401802495,6.5,6.397385381191386,0.4170073589533932,1,1
2025020145,2025-10-26,DAL,NSH,401802496,5.5,5.989261721576936,0.4288840262582056,1,1
2025020146,2025-10-26,NYR,CGY,401802497,5.5,5.606051679360132,0.447405997144217,1,1
2025020147,2025-10-26,EDM,VAN,401802498,6.5,6.462310215319599,0.4088050314465409,1,1
2025020148,2025-10-27,STL,PIT,401802499,6.5,6.397385381191386,0.4891657638136511,1,1
2025020149,2025-10-27,BOS,OTT,401802500,5.5,5.9283464961821135,0.5990922844175491,1,1
2025020150,2025-10-28,PIT,PHI,401802501,6.5,6.397385381191386,0.6140350877192983,1,1
2025020151,2025-10-28,CGY,TOR,401802502,5.5,5.989261721576936,0.6233894945490583,1,1
2025020152,2025-10-28,CBJ,BUF,401802503,6.5,6.669637074549774,0.5108342361863489,1,1
2025020153,2025-10-28,ANA,FLA,401802504,6.5,6.397385381191386,0.6067006554989075,1,1
2025020154,2025-10-28,NYI,BOS,401802505,6.5,6.5304172390661925,0.4288840262582056,1,1
2025020155,2025-10-28,VGK,CAR,401802506,6.5,6.462310215319599,0.5990922844175491,1,1
2025020156,2025-10-28,TBL,NSH,401802507,5.5,5.800324999938054,0.3932993445010925,1,1
2025020157,2025-10-28,WPG,MIN,401802508,5.5,5.9283464961821135,0.5,1,1
2025020158,2025-10-28,DET,STL,401802509,5.5,5.989261721576936,0.5,1,1
2025020159,2025-10-28,WSH,DAL,401802510,5.5,5.7347601775545805,0.5324675324675325,1,1
2025020160,2025-10-28,OTT,CHI,401802511,5.5,5.9283464961821135,0.4288840262582056,1,1
2025020161,2025-10-28,NJD,COL,401802512,6.5,6.3353944928873,0.6140350877192983,1,1
2025020162,2025-10-28,UTA,EDM,401802513,6.5,6.397385381191386,0.5798319327731092,1,1
2025020163,2025-10-28,NYR,VAN,401802514,5.5,5.800324999938054,0.4675324675324676,1,1
2025020164,2025-10-28,MTL,SEA,401802515,5.5,5.86541251341262,0.4675324675324676,1,1
2025020165,2025-10-28,LAK,SJS,401802516,6.5,6.397385381191386,0.3492957746478873,1,1
2025020166,2025-10-29,TOR,CBJ,401802517,6.5,6.881371545107008,0.5324675324675325,1,1
2025020167,2025-10-30,BUF,BOS,401802518,6.5,6.5304172390661925,0.437956204379562,1,1
2025020168,2025-10-30,CGY,OTT,401802519,6.5,6.397385381191386,0.5990922844175491,1,1
2025020169,2025-10-30,DAL,TBL,401802520,5.5,5.9283464961821135,0.5829926410466066,1,1
2025020170,2025-10-30,NSH,PHI,401802521,5.5,5.670161188712068,0.5829926410466066,1,1
2025020171,2025-10-30,NYI,CAR,401802522,6.5,6.810830520270558,0.6564885496183206,1,1
2025020172,2025-10-30,VAN,STL,401802523,5.5,5.9283464961821135,0.5990922844175491,1,1
2025020173,2025-10-30,PIT,MIN,401802524,6.5,6.810830520270558,0.6092362344582594,1,1
2025020174,2025-10-30,CHI,WPG,401802525,5.5,5.9283464961821135,0.6301020408163265,1,1
2025020175,2025-10-30,NYR,EDM,401802526,5.5,5.86541251341262,0.5829926410466066,1,1
2025020176,2025-10-30,NJD,SJS,401802527,6.5,6.739730786233835,0.3435114503816793,1,1
2025020177,2025-10-30,DET,LAK,401802528,5.5,5.800324999938054,0.5711159737417943,1,1
2025020178,2025-10-31,COL,VGK,401802529,6.5,6.669637074549774,0.437956204379562,1,1
2025020179,2025-10-31,NYI,WSH,401802530,6.5,6.397385381191386,0.6636481241914618,1,1
2025020180,2025-10-31,DET,ANA,401802531,6.5,6.739730786233835,0.5427435387673957,1,1
2025020181,2025-11-01,CAR,BOS,401802532,6.5,6.669637074549774,0.3698979591836733,1,1
2025020182,2025-11-01,PIT,WPG,401802533,6.5,6.5304172390661925,0.5882115462252726,1,1
2025020183,2025-11-01,CGY,NSH,401802534,5.5,5.7347601775545805,0.5108342361863489,1,1
2025020184,2025-11-01,COL,SJS,401802535,6.5,7.015487099178884,0.3492957746478873,1,1
2025020185,2025-11-01,DAL,FLA,401802536,5.5,5.541969544751927,0.5620437956204379,1,1
2025020186,2025-11-01,WSH,BUF,401802537,6.5,6.600033200170701,0.5427435387673957,1,1
2025020187,2025-11-01,OTT,MTL,401802538,6.5,6.462310215319599,0.5,1,1
2025020188,2025-11-01,TOR,PHI,401802539,5.5,5.800324999938054,0.4782608695652174,1,1
2025020189,2025-11-01,STL,CBJ,401802540,6.5,6.600033200170701,0.5620437956204379,1,1
2025020190,2025-11-01,VAN,MIN,401802541,5.5,5.86541251341262,0.6140350877192983,1,1
2025020191,2025-11-01,NJD,LAK,401802542,5.5,5.989261721576936,0.5217391304347826,1,1
2025020192,2025-11-01,CHI,EDM,401802543,6.5,6.5304172390661925,0.7183098591549295,1,1
2025020193,2025-11-01,NYR,SEA,401802544,5.5,5.606051679360132,0.447405997144217,1,1
2025020194,2025-11-02,TBL,UTA,401802545,6.5,6.600033200170701,0.5217391304347826,1,1
2025020195,2025-11-02,CBJ,NYI,401802546,6.5,6.881371545107008,0.5324675324675325,1,1
2025020196,2025-11-02,CGY,PHI,401802547,5.5,5.7347601775545805,0.5217391304347826,1,1
2025020197,2025-11-02,NJD,ANA,401802548,6.5,6.600033200170701,0.4891657638136511,1,1
2025020198,2025-11-02,DET,SJS,401802549,6.5,6.810830520270558,0.3698979591836733,1,1
2025020199,2025-11-03,PIT,TOR,401802550,6.5,6.739730786233835,0.6140350877192983,1,1
2025020200,2025-11-03,EDM,STL,401802551,6.5,6.462310215319599,0.4675324675324676,1,1
2025020201,2025-11-03,VAN,NSH,401802552,5.5,5.670161188712068,0.5,1,1
2025020202,2025-11-03,CHI,SEA,401802553,5.5,5.9283464961821135,0.6067006554989075,1,1
2025020203,2025-11-04,UTA,BUF,401802554,6.5,6.5304172390661925,0.447405997144217,1,1
2025020204,2025-11-04,PHI,MTL,401802555,5.5,5.670161188712068,0.5798319327731092,1,1
2025020205,2025-11-04,BOS,NYI,401802556,5.5,5.989261721576936,0.5990922844175491,1,1
2025020206,2025-11-04,CAR,NYR,401802557,5.5,5.989261721576936,0.4891657638136511,1,1
2025020207,2025-11-04,EDM,DAL,401802558,5.5,5.800324999938054,0.5324675324675325,1,1
2025020208,2025-11-04,NSH,MIN,401802559,6.5,6.5304172390661925,0.6564885496183206,1,1
2025020209,2025-11-04,TBL,COL,401802560,6.5,6.397385381191386,0.5711159737417943,1,1
2025020210,2025-11-04,DET,VGK,401802561,6.5,6.462310215319599,0.6301020408163265,1,1
2025020211,2025-11-04,FLA,ANA,401802562,6.5,6.462310215319599,0.4009077155824508,1,1
2025020212,2025-11-04,WPG,LAK,401802563,5.5,5.541969544751927,0.5427435387673957,1,1
2025020213,2025-11-05,UTA,TOR,401802564,6.5,6.600033200170701,0.5711159737417943,1,1
2025020214,2025-11-05,STL,WSH,401802565,5.5,5.606051679360132,0.5798319327731092,1,1
2025020215,2025-11-05,CBJ,CGY,401802566,5.5,5.989261721576936,0.5108342361863489,1,1
2025020216,2025-11-05,CHI,VAN,401802567,5.5,5.606051679360132,0.5620437956204379,1,1
2025020217,2025-11-05,SJS,SEA,401802568,6.5,6.3353944928873,0.5990922844175491,1,1
2025020218,2025-11-06,OTT,BOS,401802569,5.5,5.989261721576936,0.4009077155824508,1,1
2025020219,2025-11-06,STL,BUF,401802570,6.5,6.5304172390661925,0.5711159737417943,1,1
2025020220,2025-11-06,MTL,NJD,401802571,6.5,6.462310215319599,0.5620437956204379,1,1
2025020221,2025-11-06,WSH,PIT,401802572,6.5,6.5304172390661925,0.5,1,1
2025020222,2025-11-06,MIN,CAR,401802573,6.5,6.5304172390661925,0.6301020408163265,1,1
2025020223,2025-11-06,PHI,NSH,401802574,5.5,5.606051679360132,0.5324675324675325,1,1
2025020224,2025-11-06,ANA,DAL,401802575,6.5,6.5304172390661925,0.6067006554989075,1,1
2025020225,2025-11-06,TBL,VGK,401802576,5.5,5.9283464961821135,0.5217391304347826,1,1
2025020226,2025-11-06,FLA,LAK,401802577,5.5,5.541969544751927,0.5,1,1
2025020227,2025-11-07,NYR,DET,401802578,5.5,5.989261721576936,0.5217391304347826,1,1
2025020228,2025-11-07,MIN,NYI,401802579,6.5,6.810830520270558,0.5911949685534592,1,1
2025020229,2025-11-07,CHI,CGY,401802580,5.5,5.9283464961821135,0.574468085106383,1,1
2025020230,2025-11-07,WPG,SJS,401802581,6.5,6.600033200170701,0.3698979591836733,1,1
2025020231,2025-11-08,PIT,NJD,401802582,6.5,6.600033200170701,0.6233894945490583,1,1
2025020232,2025-11-08,OTT,PHI,401802583,5.5,5.670161188712068,0.4782608695652174,1,1
2025020233,2025-11-08,DAL,NSH,401802584,5.5,5.989261721576936,0.4117884537747275,1,1
2025020234,2025-11-08,BOS,TOR,401802585,5.5,5.9283464961821135,0.6428571428571429,1,1
2025020235,2025-11-08,UTA,MTL,401802586,5.5,5.989261721576936,0.4572564612326044,1,1
2025020236,2025-11-08,WSH,TBL,401802587,5.5,5.7347601775545805,0.5711159737417943,1,1
2025020237,2025-11-08,NYI,NYR,401802588,5.5,5.9283464961821135,0.5798319327731092,1,1
2025020238,2025-11-08,BUF,CAR,401802589,6.5,6.881371545107008,0.679245283018868,1,1
2025020239,2025-11-08,SEA,STL,401802590,5.5,5.9283464961821135,0.5990922844175491,1,1
2025020240,2025-11-08,COL,EDM,401802591,6.5,6.669637074549774,0.4675324675324676,1,1
2025020241,2025-11-08,CBJ,VAN,401802592,6.5,6.669637074549774,0.5,1,1
2025020242,2025-11-08,ANA,VGK,401802593,6.5,7.079348230137034,0.6675191815856777,1,1
2025020243,2025-11-08,FLA,SJS,401802594,6.5,6.5304172390661925,0.311111111111111,1,1
2025020244,2025-11-09,CHI,DET,401802595,6.5,6.397385381191386,0.6233894945490583,1,1
2025020245,2025-11-09,LAK,PIT,401802596,5.5,5.989261721576936,0.3959656331714605,1,1
2025020246,2025-11-09,CAR,TOR,401802597,6.5,6.810830520270558,0.447405997144217,1,1
2025020247,2025-11-09,UTA,OTT,401802598,5.5,5.86541251341262,0.4782608695652174,1,1
2025020248,2025-11-09,SEA,DAL,401802599,5.5,5.800324999938054,0.6428571428571429,1,1
2025020249,2025-11-09,CGY,MIN,401802600,6.5,6.397385381191386,0.5620437956204379,1,1
2025020250,2025-11-09,COL,VAN,401802601,6.5,6.810830520270558,0.3492957746478873,1,1
2025020251,2025-11-09,WPG,ANA,401802602,6.5,6.600033200170701,0.437956204379562,1,1
2025020252,2025-11-10,NYI,NJD,401802603,6.5,6.462310215319599,0.552594002855783,1,1
2025020253,2025-11-10,NSH,NYR,401802604,5.5,5.7347601775545805,0.6365876193409301,1,1
2025020254,2025-11-10,CBJ,EDM,401802605,6.5,6.739730786233835,0.6233894945490583,1,1
2025020255,2025-11-10,FLA,VGK,401802606,5.5,5.7347601775545805,0.5427435387673957,1,1
2025020256,2025-11-11,TOR,BOS,401802607,5.5,5.9283464961821135,0.437956204379562,1,1
2025020257,2025-11-11,LAK,MTL,401802608,5.5,5.7347601775545805,0.4782608695652174,1,1
2025020258,2025-11-11,DAL,OTT,401802609,5.5,5.800324999938054,0.5217391304347826,1,1
2025020259,2025-11-11,WSH,CAR,401802610,6.5,6.397385381191386,0.5711159737417943,1,1
2025020260,2025-11-11,CGY,STL,401802611,5.5,5.800324999938054,0.552594002855783,1,1
2025020261,2025-11-11,SJS,MIN,401802612,6.5,6.669637074549774,0.6428571428571429,1,1
2025020262,2025-11-11,ANA,COL,401802613,6.5,7.186139352916987,0.679245283018868,1,1
2025020263,2025-11-11,WPG,VAN,401802614,5.5,5.989261721576936,0.4782608695652174,1,1
2025020264,2025-11-11,CBJ,SEA,401802615,6.5,6.5304172390661925,0.5217391304347826,1,1
2025020265,2025-11-12,NYR,TBL,401802616,5.5,5.86541251341262,0.5427435387673957,1,1
2025020266,2025-11-12,EDM,PHI,401802617,5.5,5.800324999938054,0.4891657638136511,1,1
2025020267,2025-11-12,BUF,UTA,401802618,6.5,6.600033200170701,0.6365876193409301,1,1
2025020268,2025-11-12,NJD,CHI,401802619,6.5,6.462310215319599,0.447405997144217,1,1
2025020269,2025-11-13,LAK,TOR,401802620,5.5,5.9283464961821135,0.447405997144217,1,1
2025020270,2025-11-13,DAL,MTL,401802621,5.5,5.86541251341262,0.5217391304347826,1,1
2025020271,2025-11-13,BOS,OTT,401802622,5.5,5.800324999938054,0.5911949685534592,1,1
2025020272,2025-11-13,ANA,DET,401802623,6.5,6.739730786233835,0.552594002855783,1,1
2025020273,2025-11-13,WSH,FLA,401802624,5.5,5.4793142480398025,0.5217391304347826,1,1
2025020274,2025-11-13,EDM,CBJ,401802625,6.5,6.739730786233835,0.5427435387673957,1,1
2025020275,2025-11-13,BUF,COL,401802626,6.5,6.810830520270558,0.7619047619047619,1,1
2025020276,2025-11-13,SJS,CGY,401802627,5.5,5.9283464961821135,0.5911949685534592,1,1
2025020277,2025-11-13,NYI,VGK,401802628,6.5,6.462310215319599,0.6301020408163265,1,1
2025020278,2025-11-13,WPG,SEA,401802629,5.5,5.800324999938054,0.4288840262582056,1,1
2025020279,2025-11-14,VAN,CAR,401802631,6.5,6.739730786233835,0.7165697674418604,1,1
2025020280,2025-11-14,PHI,STL,401802632,5.5,5.670161188712068,0.5620437956204379,1,1
2025020281,2025-11-14,PIT,NSH,401802630,6.5,6.462310215319599,0.447405997144217,1,1
2025020282,2025-11-14,NYI,UTA,401802633,6.5,6.739730786233835,0.6564885496183206,1,1
2025020283,2025-11-15,TBL,FLA,401802634,5.5,5.86541251341262,0.5711159737417943,1,1
2025020284,2025-11-15,ANA,MIN,401802635,6.5,7.079348230137034,0.5217391304347826,1,1
2025020285,2025-11-15,BOS,MTL,401802636,5.5,5.7347601775545805,0.5882115462252726,1,1
2025020286,2025-11-15,LAK,OTT,401802637,5.5,5.606051679360132,0.5,1,1
2025020287,2025-11-15,BUF,DET,401802638,6.5,6.600033200170701,0.5962732919254659,1,1
2025020288,2025-11-15,NJD,WSH,401802639,5.5,5.670161188712068,0.5798319327731092,1,1
2025020289,2025-11-15,EDM,CAR,401802640,6.5,6.600033200170701,0.5324675324675325,1,1
2025020290,2025-11-15,NYR,CBJ,401802641,6.5,6.397385381191386,0.4782608695652174,1,1
2025020291,2025-11-15,TOR,CHI,401802642,6.5,6.600033200170701,0.4675324675324676,1,1
2025020292,2025-11-15,VGK,STL,401802643,5.5,5.989261721576936,0.4009077155824508,1,1
2025020293,2025-11-15,PHI,DAL,401802644,5.5,5.606051679360132,0.6365876193409301,1,1
2025020294,2025-11-15,WPG,CGY,401802645,5.5,5.800324999938054,0.4572564612326044,1,1
2025020295,2025-11-15,SJS,SEA,401802646,5.5,5.800324999938054,0.5798319327731092,1,1
2025020296,2025-11-16,NSH,PIT,401802647,6.5,6.462310215319599,0.5324675324675325,1,1
2025020297,2025-11-16,VAN,TBL,401802648,6.5,6.810830520270558,0.5711159737417943,1,1
2025020298,2025-11-16,VGK,MIN,401802649,6.5,6.3353944928873,0.4675324675324676,1,1
2025020299,2025-11-16,DET,NYR,401802650,5.5,5.989261721576936,0.552594002855783,1,1
2025020300,2025-11-16,NYI,COL,401802651,6.5,6.669637074549774,0.679245283018868,1,1
2025020301,2025-11-17,CAR,BOS,401802652,6.5,6.462310215319599,0.3571428571428571,1,1
2025020302,2025-11-17,EDM,BUF,401802653,6.5,6.600033200170701,0.4201680672268907,1,1
2025020303,2025-11-17,VAN,FLA,401802654,5.5,5.86541251341262,0.7044334975369458,1,1
2025020304,2025-11-17,LAK,WSH,401802655,5.5,5.670161188712068,0.5108342361863489,1,1
2025020305,2025-11-17,MTL,CBJ,401802656,6.5,6.5304172390661925,0.552594002855783,1,1
2025020306,2025-11-17,UTA,ANA,401802657,6.5,6.462310215319599,0.5,1,1
2025020307,2025-11-18,STL,TOR,401802658,5.5,5.9283464961821135,0.5,1,1
2025020308,2025-11-18,SEA,DET,401802659,5.5,5.9283464961821135,0.5888285492629945,1,1
2025020309,2025-11-18,NJD,TBL,401802660,5.5,5.989261721576936,0.5882115462252726,1,1
2025020310,2025-11-18,NYI,DAL,401802661,6.5,6.5304172390661925,0.6233894945490583,1,1
2025020311,2025-11-18,CBJ,WPG,401802662,6.5,6.739730786233835,0.6067006554989075,1,1
2025020312,2025-11-18,CGY,CHI,401802663,5.5,5.9283464961821135,0.4572564612326044,1,1
2025020313,2025-11-18,NYR,VGK,401802664,5.5,5.7347601775545805,0.5620437956204379,1,1
2025020314,2025-11-18,UTA,SJS,401802665,6.5,6.462310215319599,0.447405997144217,1,1
2025020315,2025-11-19,EDM,WSH,401802666,6.5,6.462310215319599,0.5324675324675325,1,1
2025020316,2025-11-19,CGY,BUF,401802667,6.5,6.3353944928873,0.5798319327731092,1,1
2025020317,2025-11-19,CAR,MIN,401802668,6.5,6.397385381191386,0.3932993445010925,1,1
2025020318,2025-11-19,BOS,ANA,401802669,6.5,6.462310215319599,0.6140350877192983,1,1
2025020319,2025-11-20,CBJ,TOR,401802670,6.5,6.600033200170701,0.4782608695652174,1,1
2025020320,2025-11-20,WSH,MTL,401802671,6.5,6.3353944928873,0.5427435387673957,1,1
2025020321,2025-11-20,NYI,DET,401802672,6.5,6.397385381191386,0.5324675324675325,1,1
2025020322,2025-11-20,EDM,TBL,401802673,6.5,6.669637074549774,0.6067006554989075,1,1
2025020323,2025-11-20,NJD,FLA,401802674,5.5,5.606051679360132,0.5798319327731092,1,1
2025020324,2025-11-20,STL,PHI,401802675,5.5,5.606051679360132,0.5324675324675325,1,1
2025020325,2025-11-20,SEA,CHI,401802676,5.5,5.800324999938054,0.5108342361863489,1,1
2025020326,2025-11-20,NYR,COL,401802677,6.5,6.3353944928873,0.6301020408163265,1,1
2025020327,2025-11-20,VGK,UTA,401802678,5.5,5.86541251341262,0.5,1,1
2025020328,2025-11-20,DAL,VAN,401802679,6.5,6.5304172390661925,0.4288840262582056,1,1
2025020329,2025-11-20,OTT,ANA,401802680,6.5,6.462310215319599,0.4288840262582056,1,1
2025020330,2025-11-20,LAK,SJS,401802681,5.5,5.800324999938054,0.3932993445010925,1,1
2025020331,2025-11-21,CHI,BUF,401802682,6.5,6.462310215319599,0.6164383561643836,1,1
2025020332,2025-11-21,MIN,PIT,401802683,5.5,5.9283464961821135,0.5324675324675325,1,1
2025020333,2025-11-21,CAR,WPG,401802684,6.5,6.5304172390661925,0.3932993445010925,1,1
2025020334,2025-11-21,BOS,LAK,401802685,5.5,5.800324999938054,0.6233894945490583,1,1
2025020335,2025-11-22,CBJ,DET,401802686,6.5,6.5304172390661925,0.5324675324675325,1,1
2025020336,2025-11-22,STL,NYI,401802687,5.5,5.9283464961821135,0.5620437956204379,1,1
2025020337,2025-11-22,TOR,MTL,401802688,6.5,6.462310215319599,0.5620437956204379,1,1
2025020338,2025-11-22,EDM,FLA,401802689,5.5,5.86541251341262,0.5324675324675325,1,1
2025020339,2025-11-22,NJD,PHI,401802690,5.5,5.419621802129452,0.5,1,1
2025020340,2025-11-22,SEA,PIT,401802691,5.5,5.9283464961821135,0.5324675324675325,1,1
2025020341,2025-11-22,TBL,WSH,401802692,6.5,6.462310215319599,0.5217391304347826,1,1
2025020342,2025-11-22,OTT,SJS,401802693,5.5,5.670161188712068,0.4009077155824508,1,1
2025020343,2025-11-22,COL,NSH,401802694,6.5,6.462310215319599,0.3435114503816793,1,1
2025020344,2025-11-22,NYR,UTA,401802695,5.5,5.9283464961821135,0.5620437956204379,1,1
2025020345,2025-11-22,DAL,CGY,401802696,5.5,5.800324999938054,0.447405997144217,1,1
2025020346,2025-11-22,VGK,ANA,401802697,6.5,6.397385381191386,0.4201680672268907,1,1
2025020347,2025-11-23,CAR,BUF,401802698,6.5,6.881371545107008,0.3634123806590699,1,1
2025020348,2025-11-23,MIN,WPG,401802699,5.5,5.9283464961821135,0.5427435387673957,1,1
2025020349,2025-11-23,SEA,NYI,401802700,5.5,5.9283464961821135,0.5711159737417943,1,1
2025020350,2025-11-23,COL,CHI,401802701,6.5,6.5304172390661925,0.3435114503816793,1,1
2025020351,2025-11-23,BOS,SJS,401802702,5.5,5.9283464961821135,0.4675324675324676,1,1
2025020352,2025-11-23,CGY,VAN,401802703,5.5,5.989261721576936,0.5427435387673957,1,1
2025020353,2025-11-24,PHI,TBL,401802704,5.5,5.9283464961821135,0.6140350877192983,1,1
2025020354,2025-11-24,DET,NJD,401802705,5.5,5.9283464961821135,0.5427435387673957,1,1
2025020355,2025-11-24,STL,NYR,401802706,5.5,5.541969544751927,0.5620437956204379,1,1
2025020356,2025-11-24,CBJ,WSH,401802707,6.5,6.5304172390661925,0.6067006554989075,1,1
2025020357,2025-11-24,FLA,NSH,401802708,5.5,5.86541251341262,0.447405997144217,1,1
2025020358,2025-11-24,VGK,UTA,401802709,5.5,5.9283464961821135,0.5,1,1
2025020359,2025-11-24,OTT,LAK,401802710,5.5,5.4793142480398025,0.5990922844175491,1,1
2025020360,2025-11-25,DAL,EDM,401802711,5.5,5.958804108879525,0.552017558786166,2,2
2025020361,2025-11-26,NSH,DET,401802712,6.5,6.370012020108439,0.5907906501923483,2,2
2025020362,2025-11-26,CGY,TBL,401802713,5.5,5.86541251341262,0.6041642594379042,1,2
2025020363,2025-11-26,PHI,FLA,401802714,5.5,5.4793142480398025,0.622928023205116,2,2
2025020364,2025-11-26,STL,NJD,401802715,5.5,5.7347601775545805,0.552017558786166,2,2
2025020365,2025-11-26,BOS,NYI,401802716,5.5,5.9283464961821135,0.5882115462252726,1,1
2025020366,2025-11-26,BUF,PIT,401802717,6.5,6.600033200170701,0.5108342361863489,1,1
2025020367,2025-11-26,WPG,WSH,401802718,6.5,6.51659633807945,0.5715878046511291,2,2
2025020368,2025-11-26,NYR,CAR,401802719,5.5,5.955223812777897,0.630521192298962,2,2
2025020369,2025-11-26,TOR,CBJ,401802720,6.5,6.648810269408932,0.5,2,2
2025020370,2025-11-26,MIN,CHI,401802721,5.5,5.767542588746317,0.4580456764079593,2,2
2025020371,2025-11-26,SJS,COL,401802722,6.5,6.565225219618447,0.7606268932368103,2,2
2025020372,2025-11-26,MTL,UTA,401802723,5.5,5.92375682139315,0.5580430331739232,2,2
2025020373,2025-11-26,OTT,VGK,401802724,5.5,5.7347601775545805,0.6152367219418409,2,2
2025020374,2025-11-26,VAN,ANA,401802725,6.5,7.166930239045703,0.5814122869098579,2,2
2025020375,2025-11-26,DAL,SEA,401802726,5.5,5.787138353883764,0.4623944643825359,2,2
2025020376,2025-11-28,NYR,BOS,401802727,5.5,5.670161188712068,0.3922346797090337,2,2
2025020377,2025-11-28,TBL,DET,401802728,6.5,6.5304172390661925,0.4572564612326044,1,1
2025020378,2025-11-28,COL,MIN,401802729,6.5,6.397385381191386,0.3634123806590699,1,1
2025020379,2025-11-28,NJD,BUF,401802730,5.5,5.9283464961821135,0.5021648770349845,1,2
2025020380,2025-11-28,CGY,FLA,401802731,5.5,5.813476311980766,0.618250819790236,2,2
2025020381,2025-11-28,PHI,NYI,401802732,5.5,5.989261721576936,0.5620437956204379,1,1
2025020382,2025-11-28,OTT,STL,401802733,5.5,5.670161188712068,0.4891657638136511,1,1
2025020383,2025-11-28,MTL,VGK,401802734,6.5,6.397385381191386,0.6385542168674698,1,1
2025020384,2025-11-28,LAK,ANA,401802735,6.5,6.3353944928873,0.447405997144217,1,1
2025020385,2025-11-28,VAN,SJS,401802736,6.5,6.86035670449017,0.4760871421517488,2,2
2025020386,2025-11-28,TOR,WSH,401802737,6.5,6.253832031114614,0.6067006554989075,1,1
2025020387,2025-11-28,WPG,CAR,401802738,6.5,6.634835137360238,0.6398806622756326,2,2
2025020388,2025-11-28,PIT,CBJ,401802739,6.5,6.397385381191386,0.552017558786166,2,2
2025020389,2025-11-28,NSH,CHI,401802740,5.5,5.989261721576936,0.4707229411353739,1,2
2025020390,2025-11-28,UTA,DAL,401802741,5.5,5.9283464961821135,0.5427435387673957,2,2
2025020391,2025-11-29,TBL,NYR,401802742,6.5,6.462310215319599,0.5427435387673957,1,1
2025020392,2025-11-29,MTL,COL,401802743,6.5,6.565225219618447,0.6927246858018432,2,2
2025020393,2025-11-29,EDM,SEA,401802744,5.5,5.955223812777897,0.4212696369235051,2,2
2025020394,2025-11-29,DET,BOS,401802745,5.5,5.787138353883764,0.4129061951999671,2,2
2025020395,2025-11-29,PHI,NJD,401802746,5.5,5.541969544751927,0.5620437956204379,1,1
2025020396,2025-11-29,TOR,PIT,401802747,6.5,6.544357122501896,0.5075819951281589,2,2
2025020397,2025-11-29,WPG,NSH,401802748,6.0,6.165950190301214,0.4529076732580277,2,2
2025020398,2025-11-29,UTA,STL,401802749,5.5,5.800324999938054,0.4572564612326044,1,1
2025020399,2025-11-29,BUF,MIN,401802750,6.5,6.462310215319599,0.5620437956204379,1,1
2025020400,2025-11-29,SJS,VGK,401802751,6.5,6.5304172390661925,0.7384467212889843,2,2
2025020401,2025-11-29,VAN,LAK,401802752,6.5,6.5304172390661925,0.6067006554989075,1,1
2025020402,2025-11-30,WSH,NYI,401802753,5.5,5.989261721576936,0.451422963689892,1,1
2025020403,2025-11-30,ANA,CHI,401802754,6.5,6.881371545107008,0.4891657638136511,1,1
2025020404,2025-11-30,CGY,CAR,401802755,6.5,6.397385381191386,0.6946564885496184,1,1
2025020405,2025-11-30,OTT,DAL,401802756,5.5,5.800324999938054,0.5476687708115893,1,2
2025020406,2025-12-01,CBJ,NJD,401802757,6.5,6.4298477982554925,0.5759457841667865,2,2
2025020407,2025-12-01,PIT,PHI,401802758,5.5,5.9283464961821135,0.5612785442291717,2,2
2025020408,2025-12-01,WPG,BUF,401802759,6.5,6.496363727192896,0.5108342361863489,2,2
2025020409,2025-12-01,ANA,STL,401802760,6.5,6.477841193564493,0.5801355908928683,2,2
2025020410,2025-12-01,UTA,SJS,401802761,6.0,6.081011058455389,0.3892205818606385,2,2
2025020411,2025-12-02,OTT,MTL,401802762,5.5,5.86541251341262,0.4675324675324676,1,1
2025020412,2025-12-02,BOS,DET,401802763,5.5,5.800324999938054,0.6309403437815976,1,1
2025020413,2025-12-02,TOR,FLA,401802764,6.5,6.641765025881098,0.6037569709421778,1,1
2025020414,2025-12-02,TBL,NYI,401802765,5.5,5.9283464961821135,0.4739134147382802,1,1
2025020415,2025-12-02,DAL,NYR,401802766,5.5,5.670161188712068,0.4675324675324676,1,1
2025020416,2025-12-02,CGY,NSH,401802767,5.5,5.86541251341262,0.5324675324675325,1,1
2025020417,2025-12-02,VAN,COL,401802768,6.5,6.839341863873331,0.7477827050997783,1,1
2025020418,2025-12-02,MIN,EDM,401802769,6.5,6.397385381191386,0.5720596355604638,1,1
2025020419,2025-12-02,CHI,VGK,401802770,5.5,5.98210112937368,0.705033164260632,1,1
2025020420,2025-12-02,WSH,LAK,401802771,5.5,5.516535825450875,0.5217391304347826,1,1
2025020421,2025-12-03,DAL,NJD,401802772,5.5,5.9283464961821135,0.5108342361863489,1,1
2025020422,2025-12-03,WPG,MTL,401802773,6.5,6.5304172390661925,0.448558885283451,1,1
2025020423,2025-12-03,BUF,PHI,401802774,6.5,6.502775437092707,0.4675324675324676,1,1
2025020424,2025-12-03,UTA,ANA,401802775,6.5,6.739730786233835,0.4956702459300312,1,1
2025020425,2025-12-03,WSH,SJS,401802776,6.5,6.397385381191386,0.4279403644395361,1,1
2025020426,2025-12-04,STL,BOS,401802777,5.5,5.606051679360132,0.4365079365079364,1,1
2025020427,2025-12-04,NYR,OTT,401802778,5.5,5.800324999938054,0.551441114716549,1,1
2025020428,2025-12-04,PIT,TBL,401802779,6.5,6.600033200170701,0.5829926410466066,1,1
2025020429,2025-12-04,NSH,FLA,401802780,6.5,6.2670455948440935,0.6224665518611737,1,1
2025020430,2025-12-04,COL,NYI,401802781,6.5,6.342638659025493,0.3775334481388263,1,1
2025020431,2025-12-04,TOR,CAR,401802782,6.5,6.462310215319599,0.644729178800233,1,1
2025020432,2025-12-04,DET,CBJ,401802783,6.5,6.810830520270558,0.5217391304347826,1,1
2025020433,2025-12-04,MIN,CGY,401802784,5.5,5.644484710182217,0.4739134147382802,1,1
2025020434,2025-12-04,SEA,EDM,401802785,5.5,5.9283464961821135,0.6369041816941222,1,1
2025020435,2025-12-04,CHI,LAK,401802786,5.5,5.606051679360132,0.6369041816941222,1,1
2025020436,2025-12-05,VGK,NJD,401802787,5.5,5.7347601775545805,0.4365079365079364,1,1
2025020437,2025-12-05,BUF,WPG,401802788,6.5,6.600033200170701,0.5324675324675325,1,1
2025020438,2025-12-05,SJS,DAL,401802789,6.5,6.397385381191386,0.705033164260632,1,1
2025020439,2025-12-05,UTA,VAN,401802790,6.5,6.342638659025493,0.448558885283451,1,1
2025020440,2025-12-05,WSH,ANA,401802791,6.5,6.739730786233835,0.448558885283451,1,1
2025020441,2025-12-06,COL,NYR,401802792,6.5,6.342638659025493,0.3907637655417407,1,1
2025020442,2025-12-06,CBJ,FLA,401802793,6.5,6.397385381191386,0.593369754159424,1,1
2025020443,2025-12-06,NJD,BOS,401802794,5.5,5.606051679360132,0.4782608695652174,1,1
2025020444,2025-12-06,MTL,TOR,401802795,6.5,6.739730786233835,0.5634920634920635,1,1
2025020445,2025-12-06,STL,OTT,401802796,5.5,5.670161188712068,0.5829926410466066,1,1
2025020446,2025-12-06,NYI,TBL,401802797,6.5,6.397385381191386,0.5634920634920635,1,1
2025020447,2025-12-06,NSH,CAR,401802798,5.5,5.98210112937368,0.6636481241914618,1,1
2025020448,2025-12-06,UTA,CGY,401802799,5.5,5.8266276240234784,0.551441114716549,1,1
2025020449,2025-12-06,CHI,LAK,401802800,5.5,5.606051679360132,0.6369041816941222,1,1
2025020450,2025-12-06,WPG,EDM,401802801,6.5,6.600033200170701,0.6309403437815976,1,1
2025020451,2025-12-06,MIN,VAN,401802802,5.5,5.9283464961821135,0.4066302458405761,1,1
2025020452,2025-12-06,DET,SEA,401802803,5.5,5.9283464961821135,0.4782608695652174,1,1
2025020453,2025-12-07,COL,PHI,401802804,6.5,6.462310215319599,0.4066302458405761,1,1
2025020454,2025-12-07,NYI,FLA,401802805,6.5,6.342638659025493,0.593369754159424,1,1
2025020455,2025-12-07,SJS,CAR,401802806,6.5,6.397385381191386,0.7408716136631331,1,1
2025020456,2025-12-07,PIT,DAL,401802807,5.5,5.98210112937368,0.6164383561643836,1,1
2025020457,2025-12-07,STL,MTL,401802808,5.5,5.670161188712068,0.5427435387673957,1,1
2025020458,2025-12-07,VGK,NYR,401802809,5.5,5.98210112937368,0.3907637655417407,1,1
2025020459,2025-12-07,CBJ,WSH,401802810,6.5,6.5304172390661925,0.6164383561643836,1,1
2025020460,2025-12-07,CHI,ANA,401802811,6.5,7.007736827573327,0.6369041816941222,1,1
2025020461,2025-12-08,TBL,TOR,401802812,6.5,6.697587338647162,0.4572564612326044,1,1
2025020462,2025-12-08,LAK,UTA,401802813,5.5,5.567628466028095,0.4956702459300312,1,1
2025020463,2025-12-08,BUF,CGY,401802814,6.5,6.397385381191386,0.5,1,1
2025020464,2025-12-08,DET,VAN,401802815,6.5,6.600033200170701,0.4572564612326044,1,1
2025020465,2025-12-08,MIN,SEA,401802816,5.5,5.541969544751927,0.448558885283451,1,1
2025020466,2025-12-09,TBL,MTL,401802817,6.5,6.600033200170701,0.4956702459300312,1,1
2025020467,2025-12-09,NJD,OTT,401802818,5.5,5.670161188712068,0.5829926410466066,1,1
2025020468,2025-12-09,VGK,NYI,401802819,5.5,5.644484710182217,0.4170073589533932,1,1
2025020469,2025-12-09,SJS,PHI,401802820,5.5,5.98210112937368,0.6164383561643836,1,1
2025020470,2025-12-09,ANA,PIT,401802821,6.5,6.810830520270558,0.4956702459300312,1,1
2025020471,2025-12-09,CBJ,CAR,401802822,6.5,6.697587338647162,0.6574752261956053,1,1
2025020472,2025-12-09,BOS,STL,401802823,5.5,5.644484710182217,0.5324675324675325,1,1
2025020473,2025-12-09,DAL,WPG,401802824,5.5,5.9283464961821135,0.4279403644395361,1,1
2025020474,2025-12-09,BUF,EDM,401802825,6.5,6.949540302316011,0.644729178800233,1,1
2025020475,2025-12-09,COL,NSH,401802826,6.5,6.342638659025493,0.355270821199767,1,1
2025020476,2025-12-10,NYR,CHI,401802827,5.5,5.9283464961821135,0.4279403644395361,1,1
2025020477,2025-12-10,DET,CGY,401802828,6.5,6.397385381191386,0.4891657638136511,1,1
2025020478,2025-12-10,FLA,UTA,401802829,5.5,5.7739517078294735,0.4891657638136511,1,1
2025020479,2025-12-10,LAK,SEA,401802830,5.5,5.516535825450875,0.4279403644395361,1,1
2025020480,2025-12-11,SJS,TOR,401802831,6.5,6.342638659025493,0.644729178800233,1,1
2025020481,2025-12-11,TBL,NJD,401802832,5.5,5.98210112937368,0.448558885283451,1,1
2025020482,2025-12-11,ANA,NYI,401802833,6.5,6.839341863873331,0.5108342361863489,1,1
2025020483,2025-12-11,VGK,PHI,401802834,5.5,5.7347601775545805,0.4066302458405761,1,1
2025020484,2025-12-11,MTL,PIT,401802835,6.5,6.462310215319599,0.551441114716549,1,1
2025020485,2025-12-11,CAR,WSH,401802836,5.5,5.8266276240234784,0.4891657638136511,1,1
2025020486,2025-12-11,OTT,CBJ,401802837,6.5,6.669637074549774,0.4572564612326044,1,1
2025020487,2025-12-11,STL,NSH,401802838,5.5,5.695915825550388,0.551441114716549,1,1
2025020488,2025-12-11,DAL,MIN,401802839,5.5,5.606051679360132,0.4572564612326044,1,1
2025020489,2025-12-11,BOS,WPG,401802840,6.5,6.342638659025493,0.5829926410466066,1,1
2025020490,2025-12-11,FLA,COL,401802841,6.5,6.5582970059376,0.6750312469954812,1,1
2025020491,2025-12-11,DET,EDM,401802842,6.5,6.881371545107008,0.6224665518611737,1,1
2025020492,2025-12-11,BUF,VAN,401802843,6.5,6.397385381191386,0.4891657638136511,1,1
2025020493,2025-12-12,CHI,STL,401802844,5.5,5.695915825550388,0.4891657638136511,1,1
2025020494,2025-12-12,SEA,UTA,401802845,5.5,5.670161188712068,0.6309403437815976,1,1
2025020495,2025-12-13,ANA,NJD,401802846,6.5,6.78223585948594,0.5,1,1
2025020496,2025-12-13,OTT,MIN,401802847,5.5,5.9283464961821135,0.5217391304347826,1,1
2025020497,2025-12-13,SJS,PIT,401802848,6.5,6.462310215319599,0.6164383561643836,1,1
2025020498,2025-12-13,TBL,NYI,401802849,5.5,5.98210112937368,0.4572564612326044,1,1
2025020499,2025-12-13,EDM,TOR,401802850,6.5,6.5582970059376,0.4572564612326044,1,1
2025020500,2025-12-13,MTL,NYR,401802851,5.5,5.695915825550388,0.551441114716549,1,1
2025020501,2025-12-13,CAR,PHI,401802852,5.5,5.98210112937368,0.3835616438356165,1,1
2025020502,2025-12-13,VGK,CBJ,401802853,6.5,6.462310215319599,0.4365079365079364,1,1
2025020503,2025-12-13,WSH,WPG,401802854,5.5,5.606051679360132,0.4782608695652174,1,1
2025020504,2025-12-13,DET,CHI,401802855,6.5,6.462310215319599,0.3690596562184024,1,1
2025020505,2025-12-13,FLA,DAL,401802856,5.5,5.86541251341262,0.5634920634920635,1,1
2025020506,2025-12-13,NSH,COL,401802857,6.5,6.641765025881098,0.7571884984025559,1,1
2025020507,2025-12-13,CGY,LAK,401802858,5.5,5.250706314697768,0.6092362344582594,1,1
2025020508,2025-12-14,VAN,NJD,401802859,5.5,5.8266276240234784,0.5324675324675325,1,1
2025020509,2025-12-14,UTA,PIT,401802860,6.5,6.462310215319599,0.4572564612326044,1,1
2025020510,2025-12-14,PHI,CAR,401802861,5.5,5.7739517078294735,0.6853932584269663,1,1
2025020511,2025-12-14,BOS,MIN,401802862,5.5,5.7739517078294735,0.5427435387673957,1,1
2025020512,2025-12-14,EDM,MTL,401802863,6.5,6.839341863873331,0.448558885283451,1,1
2025020513,2025-12-14,BUF,SEA,401802864,5.5,5.98210112937368,0.4572564612326044,1,1
2025020514,2025-12-15,FLA,TBL,401802865,5.5,5.7347601775545805,0.5217391304347826,1,1
2025020515,2025-12-15,ANA,NYR,401802866,6.5,6.462310215319599,0.5043297540699689,1,1
2025020516,2025-12-15,OTT,WPG,401802867,5.5,5.695915825550388,0.5427435387673957,1,1
2025020517,2025-12-15,NSH,STL,401802868,5.5,5.7347601775545805,0.5,1,1
2025020518,2025-12-15,LAK,DAL,401802869,5.5,5.369314424141235,0.551441114716549,1,1
2025020519,2025-12-16,UTA,BOS,401802870,5.5,5.98210112937368,0.5043297540699689,1,1
2025020520,2025-12-16,CHI,TOR,401802871,5.5,5.800324999938054,0.644729178800233,1,1
2025020521,2025-12-16,PHI,MTL,401802872,5.5,5.7739517078294735,0.5217391304347826,1,1
2025020522,2025-12-16,NYI,DET,401802873,5.5,5.98210112937368,0.5324675324675325,1,1
2025020523,2025-12-16,VAN,NYR,401802874,5.5,5.7347601775545805,0.5260865852617197,1,1
2025020524,2025-12-16,EDM,PIT,401802875,6.5,6.641765025881098,0.4365079365079364,1,1
2025020525,2025-12-16,ANA,CBJ,401802876,6.5,6.949540302316011,0.5634920634920635,1,1
2025020526,2025-12-16,WSH,MIN,401802877,5.5,5.98210112937368,0.5108342361863489,1,1
2025020527,2025-12-16,CGY,SJS,401802878,5.5,5.86541251341262,0.4170073589533932,1,1
2025020528,2025-12-16,COL,SEA,401802879,5.5,5.98210112937368,0.2664576802507837,1,1
2025020529,2025-12-17,LAK,FLA,401802880,5.5,5.670161188712068,0.5720596355604638,1,1
2025020530,2025-12-17,UTA,DET,401802881,5.5,5.98210112937368,0.5217391304347826,1,1
2025020531,2025-12-17,WPG,STL,401802882,5.5,5.695915825550388,0.4170073589533932,1,1
2025020532,2025-12-17,CAR,NSH,401802883,5.5,5.9283464961821135,0.3835616438356165,1,1
2025020533,2025-12-17,NJD,VGK,401802884,5.5,5.419621802129452,0.5996387718242023,1,1
2025020534,2025-12-18,EDM,BOS,401802885,6.5,6.641765025881098,0.448558885283451,1,1
2025020535,2025-12-18,PHI,BUF,401802886,5.5,5.98210112937368,0.5829926410466066,1,1
2025020536,2025-12-18,CHI,MTL,401802887,5.5,5.7347601775545805,0.6092362344582594,1,1
2025020537,2025-12-18,PIT,OTT,401802888,6.5,6.641765025881098,0.6037569709421778,1,1
2025020538,2025-12-18,LAK,TBL,401802889,5.5,5.567628466028095,0.6690070210631895,1,1
2025020539,2025-12-18,TOR,WSH,401802890,5.5,5.9283464961821135,0.5829926410466066,1,1
2025020540,2025-12-18,MIN,CBJ,401802891,6.5,6.5304172390661925,0.4956702459300312,1,1
2025020541,2025-12-18,NYR,STL,401802892,5.5,5.419621802129452,0.4365079365079364,1,1
2025020542,2025-12-18,SEA,CGY,401802893,5.5,5.7739517078294735,0.6092362344582594,1,1
2025020543,2025-12-18,DAL,SJS,401802894,5.5,5.98210112937368,0.3630958183058778,1,1
2025020544,2025-12-19,CAR,FLA,401802895,5.5,5.86541251341262,0.448558885283451,1,1
2025020545,2025-12-19,VAN,NYI,401802896,5.5,5.419621802129452,0.5634920634920635,1,1
2025020546,2025-12-19,WPG,COL,401802897,6.5,6.342638659025493,0.6574752261956053,1,1
2025020547,2025-12-19,NJD,UTA,401802898,5.5,5.800324999938054,0.5634920634920635,1,1
2025020548,2025-12-19,DAL,ANA,401802899,6.5,6.5582970059376,0.5043297540699689,1,1
2025020549,2025-12-20,PHI,NYR,401802900,5.5,5.606051679360132,0.5829926410466066,1,1
2025020550,2025-12-20,DET,WSH,401802901,5.5,5.800324999938054,0.593369754159424,1,1
2025020551,2025-12-20,CHI,OTT,401802902,5.5,5.8266276240234784,0.705033164260632,1,1
2025020552,2025-12-20,EDM,MIN,401802903,6.5,6.739730786233835,0.551441114716549,1,1
2025020553,2025-12-20,NYI,BUF,401802904,6.5,6.462310215319599,0.6037569709421778,1,1
2025020554,2025-12-20,STL,FLA,401802905,5.5,5.7347601775545805,0.6164383561643836,1,1
2025020555,2025-12-20,VAN,BOS,401802906,5.5,5.86541251341262,0.6224665518611737,1,1
2025020556,2025-12-20,PIT,MTL,401802907,6.5,6.641765025881098,0.5427435387673957,1,1
2025020557,2025-12-20,CAR,TBL,401802908,5.5,5.7347601775545805,0.551441114716549,1,1
2025020558,2025-12-20,TOR,NSH,401802909,5.5,5.98210112937368,0.5,1,1
2025020559,2025-12-20,VGK,CGY,401802910,5.5,5.7347601775545805,0.4572564612326044,1,1
2025020560,2025-12-20,CBJ,ANA,401802911,6.5,7.08918993279976,0.5260865852617197,1,1
2025020561,2025-12-20,SEA,SJS,401802912,6.5,6.462310215319599,0.5427435387673957,1,1
2025020562,2025-12-21,WSH,DET,401802913,5.5,5.98210112937368,0.5108342361863489,1,1
2025020563,2025-12-21,COL,MIN,401802914,6.5,6.5582970059376,0.3962430290578222,1,1
2025020564,2025-12-21,OTT,BOS,401802915,5.5,5.98210112937368,0.4279403644395361,1,1
2025020565,2025-12-21,BUF,NJD,401802916,6.5,6.600033200170701,0.6164383561643836,1,1
2025020566,2025-12-21,MTL,PIT,401802917,6.5,6.600033200170701,0.5108342361863489,1,1
2025020567,2025-12-21,NYR,NSH,401802918,5.5,5.98210112937368,0.5043297540699689,1,1
2025020568,2025-12-21,TOR,DAL,401802919,6.5,6.342638659025493,0.6574752261956053,1,1
2025020569,2025-12-21,WPG,UTA,401802920,5.5,5.7347601775545805,0.5260865852617197,1,1
2025020570,2025-12-21,VGK,EDM,401802921,6.5,6.641765025881098,0.5324675324675325,1,1
2025020571,2025-12-22,STL,TBL,401802922,5.5,5.7347601775545805,0.6853932584269663,1,1
2025020572,2025-12-22,VAN,PHI,401802923,5.5,5.419621802129452,0.5720596355604638,1,1
2025020573,2025-12-22,SEA,ANA,401802924,6.5,6.739730786233835,0.6224665518611737,1,1
2025020574,2025-12-22,CBJ,LAK,401802925,5.5,5.86541251341262,0.593369754159424,1,1
2025020575,2025-12-23,PIT,TOR,401802926,6.5,6.5304172390661925,0.5427435387673957,1,1
2025020576,2025-12-23,NYR,WSH,401802927,5.5,5.516535825450875,0.593369754159424,1,1
2025020577,2025-12-23,MTL,BOS,401802928,6.5,6.342638659025493,0.5217391304347826,1,1
2025020578,2025-12-23,BUF,OTT,401802929,6.5,6.397385381191386,0.5996387718242023,1,1
2025020579,2025-12-23,DAL,DET,401802930,5.5,5.86541251341262,0.4675324675324676,1,1
2025020580,2025-12-23,NJD,NYI,401802931,5.5,5.86541251341262,0.4572564612326044,1,1
2025020581,2025-12-23,FLA,CAR,401802932,6.5,6.342638659025493,0.5634920634920635,1,1
2025020582,2025-12-23,NSH,MIN,401802933,6.5,6.342638659025493,0.6224665518611737,1,1
2025020583,2025-12-23,PHI,CHI,401802934,5.5,5.7347601775545805,0.4782608695652174,1,1
2025020584,2025-12-23,UTA,COL,401802935,6.5,6.502775437092707,0.700162074554295,1,1
2025020585,2025-12-23,CGY,EDM,401802936,6.5,6.810830520270558,0.593369754159424,1,1
2025020586,2025-12-23,SJS,VGK,401802937,6.5,6.502775437092707,0.6369041816941222,1,1
2025020587,2025-12-23,SEA,LAK,401802938,5.5,5.516535825450875,0.6574752261956053,1,1
2025020588,2025-12-27,NYR,NYI,401802939,5.5,5.541969544751927,0.4891657638136511,1,1
2025020589,2025-12-27,BOS,BUF,401802940,6.5,6.697587338647162,0.551441114716549,1,1
2025020590,2025-12-27,OTT,TOR,401802941,6.5,6.342638659025493,0.4675324675324676,1,1
2025020591,2025-12-27,TBL,FLA,401802942,5.5,5.7739517078294735,0.4826358742837298,1,1
2025020592,2025-12-27,WSH,NJD,401802943,5.5,5.7739517078294735,0.5217391304347826,1,1
2025020593,2025-12-27,DET,CAR,401802944,6.5,6.342638659025493,0.6037569709421778,1,1
2025020594,2025-12-27,MIN,WPG,401802945,5.5,5.86541251341262,0.4891657638136511,1,1
2025020595,2025-12-27,NSH,STL,401802946,5.5,5.7739517078294735,0.5173641257162701,1,1
2025020596,2025-12-27,CHI,DAL,401802947,5.5,5.800324999938054,0.7508125677139762,1,1
2025020597,2025-12-27,ANA,LAK,401802948,6.5,6.342638659025493,0.5324675324675325,1,1
2025020598,2025-12-27,EDM,CGY,401802949,6.5,6.810830520270558,0.4279403644395361,1,1
2025020599,2025-12-27,SJS,VAN,401802950,6.5,6.462310215319599,0.5720596355604638,1,1
2025020600,2025-12-27,COL,VGK,401802951,6.5,6.502775437092707,0.4170073589533932,1,1
2025020601,2025-12-28,TOR,DET,401802952,6.5,6.5582970059376,0.5634920634920635,1,1
2025020602,2025-12-28,MTL,TBL,401802953,6.5,6.5304172390661925,0.5720596355604638,1,1
2025020603,2025-12-28,NYI,CBJ,401802954,5.5,5.98210112937368,0.5634920634920635,1,1
2025020604,2025-12-28,PIT,CHI,401802955,5.5,5.9283464961821135,0.4170073589533932,1,1
2025020605,2025-12-28,PHI,SEA,401802956,5.5,5.7347601775545805,0.4365079365079364,1,1
2025020606,2025-12-29,CBJ,OTT,401802957,6.5,6.78223585948594,0.6574752261956053,1,1
2025020607,2025-12-29,WSH,FLA,401802958,5.5,5.86541251341262,0.5324675324675325,1,1
2025020608,2025-12-29,NYR,CAR,401802959,5.5,5.800324999938054,0.6092362344582594,1,1
2025020609,2025-12-29,EDM,WPG,401802960,6.5,6.502775437092707,0.4891657638136511,1,1
2025020610,2025-12-29,BUF,STL,401802961,5.5,5.9283464961821135,0.4891657638136511,1,1
2025020611,2025-12-29,LAK,COL,401802962,5.5,5.9283464961821135,0.6636481241914618,1,1
2025020612,2025-12-29,NSH,UTA,401802963,5.5,5.8266276240234784,0.5634920634920635,1,1
2025020613,2025-12-29,BOS,CGY,401802964,5.5,5.98210112937368,0.5427435387673957,1,1
2025020614,2025-12-29,MIN,VGK,401802965,5.5,5.8266276240234784,0.5108342361863489,1,1
2025020615,2025-12-29,SJS,ANA,401802966,6.5,7.007736827573327,0.6037569709421778,1,1
2025020616,2025-12-29,VAN,SEA,401802967,5.5,5.7347601775545805,0.4826358742837298,1,1
2025020617,2025-12-30,NJD,TOR,401802968,5.5,5.8266276240234784,0.4365079365079364,1,1
2025020618,2025-12-30,MTL,FLA,401802969,6.5,6.5582970059376,0.5324675324675325,1,1
2025020619,2025-12-30,CAR,PIT,401802970,6.5,6.502775437092707,0.4572564612326044,1,1
2025020620,2025-12-30,NYI,CHI,401802971,5.5,5.800324999938054,0.448558885283451,1,1
2025020621,2025-12-30,PHI,VAN,401802972,5.5,5.606051679360132,0.4279403644395361,1,1
2025020622,2025-12-31,NYR,WSH,401802973,5.5,5.8266276240234784,0.551441114716549,1,1
2025020623,2025-12-31,NSH,VGK,401802974,6.5,6.342638659025493,0.6092362344582594,1,1
2025020624,2025-12-31,TBL,ANA,401802975,6.5,6.739730786233835,0.4170073589533932,1,1
2025020625,2025-12-31,MIN,SJS,401802976,6.5,6.669637074549774,0.3835616438356165,1,1
2025020626,2025-12-31,WPG,DET,401802977,5.5,5.9283464961821135,0.4826358742837298,1,1
2025020627,2025-12-31,NJD,CBJ,401802978,5.5,5.86541251341262,0.5173641257162701,1,1
2025020628,2025-12-31,BUF,DAL,401802979,6.5,6.462310215319599,0.5829926410466066,1,1
2025020629,2025-12-31,STL,COL,401802980,6.5,6.342638659025493,0.7508125677139762,1,1
2025020630,2025-12-31,PHI,CGY,401802981,5.5,5.7739517078294735,0.551441114716549,1,1
2025020631,2025-12-31,BOS,EDM,401802982,6.5,6.78223585948594,0.6224665518611737,1,1
2025020632,2026-01-01,WSH,OTT,401802983,5.5,5.9283464961821135,0.5829926410466066,1,1
2025020633,2026-01-01,UTA,NYI,401802984,5.5,5.7739517078294735,0.4675324675324676,1,1
2025020634,2026-01-01,WPG,TOR,401802985,5.5,5.98210112937368,0.5427435387673957,1,1
2025020635,2026-01-01,DET,PIT,401802986,6.5,6.641765025881098,0.551441114716549,1,1
2025020636,2026-01-01,MTL,CAR,401802987,6.5,6.397385381191386,0.5996387718242023,1,1
2025020637,2026-01-01,DAL,CHI,401802988,5.5,5.670161188712068,0.3775334481388263,1,1
2025020638,2026-01-01,NSH,SEA,401802989,5.5,5.7347601775545805,0.4891657638136511,1,1
2025020639,2026-01-01,TBL,LAK,401802990,5.5,5.7347601775545805,0.5324675324675325,1,1
2025020640,2026-01-02,VGK,STL,401802991,5.5,5.9283464961821135,0.4170073589533932,1,1
2025020641,2026-01-02,NYR,FLA,401802992,5.5,5.670161188712068,0.551441114716549,1,1
2025020642,2026-01-02,SEA,VAN,401802993,5.5,5.8266276240234784,0.5634920634920635,1,1
2025020643,2026-01-02,MIN,ANA,401802994,6.5,6.600033200170701,0.4365079365079364,1,1
2025020644,2026-01-03,PIT,DET,401802995,6.5,6.600033200170701,0.551441114716549,1,1
2025020645,2026-01-03,UTA,NJD,401802996,5.5,5.7347601775545805,0.5173641257162701,1,1
2025020646,2026-01-03,BUF,CBJ,401802997,6.5,6.5582970059376,0.5,1,1
2025020647,2026-01-03,PHI,EDM,401802998,6.5,6.641765025881098,0.5829926410466066,1,1
2025020648,2026-01-03,MTL,STL,401802999,6.5,6.342638659025493,0.4170073589533932,1,1
2025020649,2026-01-03,TBL,SJS,401803000,6.5,6.342638659025493,0.3425247738043946,1,1
2025020650,2026-01-03,WPG,OTT,401803001,5.5,5.86541251341262,0.5217391304347826,1,1
2025020651,2026-01-03,TOR,NYI,401803002,5.5,5.800324999938054,0.4891657638136511,1,1
2025020652,2026-01-03,CHI,WSH,401803003,5.5,5.86541251341262,0.6853932584269663,1,1
2025020653,2026-01-03,COL,CAR,401803004,6.5,6.839341863873331,0.4279403644395361,1,1
2025020654,2026-01-03,NSH,CGY,401803005,5.5,5.86541251341262,0.5108342361863489,1,1
2025020655,2026-01-03,MIN,LAK,401803006,5.5,5.644484710182217,0.5260865852617197,1,1
2025020656,2026-01-03,BOS,VAN,401803007,6.5,6.342638659025493,0.4365079365079364,1,1
2025020657,2026-01-04,MTL,DAL,401803008,6.5,6.502775437092707,0.6224665518611737,1,1
2025020658,2026-01-04,PIT,CBJ,401803009,6.5,6.739730786233835,0.5427435387673957,1,1
2025020659,2026-01-04,COL,FLA,401803010,6.5,6.697587338647162,0.4279403644395361,1,1
2025020660,2026-01-04,CAR,NJD,401803011,6.5,6.397385381191386,0.4675324675324676,1,1
2025020661,2026-01-04,VGK,CHI,401803012,6.5,6.342638659025493,0.3042300479266513,1,1
2025020662,2026-01-05,UTA,NYR,401803013,5.5,5.516535825450875,0.4956702459300312,1,1
2025020663,2026-01-05,ANA,WSH,401803014,6.5,6.949540302316011,0.5427435387673957,1,1
2025020664,2026-01-05,DET,OTT,401803015,6.5,6.397385381191386,0.593369754159424,1,1
2025020665,2026-01-05,SEA,CGY,401803016,5.5,5.8266276240234784,0.5829926410466066,1,1
2025020666,2026-01-05,MIN,LAK,401803017,5.5,5.4793142480398025,0.4739134147382802,1,1
2025020667,2026-01-06,VAN,BUF,401803018,6.5,6.397385381191386,0.6037569709421778,1,1
2025020668,2026-01-06,COL,TBL,401803019,6.5,6.5304172390661925,0.4826358742837298,1,1
2025020669,2026-01-06,NJD,NYI,401803020,5.5,5.567628466028095,0.4739134147382802,1,1
2025020670,2026-01-06,ANA,PHI,401803021,6.5,6.600033200170701,0.5829926410466066,1,1
2025020671,2026-01-06,DAL,CAR,401803022,6.5,6.462310215319599,0.5634920634920635,1,1
2025020672,2026-01-06,FLA,TOR,401803023,5.5,5.98210112937368,0.448558885283451,1,1
2025020673,2026-01-06,VGK,WPG,401803024,5.5,5.7739517078294735,0.5173641257162701,1,1
2025020674,2026-01-06,NSH,EDM,401803025,6.5,6.949540302316011,0.5720596355604638,1,1
2025020675,2026-01-06,CBJ,SJS,401803026,6.5,7.007736827573327,0.4365079365079364,1,1
2025020676,2026-01-06,BOS,SEA,401803027,5.5,5.7347601775545805,0.4782608695652174,1,1
2025020677,2026-01-07,DAL,WSH,401803028,6.5,6.5304172390661925,0.5260865852617197,1,1
2025020678,2026-01-07,CGY,MTL,401803029,6.5,6.397385381191386,0.551441114716549,1,1
2025020679,2026-01-07,STL,CHI,401803030,5.5,5.4793142480398025,0.4739134147382802,1,1
2025020680,2026-01-07,OTT,UTA,401803031,6.5,6.462310215319599,0.5173641257162701,1,1
2025020681,2026-01-07,SJS,LAK,401803032,6.5,6.462310215319599,0.6690070210631895,1,1
2025020682,2026-01-08,CGY,BOS,401803033,6.5,6.697587338647162,0.5427435387673957,1,1
2025020683,2026-01-08,FLA,MTL,401803034,6.5,6.342638659025493,0.4956702459300312,1,1
2025020684,2026-01-08,VAN,DET,401803035,6.5,6.502775437092707,0.5720596355604638,1,1
2025020685,2026-01-08,BUF,NYR,401803036,6.5,6.397385381191386,0.4675324675324676,1,1
2025020686,2026-01-08,TOR,PHI,401803037,5.5,5.98210112937368,0.5260865852617197,1,1
2025020687,2026-01-08,NJD,PIT,401803038,6.5,6.5582970059376,0.4891657638136511,1,1
2025020688,2026-01-08,ANA,CAR,401803039,6.5,6.697587338647162,0.6690070210631895,1,1
2025020689,2026-01-08,NYI,NSH,401803040,5.5,5.86541251341262,0.5634920634920635,1,1
2025020690,2026-01-08,EDM,WPG,401803041,6.5,6.397385381191386,0.4891657638136511,1,1
2025020691,2026-01-08,OTT,COL,401803042,6.5,6.881371545107008,0.7135512302607419,1,1
2025020692,2026-01-08,CBJ,VGK,401803043,6.5,6.641765025881098,0.551441114716549,1,1
2025020693,2026-01-08,MIN,SEA,401803044,5.5,5.9283464961821135,0.3962430290578222,1,1
2025020694,2026-01-09,WSH,CHI,401803045,6.5,6.462310215319599,0.448558885283451,1,1
2025020695,2026-01-09,LAK,WPG,401803046,5.5,5.606051679360132,0.448558885283451,1,1
2025020696,2026-01-09,STL,UTA,401803047,5.5,5.606051679360132,0.6309403437815976,1,1
2025020697,2026-01-10,NYR,BOS,401803048,6.5,6.397385381191386,0.5427435387673957,1,1
2025020698,2026-01-10,CGY,PIT,401803049,6.5,6.502775437092707,0.5720596355604638,1,1
2025020699,2026-01-10,CBJ,COL,401803050,6.5,7.2232234447307295,0.7095435684647302,1,1
2025020700,2026-01-10,DAL,SJS,401803051,6.5,6.810830520270558,0.4066302458405761,1,1
2025020701,2026-01-10,ANA,BUF,401803052,6.5,7.08918993279976,0.5720596355604638,1,1
2025020702,2026-01-10,VAN,TOR,401803053,6.5,6.462310215319599,0.593369754159424,1,1
2025020703,2026-01-10,DET,MTL,401803054,6.5,6.502775437092707,0.551441114716549,1,1
2025020704,2026-01-10,FLA,OTT,401803055,6.5,6.5304172390661925,0.5324675324675325,1,1
2025020705,2026-01-10,TBL,PHI,401803056,5.5,5.9283464961821135,0.3775334481388263,1,1
2025020706,2026-01-10,SEA,CAR,401803057,6.5,6.342638659025493,0.7220792588780237,1,1
2025020707,2026-01-10,CHI,NSH,401803058,6.5,6.502775437092707,0.6574752261956053,1,1
2025020708,2026-01-10,NYI,MIN,401803059,5.5,5.7739517078294735,0.5829926410466066,1,1
2025020709,2026-01-10,LAK,EDM,401803060,6.5,6.5582970059376,0.6164383561643836,1,1
2025020710,2026-01-10,STL,VGK,401803061,5.5,5.98210112937368,0.705033164260632,1,1
2025020711,2026-01-11,NJD,WPG,401803062,5.5,5.7739517078294735,0.5427435387673957,1,1
2025020712,2026-01-11,PIT,BOS,401803063,6.5,6.600033200170701,0.4782608695652174,1,1
2025020713,2026-01-11,WSH,NSH,401803064,6.5,6.600033200170701,0.4572564612326044,1,1
2025020714,2026-01-11,CBJ,UTA,401803065,6.5,6.502775437092707,0.6092362344582594,1,1
2025020715,2026-01-11,VGK,SJS,401803066,6.5,6.949540302316011,0.4365079365079364,1,1
2025020716,2026-01-12,FLA,BUF,401803067,6.5,6.462310215319599,0.5217391304347826,1,1
2025020717,2026-01-12,CAR,DET,401803068,6.5,6.462310215319599,0.4170073589533932,1,1
2025020718,2026-01-12,SEA,NYR,401803069,5.5,5.9283464961821135,0.5634920634920635,1,1
2025020719,2026-01-12,TBL,PHI,401803070,5.5,5.98210112937368,0.4365079365079364,1,1
2025020720,2026-01-12,VAN,MTL,401803071,6.5,6.5304172390661925,0.6309403437815976,1,1
2025020721,2026-01-12,NJD,MIN,401803072,5.5,5.98210112937368,0.6092362344582594,1,1
2025020722,2026-01-12,EDM,CHI,401803073,6.5,6.641765025881098,0.3835616438356165,1,1
2025020723,2026-01-12,TOR,COL,401803074,6.5,6.839341863873331,0.6750312469954812,1,1
2025020724,2026-01-12,DAL,LAK,401803075,5.5,5.98210112937368,0.4782608695652174,1,1
2025020725,2026-01-13,VAN,OTT,401803076,6.5,6.641765025881098,0.6750312469954812,1,1
2025020726,2026-01-13,TBL,PIT,401803077,6.5,6.397385381191386,0.4279403644395361,1,1
2025020727,2026-01-13,MTL,WSH,401803078,6.5,6.462310215319599,0.551441114716549,1,1
2025020728,2026-01-13,CGY,CBJ,401803079,6.5,6.397385381191386,0.5720596355604638,1,1
2025020729,2026-01-13,DET,BOS,401803080,6.5,6.502775437092707,0.5720596355604638,1,1
2025020730,2026-01-13,CAR,STL,401803081,5.5,5.98210112937368,0.3835616438356165,1,1
2025020731,2026-01-13,EDM,NSH,401803082,6.5,6.5582970059376,0.448558885283451,1,1
2025020732,2026-01-13,NYI,WPG,401803083,5.5,5.516535825450875,0.5427435387673957,1,1
2025020733,2026-01-13,TOR,UTA,401803084,6.5,6.397385381191386,0.593369754159424,1,1
2025020734,2026-01-13,DAL,ANA,401803085,6.5,6.810830520270558,0.4675324675324676,1,1
2025020735,2026-01-14,SEA,NJD,401803086,5.5,5.9283464961821135,0.593369754159424,1,1
2025020736,2026-01-14,PHI,BUF,401803087,6.5,6.397385381191386,0.5634920634920635,1,1
2025020737,2026-01-14,OTT,NYR,401803088,6.5,6.502775437092707,0.4739134147382802,1,1
2025020738,2026-01-14,VGK,LAK,401803089,5.5,5.644484710182217,0.4739134147382802,1,1
2025020739,2026-01-15,SEA,BOS,401803090,6.5,6.342638659025493,0.6092362344582594,1,1
2025020740,2026-01-15,MTL,BUF,401803091,6.5,6.5582970059376,0.4675324675324676,1,1
2025020741,2026-01-15,PHI,PIT,401803092,6.5,6.397385381191386,0.6092362344582594,1,1
2025020742,2026-01-15,SJS,WSH,401803093,6.5,6.739730786233835,0.6092362344582594,1,1
2025020743,2026-01-15,VAN,CBJ,401803094,6.5,6.881371545107008,0.5996387718242023,1,1
2025020744,2026-01-15,WPG,MIN,401803095,5.5,5.800324999938054,0.551441114716549,1,1
2025020745,2026-01-15,CGY,CHI,401803096,6.5,6.397385381191386,0.5217391304347826,1,1
2025020746,2026-01-15,DAL,UTA,401803097,5.5,5.98210112937368,0.5427435387673957,1,1
2025020747,2026-01-15,NYI,EDM,401803098,6.5,6.697587338647162,0.6037569709421778,1,1
2025020748,2026-01-15,TOR,VGK,401803099,5.5,5.98210112937368,0.5427435387673957,1,1
2025020749,2026-01-16,SJS,DET,401803100,6.5,6.641765025881098,0.5996387718242023,1,1
2025020750,2026-01-16,FLA,CAR,401803101,5.5,5.98210112937368,0.6164383561643836,1,1
2025020751,2026-01-16,TBL,STL,401803102,5.5,5.644484710182217,0.355270821199767,1,1
2025020752,2026-01-16,NSH,COL,401803103,6.5,6.641765025881098,0.7335423197492164,1,1
2025020753,2026-01-16,ANA,LAK,401803104,5.5,5.9283464961821135,0.5720596355604638,1,1
2025020754,2026-01-17,MIN,BUF,401803105,6.5,6.5304172390661925,0.5324675324675325,1,1
2025020755,2026-01-17,NYR,PHI,401803106,6.5,6.739730786233835,0.5324675324675325,1,1
2025020756,2026-01-17,NYI,CGY,401803107,5.5,5.9283464961821135,0.5324675324675325,1,1
2025020757,2026-01-17,SEA,UTA,401803108,5.5,5.86541251341262,0.6369041816941222,1,1
2025020758,2026-01-17,MTL,OTT,401803109,6.5,6.600033200170701,0.5217391304347826,1,1
2025020759,2026-01-17,CAR,NJD,401803110,5.5,6.057378575513699,0.4891657638136511,1,1
2025020760,2026-01-17,CBJ,PIT,401803111,6.5,6.949540302316011,0.5173641257162701,1,1
2025020761,2026-01-17,FLA,WSH,401803112,6.5,6.397385381191386,0.593369754159424,1,1
2025020762,2026-01-17,TOR,WPG,401803113,6.5,6.342638659025493,0.5720596355604638,1,1
2025020763,2026-01-17,BOS,CHI,401803114,6.5,6.600033200170701,0.4675324675324676,1,1
2025020764,2026-01-17,EDM,VAN,401803115,6.5,6.600033200170701,0.3775334481388263,1,1
2025020765,2026-01-17,NSH,VGK,401803116,6.5,6.502775437092707,0.6574752261956053,1,1
2025020766,2026-01-17,LAK,ANA,401803117,6.5,6.462310215319599,0.4891657638136511,1,1
2025020767,2026-01-18,TBL,DAL,401803118,5.5,5.9283464961821135,0.4826358742837298,1,1
2025020768,2026-01-18,OTT,DET,401803119,6.5,6.5582970059376,0.5324675324675325,1,1
2025020769,2026-01-18,STL,EDM,401803120,6.5,6.5582970059376,0.593369754159424,1,1
2025020770,2026-01-19,BUF,CAR,401803121,6.5,6.697587338647162,0.6224665518611737,1,1
2025020771,2026-01-19,WSH,COL,401803122,6.5,6.739730786233835,0.6574752261956053,1,1
2025020772,2026-01-19,PIT,SEA,401803123,5.5,5.9283464961821135,0.4572564612326044,1,1
2025020773,2026-01-19,SJS,FLA,401803124,6.5,6.739730786233835,0.6224665518611737,1,1
2025020774,2026-01-19,MIN,TOR,401803125,6.5,6.342638659025493,0.5,1,1
2025020775,2026-01-19,PHI,VGK,401803126,6.5,6.5582970059376,0.6690070210631895,1,1
2025020776,2026-01-19,WPG,CHI,401803127,5.5,5.86541251341262,0.4279403644395361,1,1
2025020777,2026-01-19,NJD,CGY,401803128,5.5,5.86541251341262,0.4675324675324676,1,1
2025020778,2026-01-19,NYI,VAN,401803129,5.5,5.8266276240234784,0.4170073589533932,1,1
2025020779,2026-01-19,NYR,ANA,401803130,6.5,7.007736827573327,0.5720596355604638,1,1
2025020780,2026-01-20,MIN,MTL,401803131,6.5,6.5304172390661925,0.5634920634920635,1,1
2025020781,2026-01-20,SJS,TBL,401803132,6.5,6.669637074549774,0.725752508361204,1,1
2025020782,2026-01-20,OTT,CBJ,401803133,6.5,6.949540302316011,0.4891657638136511,1,1
2025020783,2026-01-20,BOS,DAL,401803134,5.5,5.8266276240234784,0.551441114716549,1,1
2025020784,2026-01-20,BUF,NSH,401803135,6.5,6.502775437092707,0.551441114716549,1,1
2025020785,2026-01-20,STL,WPG,401803136,5.5,5.98210112937368,0.5324675324675325,1,1
2025020786,2026-01-20,NJD,EDM,401803137,6.5,6.462310215319599,0.6092362344582594,1,1
2025020787,2026-01-20,NYR,LAK,401803138,5.5,5.7739517078294735,0.6224665518611737,1,1
2025020788,2026-01-21,DET,TOR,401803139,6.5,6.462310215319599,0.5324675324675325,1,1
2025020789,2026-01-21,ANA,COL,401803140,6.5,7.08918993279976,0.7477827050997783,1,1
2025020790,2026-01-21,PHI,UTA,401803141,5.5,5.98210112937368,0.6164383561643836,1,1
2025020791,2026-01-21,PIT,CGY,401803142,5.5,5.86541251341262,0.4675324675324676,1,1
2025020792,2026-01-21,WSH,VAN,401803143,6.5,6.5582970059376,0.3835616438356165,1,1
2025020793,2026-01-21,NYI,SEA,401803144,5.5,5.644484710182217,0.4956702459300312,1,1
2025020794,2026-01-22,VGK,BOS,401803145,6.5,6.502775437092707,0.4066302458405761,1,1
2025020795,2026-01-22,BUF,MTL,401803146,6.5,6.839341863873331,0.5217391304347826,1,1
2025020796,2026-01-22,CHI,CAR,401803147,6.5,6.342638659025493,0.7179705215419501,1,1
2025020797,2026-01-22,DAL,CBJ,401803148,6.5,6.502775437092707,0.5,1,1
2025020798,2026-01-22,OTT,NSH,401803149,6.5,6.462310215319599,0.4826358742837298,1,1
2025020799,2026-01-22,FLA,WPG,401803150,5.5,5.9283464961821135,0.5,1,1
2025020800,2026-01-22,PIT,EDM,401803151,6.5,6.949540302316011,0.6309403437815976,1,1
2025020801,2026-01-22,DET,MIN,401803152,6.5,6.502775437092707,0.593369754159424,1,1
2025020802,2026-01-23,VGK,TOR,401803153,6.5,6.502775437092707,0.47391341473828025,1,1
2025020803,2026-01-23,TBL,CHI,401803154,6.5,6.2670455948440935,0.27424749163879597,1,1
2025020804,2026-01-23,STL,DAL,401803155,5.5,5.695915825550388,0.593369754159424,1,1
2025020805,2026-01-23,PHI,COL,401803156,6.5,6.739730786233835,0.7335423197492164,1,1
2025020806,2026-01-23,WSH,CGY,401803157,5.5,5.86541251341262,0.4279403644395361,1,1
2025020807,2026-01-23,NJD,VAN,401803158,5.5,5.98210112937368,0.41700735895339325,1,1
2025020808,2026-01-23,NYR,SJS,401803159,6.5,7.007736827573327,0.5427435387673957,1,1
2025020809,2026-01-23,ANA,SEA,401803160,6.5,6.5304172390661925,0.5260865852617197,1,1
2025020810,2026-01-24,BUF,NYI,401803161,6.5,6.5582970059376,0.5,1,1
2025020811,2026-01-24,UTA,NSH,401803162,6.5,6.397385381191386,0.4891657638136511,1,1
2025020812,2026-01-24,MTL,BOS,401803163,6.5,6.641765025881098,0.5108342361863489,1,1
2025020813,2026-01-24,CAR,OTT,401803164,6.5,6.462310215319599,0.44855888528345106,1,1
2025020814,2026-01-24,TBL,CBJ,401803165,6.5,6.502775437092707,0.4891657638136511,1,1
2025020815,2026-01-24,DET,WPG,401803166,5.5,5.98210112937368,0.5324675324675325,1,1
2025020816,2026-01-24,LAK,STL,401803167,5.5,5.419621802129452,0.4279403644395361,1,1
2025020817,2026-01-24,FLA,MIN,401803168,6.5,6.397385381191386,0.5427435387673957,1,1
2025020818,2026-01-24,WSH,EDM,401803169,6.5,6.949540302316011,0.6092362344582594,1,1
2025020819,2026-01-25,COL,TOR,401803170,6.5,6.78223585948594,0.3907637655417407,1,1
2025020820,2026-01-25,NJD,SEA,401803171,5.5,5.800324999938054,0.4675324675324676,1,1
2025020821,2026-01-25,VGK,OTT,401803172,6.5,6.669637074549774,0.4279403644395361,1,1
2025020822,2026-01-25,PIT,VAN,401803173,6.5,6.502775437092707,0.4279403644395361,1,1
2025020823,2026-01-25,FLA,CHI,401803174,5.5,5.8266276240234784,0.44855888528345106,1,1
2025020824,2026-01-25,ANA,CGY,401803175,5.5,5.9283464961821135,0.4956702459300312,1,1
2025020825,2026-01-26,UTA,TBL,401803176,5.5,5.98210112937368,0.5829926410466066,1,1
2025020826,2026-01-26,BOS,NYR,401803177,6.5,6.78223585948594,0.47391341473828025,1,1
2025020827,2026-01-26,NYI,PHI,401803178,5.5,5.86541251341262,0.5108342361863489,1,1
2025020829,2026-01-26,ANA,EDM,401803180,6.5,7.08918993279976,0.700162074554295,1,1
2025020830,2026-01-27,NSH,BOS,401803181,6.5,6.641765025881098,0.5108342361863489,1,1
2025020831,2026-01-27,BUF,TOR,401803182,6.5,6.78223585948594,0.5173641257162701,1,1
2025020832,2026-01-27,VGK,MTL,401803183,6.5,6.600033200170701,0.4782608695652174,1,1
2025020833,2026-01-27,LAK,DET,401803184,5.5,5.606051679360132,0.5324675324675325,1,1
2025020834,2026-01-27,UTA,FLA,401803185,6.5,6.397385381191386,0.5996387718242023,1,1
2025020835,2026-01-27,WPG,NJD,401803186,5.5,5.606051679360132,0.5427435387673957,1,1
2025020836,2026-01-27,DAL,STL,401803187,5.5,5.7347601775545805,0.4066302458405761,1,1
2025020837,2026-01-27,CHI,MIN,401803188,6.5,6.397385381191386,0.6369041816941222,1,1
2025020838,2026-01-27,SJS,VAN,401803189,6.5,6.810830520270558,0.44855888528345106,1,1
2025020839,2026-01-27,WSH,SEA,401803190,6.5,6.669637074549774,0.4826358742837298,1,1
2025020840,2026-01-28,PHI,CBJ,401803191,6.5,6.5304172390661925,0.5108342361863489,1,1
2025020841,2026-01-28,COL,OTT,401803192,6.5,6.881371545107008,0.41700735895339325,1,1
2025020842,2026-01-28,NYR,NYI,401803193,6.5,6.397385381191386,0.5720596355604638,1,1
2025020843,2026-01-29,PHI,BOS,401803194,6.5,6.462310215319599,0.593369754159424,1,1
2025020844,2026-01-29,LAK,BUF,401803195,5.5,5.7347601775545805,0.5324675324675325,1,1
2025020845,2026-01-29,COL,MTL,401803196,6.5,6.949540302316011,0.4572564612326044,1,1
2025020846,2026-01-29,WSH,DET,401803197,6.5,6.669637074549774,0.5427435387673957,1,1
2025020847,2026-01-29,WPG,TBL,401803198,5.5,5.644484710182217,0.6224665518611737,1,1
2025020848,2026-01-29,NSH,NJD,401803199,5.5,5.98210112937368,0.5324675324675325,1,1
2025020849,2026-01-29,NYI,NYR,401803200,5.5,5.98210112937368,0.43650793650793646,1,1
2025020850,2026-01-29,CHI,PIT,401803201,6.5,6.5582970059376,0.6224665518611737,1,1
2025020851,2026-01-29,UTA,CAR,401803202,6.5,6.397385381191386,0.6309403437815976,1,1
2025020852,2026-01-29,FLA,STL,401803203,5.5,5.7347601775545805,0.41700735895339325,1,1
2025020853,2026-01-29,CGY,MIN,401803204,5.5,5.98210112937368,0.6224665518611737,1,1
2025020854,2026-01-29,SJS,EDM,401803205,6.5,7.295790262410607,0.6309403437815976,1,1
2025020855,2026-01-29,ANA,VAN,401803206,6.5,6.949540302316011,0.41700735895339325,1,1
2025020856,2026-01-29,DAL,VGK,401803207,5.5,5.98210112937368,0.5217391304347826,1,1
2025020857,2026-01-29,TOR,SEA,401803208,6.5,6.600033200170701,0.4826358742837298,1,1
2025020858,2026-01-30,CBJ,CHI,401803209,6.5,6.502775437092707,0.4066302458405761,1,1
2025020859,2026-01-31,LAK,PHI,401803210,5.5,5.7347601775545805,0.4956702459300312,1,1
2025020860,2026-01-31,COL,DET,401803211,6.5,6.462310215319599,0.4572564612326044,1,1
2025020861,2026-01-31,NYR,PIT,401803212,6.5,6.5304172390661925,0.644729178800233,1,1
2025020862,2026-01-31,WPG,FLA,401803213,5.5,5.86541251341262,0.5720596355604638,1,1
2025020863,2026-01-31,SJS,CGY,401803214,6.5,6.397385381191386,0.4956702459300312,1,1
2025020864,2026-01-31,CAR,WSH,401803215,6.5,6.739730786233835,0.3690596562184024,1,1
2025020865,2026-01-31,MTL,BUF,401803216,6.5,6.839341863873331,0.5324675324675325,1,1
2025020866,2026-01-31,NJD,OTT,401803217,5.5,5.800324999938054,0.593369754159424,1,1
2025020867,2026-01-31,NSH,NYI,401803218,5.5,5.800324999938054,0.5324675324675325,1,1
2025020868,2026-01-31,CBJ,STL,401803219,6.5,6.5304172390661925,0.4826358742837298,1,1
2025020869,2026-01-31,TOR,VAN,401803220,6.5,6.78223585948594,0.4066302458405761,1,1
2025020870,2026-01-31,DAL,UTA,401803221,5.5,5.800324999938054,0.5217391304347826,1,1
2025020871,2026-01-31,MIN,EDM,401803222,6.5,7.08918993279976,0.5427435387673957,1,1
2025020872,2026-01-31,SEA,VGK,401803223,6.5,6.397385381191386,0.6309403437815976,1,1
2025020873,2026-02-01,BOS,TBL,401803224,5.5,5.9283464961821135,0.6574752261956053,1,1
2025020874,2026-02-01,LAK,CAR,401803225,5.5,5.7739517078294735,0.6164383561643836,1,1
2025020875,2026-02-01,VGK,ANA,401803226,6.5,6.810830520270558,0.5173641257162701,1,1
2025020876,2026-02-02,BUF,FLA,401803227,6.5,6.462310215319599,0.5108342361863489,1,1
2025020877,2026-02-02,OTT,PIT,401803228,6.5,6.600033200170701,0.4572564612326044,1,1
2025020878,2026-02-02,NYI,WSH,401803229,6.5,6.641765025881098,0.5427435387673957,1,1
2025020879,2026-02-02,MTL,MIN,401803230,6.5,6.739730786233835,0.5427435387673957,1,1
2025020880,2026-02-02,STL,NSH,401803231,5.5,5.86541251341262,0.5634920634920635,1,1
2025020881,2026-02-02,SJS,CHI,401803232,6.5,6.5582970059376,0.4891657638136511,1,1
2025020882,2026-02-02,WPG,DAL,401803233,5.5,5.516535825450875,0.5720596355604638,1,1
2025020883,2026-02-02,DET,COL,401803234,6.5,6.462310215319599,0.6309403437815976,1,1
2025020884,2026-02-02,VAN,UTA,401803235,6.5,6.600033200170701,0.7135512302607419,1,1
2025020885,2026-02-02,TOR,CGY,401803236,6.5,6.462310215319599,0.47391341473828025,1,1
2025020886,2026-02-03,BUF,TBL,401803237,6.5,6.5304172390661925,0.644729178800233,1,1
2025020887,2026-02-03,CBJ,NJD,401803238,5.5,5.98210112937368,0.4956702459300312,1,1
2025020888,2026-02-03,PIT,NYI,401803239,5.5,5.644484710182217,0.4782608695652174,1,1
2025020889,2026-02-03,WSH,PHI,401803240,6.5,6.5304172390661925,0.5634920634920635,1,1
2025020890,2026-02-03,OTT,CAR,401803241,6.5,6.78223585948594,0.6164383561643836,1,1
2025020891,2026-02-03,TOR,EDM,401803242,6.5,7.295790262410607,0.6309403437815976,1,1
2025020892,2026-02-03,SEA,ANA,401803243,6.5,6.600033200170701,0.5634920634920635,1,1
2025020893,2026-02-04,BOS,FLA,401803244,6.5,6.641765025881098,0.593369754159424,1,1
2025020894,2026-02-04,CHI,CBJ,401803245,5.5,5.800324999938054,0.5829926410466066,1,1
2025020895,2026-02-04,MTL,WPG,401803246,6.5,6.502775437092707,0.5427435387673957,1,1
2025020896,2026-02-04,MIN,NSH,401803247,6.5,6.881371545107008,0.4675324675324676,1,1
2025020897,2026-02-04,SJS,COL,401803248,6.5,6.78223585948594,0.7179705215419501,1,1
2025020898,2026-02-04,DET,UTA,401803249,5.5,5.9283464961821135,0.551441114716549,1,1
2025020899,2026-02-04,STL,DAL,401803250,5.5,5.9283464961821135,0.6574752261956053,1,1
2025020900,2026-02-04,EDM,CGY,401803251,6.5,6.739730786233835,0.4279403644395361,1,1
2025020901,2026-02-04,VAN,VGK,401803252,6.5,6.5582970059376,0.725752508361204,1,1
2025020902,2026-02-04,SEA,LAK,401803253,5.5,5.606051679360132,0.6092362344582594,1,1
2025020903,2026-02-05,PIT,BUF,401803254,6.5,6.949540302316011,0.5324675324675325,1,1
2025020904,2026-02-05,FLA,TBL,401803255,5.5,5.8266276240234784,0.6574752261956053,1,1
2025020905,2026-02-05,NYI,NJD,401803256,5.5,5.369314424141235,0.5108342361863489,1,1
2025020906,2026-02-05,CAR,NYR,401803257,6.5,6.462310215319599,0.33635187580853815,1,1
2025020907,2026-02-05,OTT,PHI,401803258,6.5,6.397385381191386,0.4572564612326044,1,1
2025020908,2026-02-05,NSH,WSH,401803259,6.5,6.697587338647162,0.6092362344582594,1,1
2025020909,2026-02-05,LAK,VGK,401803260,5.5,5.86541251341262,0.5634920634920635,1,1
2025020910,2026-02-25,BUF,NJD,401803261,6.5,6.397385381191386,0.5043297540699689,1,1
2025020911,2026-02-25,PHI,WSH,401803262,5.5,5.695915825550388,0.5634920634920635,1,1
2025020912,2026-02-25,TOR,TBL,401803263,6.5,6.342638659025493,0.6636481241914618,1,1
2025020913,2026-02-25,SEA,DAL,401803264,5.5,5.516535825450875,0.6037569709421778,1,1
2025020914,2026-02-25,COL,UTA,401803265,5.5,5.86541251341262,0.4782608695652174,1,1
2025020915,2026-02-25,WPG,VAN,401803266,6.5,6.502775437092707,0.4572564612326044,1,1
2025020916,2026-02-25,VGK,LAK,401803267,5.5,5.606051679360132,0.6164383561643836,1,1
2025020917,2026-02-25,EDM,ANA,401803268,6.5,7.2232234447307295,0.4572564612326044,1,1
2025020918,2026-02-26,CBJ,BOS,401803269,6.5,6.600033200170701,0.5108342361863489,1,1
2025020919,2026-02-26,NYI,MTL,401803270,5.5,5.98210112937368,0.5829926410466066,1,1
2025020920,2026-02-26,DET,OTT,401803271,5.5,5.9283464961821135,0.5829926410466066,1,1
2025020921,2026-02-26,TOR,FLA,401803272,6.5,6.502775437092707,0.593369754159424,1,1
2025020922,2026-02-26,NJD,PIT,401803273,5.5,5.9283464961821135,0.593369754159424,1,1
2025020923,2026-02-26,TBL,CAR,401803274,6.5,6.502775437092707,0.5720596355604638,1,1
2025020924,2026-02-26,PHI,NYR,401803275,5.5,5.98210112937368,0.5720596355604638,1,1
2025020925,2026-02-26,SEA,STL,401803276,5.5,5.9283464961821135,0.5634920634920635,1,1
2025020926,2026-02-26,CHI,NSH,401803277,6.5,6.5582970059376,0.6092362344582594,1,1
2025020927,2026-02-26,MIN,COL,401803278,6.5,6.600033200170701,0.5829926410466066,1,1
2025020928,2026-02-26,CGY,SJS,401803279,6.5,6.502775437092707,0.5427435387673957,1,1
2025020929,2026-02-26,EDM,LAK,401803280,6.5,6.881371545107008,0.4782608695652174,1,1
2025020930,2026-02-27,BUF,FLA,401803281,6.5,6.462310215319599,0.5108342361863489,1,1
2025020931,2026-02-27,VGK,WSH,401803282,5.5,5.9283464961821135,0.5108342361863489,1,1
2025020932,2026-02-27,MIN,UTA,401803283,6.5,6.641765025881098,0.5634920634920635,1,1
2025020933,2026-02-27,WPG,ANA,401803284,5.5,5.98210112937368,0.551441114716549,1,1
2025020934,2026-02-28,PIT,NYR,401803285,5.5,5.98210112937368,0.4675324675324676,1,1
2025020935,2026-02-28,BOS,PHI,401803286,6.5,6.397385381191386,0.5108342361863489,1,1
2025020936,2026-02-28,EDM,SJS,401803287,6.5,7.2232234447307295,0.4066302458405761,1,1
2025020937,2026-02-28,NYI,CBJ,401803288,5.5,5.86541251341262,0.5634920634920635,1,1
2025020938,2026-02-28,CHI,COL,401803289,6.5,6.502775437092707,0.7508125677139762,1,1
2025020939,2026-02-28,OTT,TOR,401803290,6.5,6.5304172390661925,0.44855888528345106,1,1
2025020940,2026-02-28,WSH,MTL,401803291,6.5,6.839341863873331,0.593369754159424,1,1
2025020941,2026-02-28,BUF,TBL,401803292,6.5,6.600033200170701,0.6805555555555556,1,1
2025020942,2026-02-28,DET,CAR,401803293,6.5,6.462310215319599,0.6309403437815976,1,1
2025020943,2026-02-28,NJD,STL,401803294,5.5,5.7347601775545805,0.4826358742837298,1,1
2025020944,2026-02-28,CGY,LAK,401803295,5.5,5.541969544751927,0.5720596355604638,1,1
2025020945,2026-02-28,NSH,DAL,401803296,6.5,6.397385381191386,0.5720596355604638,1,1
2025020946,2026-02-28,VAN,SEA,401803297,6.5,6.342638659025493,0.593369754159424,1,1
2025020947,2026-03-01,VGK,PIT,401803298,6.5,6.697587338647162,0.41700735895339325,1,1
2025020948,2026-03-01,FLA,NYI,401803299,5.5,5.9283464961821135,0.41700735895339325,1,1
2025020949,2026-03-01,CHI,UTA,401803300,6.5,6.600033200170701,0.7408716136631331,1,1
2025020950,2026-03-01,WPG,SJS,401803301,5.5,5.86541251341262,0.4782608695652174,1,1
2025020951,2026-03-01,STL,MIN,401803302,6.5,6.641765025881098,0.6690070210631895,1,1
2025020952,2026-03-01,CGY,ANA,401803303,6.5,6.5304172390661925,0.6224665518611737,1,1
2025020953,2026-03-02,CBJ,NYR,401803304,5.5,5.800324999938054,0.5,1,1
2025020954,2026-03-02,PHI,TOR,401803305,6.5,6.397385381191386,0.551441114716549,1,1
2025020955,2026-03-02,DET,NSH,401803306,6.5,6.462310215319599,0.4956702459300312,1,1
2025020956,2026-03-02,DAL,VAN,401803307,5.5,5.9283464961821135,0.35527082119976705,1,1
2025020957,2026-03-02,CAR,SEA,401803308,6.5,6.342638659025493,0.37753344813882633,1,1
2025020958,2026-03-02,COL,LAK,401803309,5.5,5.98210112937368,0.37753344813882633,1,1
2025020959,2026-03-03,PIT,BOS,401803310,6.5,6.600033200170701,0.5217391304347826,1,1
2025020960,2026-03-03,VGK,BUF,401803311,6.5,6.462310215319599,0.551441114716549,1,1
2025020961,2026-03-03,FLA,NJD,401803312,5.5,5.9283464961821135,0.4782608695652174,1,1
2025020962,2026-03-03,UTA,WSH,401803313,6.5,6.462310215319599,0.5043297540699689,1,1
2025020963,2026-03-03,NSH,CBJ,401803314,6.5,6.5304172390661925,0.5427435387673957,1,1
2025020964,2026-03-03,CHI,WPG,401803315,5.5,5.800324999938054,0.5720596355604638,1,1
2025020965,2026-03-03,DAL,CGY,401803316,5.5,5.644484710182217,0.4572564612326044,1,1
2025020966,2026-03-03,OTT,EDM,401803317,6.5,7.2232234447307295,0.5217391304347826,1,1
2025020967,2026-03-03,TBL,MIN,401803318,6.5,6.462310215319599,0.43650793650793646,1,1
2025020968,2026-03-03,COL,ANA,401803319,6.5,6.949540302316011,0.4279403644395361,1,1
2025020969,2026-03-03,MTL,SJS,401803320,6.5,6.810830520270558,0.44855888528345106,1,1
2025020970,2026-03-04,VGK,DET,401803321,6.5,6.342638659025493,0.551441114716549,1,1
2025020971,2026-03-04,TOR,NJD,401803322,5.5,5.9283464961821135,0.5324675324675325,1,1
2025020972,2026-03-04,CAR,VAN,401803323,6.5,6.397385381191386,0.2591283863368669,1,1
2025020973,2026-03-04,NYI,ANA,401803324,6.5,6.881371545107008,0.4675324675324676,1,1
2025020974,2026-03-04,STL,SEA,401803325,6.5,6.397385381191386,0.5720596355604638,1,1
2025020975,2026-03-05,TOR,NYR,401803326,5.5,5.98210112937368,0.5427435387673957,1,1
2025020976,2026-03-05,UTA,PHI,401803327,5.5,5.86541251341262,0.4782608695652174,1,1
2025020977,2026-03-05,BUF,PIT,401803328,6.5,6.669637074549774,0.4891657638136511,1,1
2025020978,2026-03-05,FLA,CBJ,401803329,6.5,6.641765025881098,0.5108342361863489,1,1
2025020979,2026-03-05,BOS,NSH,401803330,6.5,6.641765025881098,0.5,1,1
2025020980,2026-03-05,TBL,WPG,401803331,5.5,5.9283464961821135,0.35527082119976705,1,1
2025020981,2026-03-05,OTT,CGY,401803332,5.5,5.695915825550388,0.38356164383561653,1,1
2025020982,2026-03-05,NYI,LAK,401803333,5.5,5.695915825550388,0.5217391304347826,1,1
2025020983,2026-03-06,FLA,DET,401803334,6.5,6.397385381191386,0.5720596355604638,1,1
2025020984,2026-03-06,COL,DAL,401803335,5.5,5.98210112937368,0.47391341473828025,1,1
2025020985,2026-03-06,VAN,CHI,401803336,6.5,6.397385381191386,0.5829926410466066,1,1
2025020986,2026-03-06,CAR,EDM,401803337,6.5,7.147721125174419,0.4956702459300312,1,1
2025020987,2026-03-06,MTL,ANA,401803338,6.5,7.147721125174419,0.4826358742837298,1,1
2025020988,2026-03-06,MIN,VGK,401803339,6.5,6.502775437092707,0.4826358742837298,1,1
2025020989,2026-03-06,STL,SJS,401803340,6.5,6.5582970059376,0.5720596355604638,1,1
2025020990,2026-03-07,WSH,BOS,401803341,6.5,6.462310215319599,0.5427435387673957,1,1
2025020991,2026-03-07,NYR,NJD,401803342,5.5,5.98210112937368,0.6164383561643836,1,1
2025020992,2026-03-07,NSH,BUF,401803343,6.5,6.739730786233835,0.6224665518611737,1,1
2025020993,2026-03-07,PHI,PIT,401803344,5.5,5.86541251341262,0.5634920634920635,1,1
2025020994,2026-03-07,TBL,TOR,401803345,6.5,6.5582970059376,0.3425247738043946,1,1
2025020995,2026-03-07,UTA,CBJ,401803346,6.5,6.5304172390661925,0.47391341473828025,1,1
2025020996,2026-03-07,VAN,WPG,401803347,5.5,5.98210112937368,0.7135512302607419,1,1
2025020997,2026-03-07,MTL,LAK,401803348,6.5,6.397385381191386,0.5108342361863489,1,1
2025020998,2026-03-07,CAR,CGY,401803349,5.5,5.86541251341262,0.3425247738043946,1,1
2025020999,2026-03-07,NYI,SJS,401803350,6.5,6.397385381191386,0.4279403644395361,1,1
2025021000,2026-03-07,OTT,SEA,401803351,5.5,5.86541251341262,0.4066302458405761,1,1
2025021001,2026-03-08,MIN,COL,401803352,6.5,6.697587338647162,0.6224665518611737,1,1
2025021002,2026-03-08,BOS,PIT,401803353,6.5,6.502775437092707,0.5324675324675325,1,1
2025021003,2026-03-08,TBL,BUF,401803354,6.5,6.669637074549774,0.4891657638136511,1,1
2025021004,2026-03-08,CHI,DAL,401803355,5.5,5.9283464961821135,0.7335423197492164,1,1
2025021005,2026-03-08,DET,NJD,401803356,5.5,5.7347601775545805,0.4891657638136511,1,1
2025021006,2026-03-08,STL,ANA,401803357,6.5,6.739730786233835,0.6092362344582594,1,1
2025021007,2026-03-08,EDM,VGK,401803358,6.5,7.295790262410607,0.5,1,1
2025020828,2026-03-09,LAK,CBJ,401857755,5.5,5.98210112937368,0.5829926410466066,1,1
2025021008,2026-03-09,NYR,PHI,401803359,5.5,5.644484710182217,0.5634920634920635,1,1
2025021009,2026-03-09,CGY,WSH,401803360,5.5,5.9283464961821135,0.6309403437815976,1,1
2025021010,2026-03-09,UTA,CHI,401803361,6.5,6.397385381191386,0.32496875300451883,1,1
2025021011,2026-03-09,OTT,VAN,401803362,6.5,6.641765025881098,0.33099297893681046,1,1
2025021012,2026-03-10,LAK,BOS,401803363,5.5,5.98210112937368,0.593369754159424,1,1
2025021013,2026-03-10,SJS,BUF,401803364,6.5,6.881371545107008,0.644729178800233,1,1
2025021014,2026-03-10,TOR,MTL,401803365,6.5,6.949540302316011,0.6037569709421778,1,1
2025021015,2026-03-10,CBJ,TBL,401803366,6.5,6.78223585948594,0.6750312469954812,1,1
2025021016,2026-03-10,DET,FLA,401803367,5.5,5.86541251341262,0.5108342361863489,1,1
2025021017,2026-03-10,CGY,NYR,401803368,5.5,5.9283464961821135,0.5324675324675325,1,1
2025021018,2026-03-10,PIT,CAR,401803369,6.5,6.397385381191386,0.644729178800233,1,1
2025021019,2026-03-10,NYI,STL,401803370,5.5,5.644484710182217,0.4675324675324676,1,1
2025021020,2026-03-10,VGK,DAL,401803371,5.5,5.9283464961821135,0.5720596355604638,1,1
2025021021,2026-03-10,UTA,MIN,401803372,5.5,5.98210112937368,0.593369754159424,1,1
2025021022,2026-03-10,ANA,WPG,401803373,6.5,6.502775437092707,0.5427435387673957,1,1
2025021023,2026-03-10,EDM,COL,401803374,6.5,7.2232234447307295,0.6092362344582594,1,1
2025021024,2026-03-10,NSH,SEA,401803375,6.5,6.342638659025493,0.5,1,1
2025021025,2026-03-11,MTL,OTT,401803376,6.5,6.697587338647162,0.6309403437815976,1,1
2025021026,2026-03-11,WSH,PHI,401803377,5.5,5.9283464961821135,0.43650793650793646,1,1
2025021027,2026-03-12,SJS,BOS,401803378,6.5,6.739730786233835,0.593369754159424,1,1
2025021028,2026-03-12,WSH,BUF,401803379,6.5,7.007736827573327,0.6574752261956053,1,1
2025021029,2026-03-12,ANA,TOR,401803380,6.5,6.881371545107008,0.5,1,1
2025021030,2026-03-12,DET,TBL,401803381,6.5,6.342638659025493,0.6574752261956053,1,1
2025021031,2026-03-12,CBJ,FLA,401803382,6.5,6.5582970059376,0.4675324675324676,1,1
2025021032,2026-03-12,CGY,NJD,401803383,5.5,5.7739517078294735,0.6309403437815976,1,1
2025021033,2026-03-12,STL,CAR,401803384,5.5,6.057378575513699,0.7135512302607419,1,1
2025021034,2026-03-12,EDM,DAL,401803385,6.5,7.007736827573327,0.5427435387673957,1,1
2025021035,2026-03-12,PHI,MIN,401803386,5.5,5.9283464961821135,0.6636481241914618,1,1
2025021036,2026-03-12,NYR,WPG,401803387,5.5,5.644484710182217,0.5829926410466066,1,1
2025021037,2026-03-12,CHI,UTA,401803388,5.5,5.98210112937368,0.6690070210631895,1,1
2025021038,2026-03-12,NSH,VAN,401803389,6.5,6.397385381191386,0.3962430290578222,1,1
2025021039,2026-03-12,PIT,VGK,401803390,6.5,6.502775437092707,0.6037569709421778,1,1
2025021040,2026-03-12,COL,SEA,401803391,6.5,6.600033200170701,0.35527082119976705,1,1
2025021041,2026-03-13,LAK,NYI,401803392,5.5,5.606051679360132,0.5634920634920635,1,1
2025021042,2026-03-13,EDM,STL,401803393,6.5,6.739730786233835,0.43650793650793646,1,1
2025021043,2026-03-14,ANA,OTT,401803394,6.5,6.697587338647162,0.6164383561643836,1,1
2025021044,2026-03-14,BOS,WSH,401803395,5.5,5.98210112937368,0.5427435387673957,1,1
2025021045,2026-03-14,COL,WPG,401803396,5.5,5.98210112937368,0.37753344813882633,1,1
2025021046,2026-03-14,NYR,MIN,401803397,6.5,6.462310215319599,0.6369041816941222,1,1
2025021047,2026-03-14,TOR,BUF,401803398,6.5,6.839341863873331,0.6690070210631895,1,1
2025021048,2026-03-14,SJS,MTL,401803399,6.5,7.007736827573327,0.5829926410466066,1,1
2025021049,2026-03-14,CAR,TBL,401803400,6.5,6.5304172390661925,0.5427435387673957,1,1
2025021050,2026-03-14,LAK,NJD,401803401,5.5,5.7739517078294735,0.5829926410466066,1,1
2025021051,2026-03-14,CGY,NYI,401803402,6.5,6.397385381191386,0.5720596355604638,1,1
2025021052,2026-03-14,CBJ,PHI,401803403,5.5,5.800324999938054,0.43650793650793646,1,1
2025021053,2026-03-14,DET,DAL,401803404,5.5,5.7347601775545805,0.6309403437815976,1,1
2025021054,2026-03-14,PIT,UTA,401803405,6.5,6.397385381191386,0.5829926410466066,1,1
2025021055,2026-03-14,SEA,VAN,401803406,6.5,6.397385381191386,0.43650793650793646,1,1
2025021056,2026-03-14,CHI,VGK,401803407,5.5,5.98210112937368,0.6636481241914618,1,1
2025021057,2026-03-15,STL,WPG,401803408,5.5,5.86541251341262,0.4956702459300312,1,1
2025021058,2026-03-15,SJS,OTT,401803409,6.5,6.739730786233835,0.644729178800233,1,1
2025021059,2026-03-15,ANA,MTL,401803410,6.5,7.007736827573327,0.5634920634920635,1,1
2025021060,2026-03-15,TOR,MIN,401803411,6.5,6.5304172390661925,0.6957699520733487,1,1
2025021061,2026-03-15,NSH,EDM,401803412,6.5,7.2232234447307295,0.6309403437815976,1,1
2025021062,2026-03-15,FLA,SEA,401803413,5.5,5.98210112937368,0.4572564612326044,1,1
2025021063,2026-03-16,CGY,DET,401803414,5.5,5.800324999938054,0.6224665518611737,1,1
2025021064,2026-03-16,BOS,NJD,401803415,6.5,6.462310215319599,0.5324675324675325,1,1
2025021065,2026-03-16,LAK,NYR,401803416,5.5,5.7347601775545805,0.5,1,1
2025021066,2026-03-16,UTA,DAL,401803417,5.5,5.9283464961821135,0.593369754159424,1,1
2025021067,2026-03-16,PIT,COL,401803418,6.5,6.949540302316011,0.6574752261956053,1,1
2025021068,2026-03-17,NYI,TOR,401803419,6.5,6.397385381191386,0.4066302458405761,1,1
2025021069,2026-03-17,BOS,MTL,401803420,6.5,6.600033200170701,0.5829926410466066,1,1
2025021070,2026-03-17,CAR,CBJ,401803421,6.5,6.600033200170701,0.4782608695652174,1,1
2025021071,2026-03-17,NSH,WPG,401803422,5.5,5.86541251341262,0.5427435387673957,1,1
2025021072,2026-03-17,MIN,CHI,401803423,5.5,5.9283464961821135,0.38356164383561653,1,1
2025021073,2026-03-17,SJS,EDM,401803424,6.5,7.147721125174419,0.593369754159424,1,1
2025021074,2026-03-17,FLA,VAN,401803425,6.5,6.397385381191386,0.41700735895339325,1,1
2025021075,2026-03-17,BUF,VGK,401803426,6.5,6.739730786233835,0.551441114716549,1,1
2025021076,2026-03-17,TBL,SEA,401803427,6.5,6.462310215319599,0.37753344813882633,1,1
2025021077,2026-03-18,NJD,NYR,401803428,6.5,6.462310215319599,0.4675324675324676,1,1
2025021078,2026-03-18,PIT,CAR,401803429,6.5,6.697587338647162,0.551441114716549,1,1
2025021079,2026-03-18,OTT,WSH,401803430,5.5,5.98210112937368,0.44855888528345106,1,1
2025021080,2026-03-18,DAL,COL,401803431,6.5,6.502775437092707,0.5634920634920635,1,1
2025021081,2026-03-18,STL,CGY,401803432,5.5,5.8266276240234784,0.43650793650793646,1,1
2025021082,2026-03-18,PHI,ANA,401803433,6.5,6.600033200170701,0.5829926410466066,1,1
2025021083,2026-03-19,WPG,BOS,401803434,5.5,5.9283464961821135,0.5634920634920635,1,1
2025021084,2026-03-19,NYI,OTT,401803435,5.5,5.9283464961821135,0.5324675324675325,1,1
2025021085,2026-03-19,MTL,DET,401803436,6.5,6.462310215319599,0.4891657638136511,1,1
2025021086,2026-03-19,NYR,CBJ,401803437,6.5,6.342638659025493,0.6574752261956053,1,1
2025021087,2026-03-19,SEA,NSH,401803438,6.5,6.462310215319599,0.5217391304347826,1,1
2025021088,2026-03-19,CHI,MIN,401803439,5.5,5.98210112937368,0.6369041816941222,1,1
2025021089,2026-03-19,FLA,EDM,401803440,6.5,6.78223585948594,0.593369754159424,1,1
2025021090,2026-03-19,TBL,VAN,401803441,6.5,6.5304172390661925,0.2591283863368669,1,1
2025021091,2026-03-19,UTA,VGK,401803442,5.5,5.98210112937368,0.551441114716549,1,1
2025021092,2026-03-19,BUF,SJS,401803443,6.5,7.147721125174419,0.43650793650793646,1,1
2025021093,2026-03-19,PHI,LAK,401803444,5.5,5.9283464961821135,0.6309403437815976,1,1
2025021094,2026-03-20,CAR,TOR,401803445,6.5,6.641765025881098,0.3425247738043946,1,1
2025021095,2026-03-20,NJD,WSH,401803446,6.5,6.342638659025493,0.5324675324675325,1,1
2025021096,2026-03-20,COL,CHI,401803447,6.5,6.5304172390661925,0.2591283863368669,1,1
2025021097,2026-03-20,FLA,CGY,401803448,5.5,5.9283464961821135,0.5173641257162701,1,1
2025021098,2026-03-20,ANA,UTA,401803449,6.5,6.949540302316011,0.5634920634920635,1,1
2025021099,2026-03-21,WPG,PIT,401803450,6.5,6.600033200170701,0.593369754159424,1,1
2025021100,2026-03-21,VGK,NSH,401803451,6.5,6.462310215319599,0.41700735895339325,1,1
2025021101,2026-03-21,DAL,MIN,401803452,5.5,5.7347601775545805,0.44855888528345106,1,1
2025021102,2026-03-21,BUF,LAK,401803453,6.5,6.5304172390661925,0.4572564612326044,1,1
2025021103,2026-03-21,PHI,SJS,401803454,5.5,5.98210112937368,0.5260865852617197,1,1
2025021104,2026-03-21,SEA,CBJ,401803455,6.5,6.600033200170701,0.6164383561643836,1,1
2025021105,2026-03-21,NYI,MTL,401803456,6.5,6.342638659025493,0.5217391304347826,1,1
2025021106,2026-03-21,TOR,OTT,401803457,6.5,6.342638659025493,0.7335423197492164,1,1
2025021107,2026-03-21,STL,VAN,401803458,5.5,5.98210112937368,0.4279403644395361,1,1
2025021108,2026-03-21,BOS,DET,401803459,5.5,5.98210112937368,0.5217391304347826,1,1
2025021109,2026-03-21,TBL,EDM,401803460,6.5,7.08918993279976,0.44855888528345106,1,1
2025021110,2026-03-22,WPG,NYR,401803461,6.5,6.397385381191386,0.5108342361863489,1,1
2025021111,2026-03-22,COL,WSH,401803462,6.5,6.397385381191386,0.4066302458405761,1,1
2025021112,2026-03-22,CAR,PIT,401803463,6.5,6.949540302316011,0.43650793650793646,1,1
2025021113,2026-03-22,NSH,CHI,401803464,5.5,5.98210112937368,0.4891657638136511,1,1
2025021114,2026-03-22,CBJ,NYI,401803465,6.5,6.462310215319599,0.4675324675324676,1,1
2025021115,2026-03-22,VGK,DAL,401803466,5.5,5.86541251341262,0.551441114716549,1,1
2025021116,2026-03-22,TBL,CGY,401803467,6.5,6.600033200170701,0.3907637655417407,1,1
2025021119,2026-03-23,OTT,NYR,401803470,5.5,5.9283464961821135,0.3690596562184024,1,1
2025021120,2026-03-24,TOR,BOS,401803471,6.5,6.5582970059376,0.644729178800233,1,1
2025021121,2026-03-24,CAR,MTL,401803472,6.5,6.810830520270558,0.4675324675324676,1,1
2025021122,2026-03-24,OTT,DET,401803473,5.5,5.86541251341262,0.551441114716549,1,1
2025021123,2026-03-24,SEA,FLA,401803474,5.5,5.98210112937368,0.5427435387673957,1,1
2025021124,2026-03-24,CHI,NYI,401803475,5.5,5.98210112937368,0.5996387718242023,1,1
2025021125,2026-03-24,CBJ,PHI,401803476,5.5,5.86541251341262,0.44855888528345106,1,1
2025021126,2026-03-24,COL,PIT,401803477,6.5,6.881371545107008,0.3907637655417407,1,1
2025021127,2026-03-24,MIN,TBL,401803478,6.5,6.5304172390661925,0.5720596355604638,1,1
2025021128,2026-03-24,WSH,STL,401803479,5.5,5.7347601775545805,0.4891657638136511,1,1
2025021129,2026-03-24,SJS,NSH,401803480,6.5,6.5304172390661925,0.5634920634920635,1,1
2025021130,2026-03-24,NJD,DAL,401803481,5.5,5.98210112937368,0.593369754159424,1,1
2025021131,2026-03-24,VGK,WPG,401803482,5.5,5.9283464961821135,0.44855888528345106,1,1
2025021132,2026-03-24,EDM,UTA,401803483,6.5,6.839341863873331,0.551441114716549,1,1
2025021133,2026-03-24,LAK,CGY,401803484,5.5,5.800324999938054,0.4279403644395361,1,1
2025021134,2026-03-24,ANA,VAN,401803485,6.5,7.007736827573327,0.38356164383561653,1,1
2025021135,2026-03-25,BOS,BUF,401803486,6.5,6.881371545107008,0.644729178800233,1,1
2025021136,2026-03-25,NYR,TOR,401803487,6.5,6.462310215319599,0.4572564612326044,1,1
2025021137,2026-03-26,CBJ,MTL,401803488,6.5,6.641765025881098,0.5043297540699689,1,1
2025021138,2026-03-26,PIT,OTT,401803489,6.5,6.462310215319599,0.5720596355604638,1,1
2025021139,2026-03-26,SEA,TBL,401803490,6.5,6.462310215319599,0.7135512302607419,1,1
2025021140,2026-03-26,MIN,FLA,401803491,6.5,6.502775437092707,0.4003612281757977,1,1
2025021141,2026-03-26,DAL,NYI,401803492,5.5,5.7347601775545805,0.4826358742837298,1,1
2025021142,2026-03-26,CHI,PHI,401803493,5.5,5.7347601775545805,0.5634920634920635,1,1
2025021143,2026-03-26,SJS,STL,401803494,5.5,5.98210112937368,0.5427435387673957,1,1
2025021144,2026-03-26,NJD,NSH,401803495,6.5,6.462310215319599,0.5043297540699689,1,1
2025021145,2026-03-26,COL,WPG,401803496,5.5,5.98210112937368,0.37753344813882633,1,1
2025021146,2026-03-26,WSH,UTA,401803497,5.5,5.98210112937368,0.551441114716549,1,1
2025021147,2026-03-26,ANA,CGY,401803498,6.5,6.739730786233835,0.44855888528345106,1,1
2025021148,2026-03-26,EDM,VGK,401803499,6.5,6.739730786233835,0.5634920634920635,1,1
2025021149,2026-03-26,LAK,VAN,401803500,5.5,5.98210112937368,0.3907637655417407,1,1
2025021150,2026-03-27,DET,BUF,401803501,6.5,6.397385381191386,0.5634920634920635,1,1
2025021151,2026-03-27,CHI,NYR,401803502,6.5,6.397385381191386,0.6092362344582594,1,1
2025021152,2026-03-28,OTT,TBL,401803503,6.5,6.397385381191386,0.551441114716549,1,1
2025021153,2026-03-28,FLA,NYI,401803504,5.5,5.800324999938054,0.644729178800233,1,1
2025021154,2026-03-28,ANA,EDM,401803505,6.5,7.3400840161883565,0.5720596355604638,1,1
2025021155,2026-03-28,MIN,BOS,401803506,6.5,6.342638659025493,0.4891657638136511,1,1
2025021156,2026-03-28,DAL,PIT,401803507,6.5,6.462310215319599,0.4572564612326044,1,1
2025021157,2026-03-28,NJD,CAR,401803508,6.5,6.600033200170701,0.644729178800233,1,1
2025021158,2026-03-28,SJS,CBJ,401803509,6.5,6.641765025881098,0.6224665518611737,1,1
2025021159,2026-03-28,SEA,BUF,401803510,6.5,6.600033200170701,0.6369041816941222,1,1
2025021160,2026-03-28,TOR,STL,401803511,5.5,5.9283464961821135,0.5720596355604638,1,1
2025021161,2026-03-28,MTL,NSH,401803512,6.5,6.600033200170701,0.4891657638136511,1,1
2025021162,2026-03-28,WPG,COL,401803513,5.5,5.98210112937368,0.700162074554295,1,1
2025021163,2026-03-28,PHI,DET,401803514,5.5,5.9283464961821135,0.5427435387673957,1,1
2025021164,2026-03-28,UTA,LAK,401803515,5.5,5.8266276240234784,0.5108342361863489,1,1
2025021165,2026-03-28,VAN,CGY,401803516,6.5,6.397385381191386,0.593369754159424,1,1
2025021166,2026-03-28,WSH,VGK,401803517,6.5,6.342638659025493,0.5829926410466066,1,1
2025021167,2026-03-29,FLA,NYR,401803518,5.5,5.98210112937368,0.6224665518611737,1,1
2025021168,2026-03-29,NSH,TBL,401803519,6.5,6.641765025881098,0.6224665518611737,1,1
2025021169,2026-03-29,MTL,CAR,401803520,6.5,6.739730786233835,0.6092362344582594,1,1
2025021170,2026-03-29,BOS,CBJ,401803521,6.5,6.397385381191386,0.593369754159424,1,1
2025021171,2026-03-29,CHI,NJD,401803522,5.5,5.98210112937368,0.6037569709421778,1,1
2025021172,2026-03-29,DAL,PHI,401803523,5.5,5.9283464961821135,0.3907637655417407,1,1
2025021173,2026-03-30,PIT,NYI,401803524,6.5,6.397385381191386,0.5427435387673957,1,1
2025021174,2026-03-30,CGY,COL,401803525,6.5,6.397385381191386,0.7659021045164341,1,1
2025021175,2026-03-30,VAN,VGK,401803526,6.5,6.697587338647162,0.7508125677139762,1,1
2025021176,2026-03-30,TOR,ANA,401803527,6.5,7.147721125174419,0.6309403437815976,1,1
2025021177,2026-03-30,STL,SJS,401803528,5.5,5.86541251341262,0.5,1,1
2025021178,2026-03-31,DAL,BOS,401803529,6.5,6.462310215319599,0.4572564612326044,1,1
2025021179,2026-03-31,NYI,BUF,401803530,6.5,6.342638659025493,0.6092362344582594,1,1
2025021180,2026-03-31,MTL,TBL,401803531,6.5,6.600033200170701,0.6037569709421778,1,1
2025021181,2026-03-31,OTT,FLA,401803532,5.5,5.98210112937368,0.38356164383561653,1,1
2025021182,2026-03-31,NJD,NYR,401803533,6.5,6.397385381191386,0.4675324675324676,1,1
2025021183,2026-03-31,DET,PIT,401803534,6.5,6.600033200170701,0.5043297540699689,1,1
2025021184,2026-03-31,PHI,WSH,401803535,5.5,5.800324999938054,0.5324675324675325,1,1
2025021185,2026-03-31,CAR,CBJ,401803536,6.5,6.600033200170701,0.4572564612326044,1,1
2025021186,2026-03-31,WPG,CHI,401803537,5.5,5.9283464961821135,0.41700735895339325,1,1
2025021187,2026-03-31,SEA,EDM,401803538,6.5,6.739730786233835,0.6224665518611737,1,1
2025021188,2026-04-01,VAN,COL,401803539,6.5,6.739730786233835,0.7913616398243044,1,1
2025021189,2026-04-01,STL,LAK,401803540,5.5,5.670161188712068,0.5829926410466066,1,1
2025021190,2026-04-01,ANA,SJS,401803541,6.5,7.08918993279976,0.4956702459300312,1,1
2025021191,2026-04-02,BUF,OTT,401803542,6.5,6.5304172390661925,0.5217391304347826,1,1
2025021192,2026-04-02,PIT,TBL,401803543,6.5,6.739730786233835,0.593369754159424,1,1
2025021193,2026-04-02,BOS,FLA,401803544,6.5,6.5582970059376,0.4066302458405761,1,1
2025021194,2026-04-02,WSH,NJD,401803545,6.5,6.462310215319599,0.5217391304347826,1,1
2025021195,2026-04-02,MTL,NYR,401803546,6.5,6.600033200170701,0.4675324675324676,1,1
2025021196,2026-04-02,DET,PHI,401803547,5.5,5.9283464961821135,0.4956702459300312,1,1
2025021197,2026-04-02,CBJ,CAR,401803548,6.5,6.697587338647162,0.6369041816941222,1,1
2025021198,2026-04-02,WPG,DAL,401803549,5.5,5.7739517078294735,0.5829926410466066,1,1
2025021199,2026-04-02,VAN,MIN,401803550,6.5,6.739730786233835,0.7768331562167907,1,1
2025021200,2026-04-02,CHI,EDM,401803551,6.5,6.697587338647162,0.6690070210631895,1,1
2025021201,2026-04-02,CGY,VGK,401803552,6.5,6.397385381191386,0.6750312469954812,1,1
2025021202,2026-04-02,TOR,SJS,401803553,6.5,6.641765025881098,0.551441114716549,1,1
2025021203,2026-04-02,UTA,SEA,401803554,6.5,6.397385381191386,0.43650793650793646,1,1
2025021204,2026-04-02,NSH,LAK,401803555,5.5,5.7347601775545805,0.5324675324675325,1,1
2025021205,2026-04-03,PHI,NYI,401803556,5.5,5.8266276240234784,0.5829926410466066,1,1
2025021206,2026-04-03,STL,ANA,401803557,6.5,6.397385381191386,0.5634920634920635,1,1
2025021207,2026-04-04,DET,NYR,401803558,6.5,6.5582970059376,0.4279403644395361,1,1
2025021208,2026-04-04,MIN,OTT,401803559,6.5,6.462310215319599,0.5427435387673957,1,1
2025021209,2026-04-04,COL,DAL,401803560,6.5,6.462310215319599,0.4782608695652174,1,1
2025021210,2026-04-04,BOS,TBL,401803561,6.5,6.462310215319599,0.6092362344582594,1,1
2025021211,2026-04-04,FLA,PIT,401803562,6.5,6.839341863873331,0.6805555555555556,1,1
2025021212,2026-04-04,MTL,NJD,401803563,6.5,6.600033200170701,0.4675324675324676,1,1
2025021213,2026-04-04,BUF,WSH,401803564,6.5,6.600033200170701,0.4891657638136511,1,1
2025021214,2026-04-04,NYI,CAR,401803565,6.5,6.5304172390661925,0.690792883054068,1,1
2025021215,2026-04-04,WPG,CBJ,401803566,5.5,5.86541251341262,0.5720596355604638,1,1
2025021216,2026-04-04,UTA,VAN,401803567,6.5,6.739730786233835,0.33099297893681046,1,1
2025021217,2026-04-04,TOR,LAK,401803568,6.5,6.397385381191386,0.644729178800233,1,1
2025021218,2026-04-04,VGK,EDM,401803569,6.5,6.641765025881098,0.5,1,1
2025021219,2026-04-04,CGY,ANA,401803570,6.5,7.007736827573327,0.5829926410466066,1,1
2025021220,2026-04-04,NSH,SJS,401803571,6.5,6.600033200170701,0.5217391304347826,1,1
2025021221,2026-04-04,CHI,SEA,401803572,6.5,6.342638659025493,0.6037569709421778,1,1
2025021222,2026-04-05,MIN,DET,401803573,6.5,6.462310215319599,0.44855888528345106,1,1
2025021223,2026-04-05,FLA,PIT,401803574,6.5,7.08918993279976,0.6853932584269663,1,1
2025021224,2026-04-05,BOS,PHI,401803575,5.5,5.98210112937368,0.593369754159424,1,1
2025021225,2026-04-05,CAR,OTT,401803576,6.5,6.5304172390661925,0.4782608695652174,1,1
2025021226,2026-04-05,NJD,MTL,401803577,6.5,6.949540302316011,0.5720596355604638,1,1
2025021227,2026-04-05,WSH,NYR,401803578,6.5,6.502775437092707,0.4891657638136511,1,1
2025021228,2026-04-05,STL,COL,401803579,5.5,5.9283464961821135,0.6369041816941222,1,1
2025021229,2026-04-06,TBL,BUF,401803580,6.5,6.739730786233835,0.47391341473828025,1,1
2025021230,2026-04-06,SEA,WPG,401803581,5.5,5.7347601775545805,0.5996387718242023,1,1
2025021231,2026-04-06,CHI,SJS,401803582,6.5,6.5304172390661925,0.593369754159424,1,1
2025021232,2026-04-06,NSH,LAK,401803583,5.5,5.98210112937368,0.551441114716549,1,1
2025021233,2026-04-07,FLA,MTL,401803584,6.5,6.669637074549774,0.7135512302607419,1,1
2025021234,2026-04-07,TBL,OTT,401803585,6.5,6.600033200170701,0.5634920634920635,1,1
2025021235,2026-04-07,CBJ,DET,401803586,5.5,5.98210112937368,0.5,1,1
2025021236,2026-04-07,PHI,NJD,401803587,5.5,5.98210112937368,0.5324675324675325,1,1
2025021237,2026-04-07,BOS,CAR,401803588,6.5,6.462310215319599,0.6224665518611737,1,1
2025021238,2026-04-07,COL,STL,401803589,6.5,6.397385381191386,0.41700735895339325,1,1
2025021239,2026-04-07,CGY,DAL,401803590,5.5,5.9283464961821135,0.690792883054068,1,1
2025021240,2026-04-07,SEA,MIN,401803591,6.5,6.397385381191386,0.700162074554295,1,1
2025021241,2026-04-07,EDM,UTA,401803592,6.5,6.739730786233835,0.551441114716549,1,1
2025021242,2026-04-07,VGK,VAN,401803593,6.5,6.600033200170701,0.30920711694593195,1,1
2025021243,2026-04-07,NSH,ANA,401803594,6.5,6.839341863873331,0.5829926410466066,1,1
2025021244,2026-04-08,BUF,NYR,401803595,6.5,6.5582970059376,0.44855888528345106,1,1
2025021245,2026-04-08,WSH,TOR,401803596,6.5,6.669637074549774,0.41700735895339325,1,1
2025021246,2026-04-08,EDM,SJS,401803597,6.5,7.007736827573327,0.5043297540699689,1,1
2025021247,2026-04-09,CBJ,BUF,401803598,6.5,6.462310215319599,0.4826358742837298,1,1
2025021248,2026-04-09,TBL,MTL,401803599,6.5,6.600033200170701,0.47391341473828025,1,1
2025021249,2026-04-09,FLA,OTT,401803600,6.5,6.5582970059376,0.7659021045164341,1,1
2025021250,2026-04-09,PHI,DET,401803601,5.5,5.98210112937368,0.5173641257162701,1,1
2025021251,2026-04-09,PIT,NJD,401803602,6.5,7.007736827573327,0.4956702459300312,1,1
2025021252,2026-04-09,TOR,NYI,401803603,6.5,6.600033200170701,0.7220792588780237,1,1
2025021253,2026-04-09,WPG,STL,401803604,5.5,5.695915825550388,0.5108342361863489,1,1
2025021254,2026-04-09,MIN,DAL,401803605,5.5,5.98210112937368,0.5260865852617197,1,1
2025021255,2026-04-09,CAR,CHI,401803606,6.5,6.397385381191386,0.37753344813882633,1,1
2025021256,2026-04-09,CGY,COL,401803607,6.5,6.600033200170701,0.7408716136631331,1,1
2025021257,2026-04-09,NSH,UTA,401803608,6.5,6.462310215319599,0.6164383561643836,1,1
2025021258,2026-04-09,SJS,ANA,401803609,6.5,7.08918993279976,0.6092362344582594,1,1
2025021259,2026-04-09,VGK,SEA,401803610,6.5,6.462310215319599,0.3690596562184024,1,1
2025021260,2026-04-09,VAN,LAK,401803611,6.5,6.342638659025493,0.7135512302607419,1,1
2025021261,2026-04-11,TBL,BOS,401803612,6.5,6.397385381191386,0.4891657638136511,1,1
2025021262,2026-04-11,OTT,NYI,401803613,6.5,6.397385381191386,0.4572564612326044,1,1
2025021263,2026-04-11,WSH,PIT,401803614,6.5,7.08918993279976,0.41700735895339325,1,1
2025021264,2026-04-11,EDM,LAK,401803615,6.5,6.600033200170701,0.5173641257162701,1,1
2025021265,2026-04-11,NJD,DET,401803616,6.5,6.5582970059376,0.551441114716549,1,1
2025021266,2026-04-11,STL,CHI,401803617,5.5,5.98210112937368,0.4279403644395361,1,1
2025021267,2026-04-11,MIN,NSH,401803618,6.5,6.502775437092707,0.5,1,1
2025021268,2026-04-11,NYR,DAL,401803619,5.5,5.9283464961821135,0.6164383561643836,1,1
2025021269,2026-04-11,CAR,UTA,401803620,6.5,6.600033200170701,0.5324675324675325,1,1
2025021270,2026-04-11,FLA,TOR,401803621,6.5,6.739730786233835,0.593369754159424,1,1
2025021271,2026-04-11,CBJ,MTL,401803622,6.5,6.462310215319599,0.5427435387673957,1,1
2025021272,2026-04-11,PHI,WPG,401803623,5.5,5.7347601775545805,0.5324675324675325,1,1
2025021273,2026-04-11,CGY,SEA,401803624,6.5,6.641765025881098,0.5427435387673957,1,1
2025021274,2026-04-11,VGK,COL,401803625,6.5,6.397385381191386,0.5427435387673957,1,1
2025021275,2026-04-11,VAN,SJS,401803626,6.5,6.839341863873331,0.6309403437815976,1,1
2025021276,2026-04-12,PIT,WSH,401803627,6.5,7.08918993279976,0.5720596355604638,1,1
2025021277,2026-04-12,MTL,NYI,401803628,6.5,6.462310215319599,0.5324675324675325,1,1
2025021278,2026-04-12,BOS,CBJ,401803629,6.5,6.600033200170701,0.644729178800233,1,1
2025021279,2026-04-12,OTT,NJD,401803630,6.5,6.462310215319599,0.5324675324675325,1,1
2025021280,2026-04-12,VAN,ANA,401803631,7.5,6.9937924839244285,0.7335423197492164,1,1
2025021281,2026-04-12,UTA,CGY,401803632,6.5,6.397385381191386,0.4066302458405761,1,1
2025021282,2026-04-13,DET,TBL,401803633,6.5,6.462310215319599,0.6369041816941222,1,1
2025021283,2026-04-13,NYR,FLA,401803634,6.5,6.462310215319599,0.41700735895339325,1,1
2025021284,2026-04-13,CAR,PHI,401803635,5.5,5.9283464961821135,0.593369754159424,1,1
2025021285,2026-04-13,DAL,TOR,401803636,6.5,6.697587338647162,0.3690596562184024,1,1
2025021286,2026-04-13,MIN,STL,401803637,5.5,5.695915825550388,0.6224665518611737,1,1
2025021287,2026-04-13,SJS,NSH,401803638,6.5,6.641765025881098,0.5829926410466066,1,1
2025021288,2026-04-13,BUF,CHI,401803639,6.5,6.641765025881098,0.36309581830587784,1,1
2025021289,2026-04-13,COL,EDM,401803640,6.5,6.810830520270558,0.4675324675324676,1,1
2025021290,2026-04-13,WPG,VGK,401803641,5.5,5.9283464961821135,0.6224665518611737,1,1
2025021291,2026-04-13,LAK,SEA,401803642,5.5,5.9283464961821135,0.3907637655417407,1,1
2025021292,2026-04-14,NJD,BOS,401803643,6.5,6.502775437092707,0.5829926410466066,1,1
2025021293,2026-04-14,CAR,NYI,401803644,6.5,6.739730786233835,0.6224665518611737,1,1
2025021294,2026-04-14,MTL,PHI,401803645,6.5,6.397385381191386,0.27792074112197634,1,1
2025021295,2026-04-14,WSH,CBJ,401803646,6.5,6.739730786233835,0.5829926410466066,1,1
2025021296,2026-04-14,ANA,MIN,401803647,6.5,7.007736827573327,0.3907637655417407,1,1
2025021297,2026-04-14,WPG,UTA,401803648,6.5,6.342638659025493,0.6574752261956053,1,1
2025021298,2026-04-14,COL,CGY,401803649,6.5,6.5304172390661925,0.41700735895339325,1,1
2025021299,2026-04-14,PIT,STL,401803650,6.5,6.5582970059376,0.6574752261956053,1,1
2025021300,2026-04-14,LAK,VAN,401803651,6.5,6.397385381191386,0.4066302458405761,1,1
2025021301,2026-04-15,DAL,BUF,401803652,6.5,6.397385381191386,0.4279403644395361,1,1
2025021302,2026-04-15,NYR,TBL,401803653,6.5,6.641765025881098,0.5634920634920635,1,1
2025021303,2026-04-15,DET,FLA,401803654,6.5,6.397385381191386,0.3907637655417407,1,1
2025021304,2026-04-15,TOR,OTT,401803655,6.5,6.949540302316011,0.6369041816941222,1,1
2025021305,2026-04-15,SJS,CHI,401803656,6.5,6.739730786233835,0.4675324675324676,1,1
2025021306,2026-04-15,SEA,VGK,401803657,6.5,6.502775437092707,0.7335423197492164,1,1
2025021307,2026-04-16,ANA,NSH,401803658,6.5,6.810830520270558,0.4675324675324676,1,1
2025021308,2026-04-16,SJS,WPG,401803659,6.5,6.641765025881098,0.593369754159424,1,1
2025021309,2026-04-16,STL,UTA,401803660,6.5,6.397385381191386,0.5260865852617197,1,1
2025021310,2026-04-16,LAK,CGY,401803661,6.5,6.397385381191386,0.3907637655417407,1,1
2025021311,2026-04-16,VAN,EDM,401803662,6.5,6.949540302316011,0.7477827050997783,1,1
2025021312,2026-04-16,SEA,COL,401803663,6.5,6.502775437092707,0.6574752261956053,1,1
2025030131,2026-04-18,OTT,CAR,401869715,6.5,6.342638659025493,0.5720596355604638,1,1
2025030141,2026-04-18,PHI,PIT,401869717,6.5,6.462310215319599,0.5634920634920635,1,1
2025030161,2026-04-18,MIN,DAL,401869716,5.5,5.9283464961821135,0.5324675324675325,1,1
2025030111,2026-04-19,BOS,BUF,401869719,6.5,6.342638659025493,0.5996387718242023,1,1
2025030121,2026-04-19,MTL,TBL,401869718,6.5,6.397385381191386,0.6164383561643836,1,1
2025030151,2026-04-19,LAK,COL,401869721,5.5,5.9283464961821135,0.7135512302607419,1,1
2025030171,2026-04-19,UTA,VGK,401869720,5.5,5.9283464961821135,0.593369754159424,1,1
2025030132,2026-04-20,OTT,CAR,401869781,5.5,5.9283464961821135,0.5720596355604638,1,1
2025030142,2026-04-20,PHI,PIT,401869794,6.5,6.397385381191386,0.5829926410466066,1,1
2025030162,2026-04-20,MIN,DAL,401869780,5.5,5.9283464961821135,0.5634920634920635,1,1
2025030181,2026-04-20,ANA,EDM,401869722,6.5,7.2232234447307295,0.6309403437815976,1,1
2025030112,2026-04-21,BOS,BUF,401869757,6.5,6.342638659025493,0.5996387718242023,1,1
2025030122,2026-04-21,MTL,TBL,401869769,5.5,5.9283464961821135,0.6224665518611737,1,1
2025030152,2026-04-21,LAK,COL,401869792,5.5,5.8266276240234784,0.700162074554295,1,1
2025030172,2026-04-21,UTA,VGK,401869756,6.5,6.342638659025493,0.5720596355604638,1,1
2025030143,2026-04-22,PIT,PHI,401869796,5.5,5.9283464961821135,0.5108342361863489,1,1
2025030163,2026-04-22,DAL,MIN,401869782,5.5,5.86541251341262,0.551441114716549,1,1
2025030182,2026-04-22,ANA,EDM,401869768,6.5,7.08918993279976,0.6369041816941222,1,1
2025030113,2026-04-23,BUF,BOS,401869759,6.5,6.342638659025493,0.5108342361863489,1,1
2025030133,2026-04-23,CAR,OTT,401869783,5.5,5.98210112937368,0.5260865852617197,1,1
2025030153,2026-04-23,COL,LAK,401869793,5.5,5.8266276240234784,0.4066302458405761,1,1
2025030123,2026-04-24,TBL,MTL,401869771,6.5,6.397385381191386,0.4826358742837298,1,1
2025030173,2026-04-24,VGK,UTA,401869758,5.5,5.8266276240234784,0.4956702459300312,1,1
2025030183,2026-04-24,EDM,ANA,401869770,7.5,6.9937924839244285,0.43650793650793646,1,1
2025030134,2026-04-25,CAR,OTT,401869786,5.5,5.98210112937368,0.43650793650793646,1,1
2025030144,2026-04-25,PIT,PHI,401869799,5.5,5.9283464961821135,0.5324675324675325,1,1
2025030164,2026-04-25,DAL,MIN,401869784,5.5,5.86541251341262,0.5427435387673957,1,1
2025030114,2026-04-26,BUF,BOS,401869762,5.5,5.86541251341262,0.5260865852617197,1,1
2025030124,2026-04-26,TBL,MTL,401869773,5.5,5.9283464961821135,0.4826358742837298,1,1
2025030154,2026-04-26,COL,LAK,401869795,5.5,5.7739517078294735,0.38356164383561653,1,1
2025030184,2026-04-26,EDM,ANA,401869772,7.5,7.105537176024573,0.44855888528345106,1,1
2025030145,2026-04-27,PHI,PIT,401869801,5.5,5.800324999938054,0.5324675324675325,1,1
2025030174,2026-04-27,VGK,UTA,401869760,5.5,5.86541251341262,0.44855888528345106,1,1
2025030115,2026-04-28,BOS,BUF,401869764,5.5,5.86541251341262,0.6092362344582594,1,1
2025030165,2026-04-28,MIN,DAL,401869785,5.5,5.8266276240234784,0.5324675324675325,1,1
2025030185,2026-04-28,ANA,EDM,401869774,7.5,6.9937924839244285,0.5829926410466066,1,1
2025030125,2026-04-29,MTL,TBL,401869775,5.5,5.8266276240234784,0.5829926410466066,1,1
2025030146,2026-04-29,PIT,PHI,401869802,5.5,5.8266276240234784,0.5173641257162701,1,1
2025030175,2026-04-29,UTA,VGK,401869761,5.5,5.9283464961821135,0.593369754159424,1,1
2025030166,2026-04-30,DAL,MIN,401869787,5.5,5.7739517078294735,0.5324675324675325,1,1
2025030186,2026-04-30,EDM,ANA,401869776,6.5,7.295790262410607,0.4675324675324676,1,1
2025030116,2026-05-01,BUF,BOS,401869765,5.5,5.8266276240234784,0.4572564612326044,1,1
2025030126,2026-05-01,TBL,MTL,401869777,5.5,5.695915825550388,0.4782608695652174,1,1
2025030176,2026-05-01,VGK,UTA,401869763,6.5,6.342638659025493,0.4782608695652174,1,1
2025030221,2026-05-02,PHI,CAR,401871166,5.5,5.541969544751927,0.6853932584269663,1,1
2025030127,2026-05-03,MTL,TBL,401869779,5.5,5.069560731949615,0.593369754159424,1,1
2025030231,2026-05-03,MIN,COL,401871302,6.5,6.342638659025493,0.644729178800233,1,1
2025030222,2026-05-04,PHI,CAR,401871411,5.5,5.369314424141235,0.700162074554295,1,1
2025030241,2026-05-04,ANA,VGK,401871423,6.5,6.697587338647162,0.6092362344582594,1,1
2025030232,2026-05-05,MIN,COL,401871417,6.5,6.600033200170701,0.644729178800233,1,1
2025030211,2026-05-06,MTL,BUF,401871404,5.5,5.8266276240234784,0.5634920634920635,1,1
2025030242,2026-05-06,ANA,VGK,401871424,6.5,6.5582970059376,0.5829926410466066,1,1
2025030223,2026-05-07,CAR,PHI,401871412,5.5,5.4793142480398025,0.4003612281757977,1,1
2025030212,2026-05-08,MTL,BUF,401871405,5.5,5.670161188712068,0.593369754159424,1,1
2025030243,2026-05-08,VGK,ANA,401871425,6.5,6.5582970059376,0.4826358742837298,1,1
2025030224,2026-05-09,CAR,PHI,401871413,5.5,5.419621802129452,0.36309581830587784,1,1
2025030233,2026-05-09,COL,MIN,401871418,6.5,6.502775437092707,0.4572564612326044,1,1
2025030213,2026-05-10,BUF,MTL,401871406,5.5,5.9283464961821135,0.551441114716549,1,1
2025030244,2026-05-10,VGK,ANA,401871426,6.5,6.5582970059376,0.5324675324675325,1,1
2025030234,2026-05-11,COL,MIN,401871419,6.5,6.600033200170701,0.41700735895339325,1,1
2025030214,2026-05-12,BUF,MTL,401871407,6.5,6.502775437092707,0.5720596355604638,1,1
2025030245,2026-05-12,ANA,VGK,401871427,6.5,6.397385381191386,0.593369754159424,1,1
2025030235,2026-05-13,MIN,COL,401871420,6.5,6.5582970059376,0.6690070210631895,1,1
2025030215,2026-05-14,MTL,BUF,401871408,5.5,5.98210112937368,0.5173641257162701,1,1
2025030246,2026-05-14,VGK,ANA,401871428,6.5,6.502775437092707,0.5427435387673957,1,1
2025030216,2026-05-16,BUF,MTL,401871409,6.5,6.502775437092707,0.6092362344582594,1,1
2025030217,2026-05-18,MTL,BUF,401871410,5.5,5.8266276240234784,0.5173641257162701,1,1
2025030321,2026-05-20,VGK,COL,401872903,6.5,6.462310215319599,0.6092362344582594,1,1
2025030311,2026-05-21,MTL,CAR,401873383,5.5,5.7739517078294735,0.6574752261956053,1,1
2025030322,2026-05-22,VGK,COL,401872904,6.5,6.462310215319599,0.6309403437815976,1,1
2025030312,2026-05-23,MTL,CAR,401873384,6.5,6.397385381191386,0.644729178800233,1,1
2025030323,2026-05-24,COL,VGK,401872905,6.5,6.397385381191386,0.4279403644395361,1,1
2025030313,2026-05-25,CAR,MTL,401873385,5.5,5.9283464961821135,0.41700735895339325,1,1
2025030324,2026-05-26,COL,VGK,401872906,6.5,6.397385381191386,0.5,1,1
2025030314,2026-05-27,CAR,MTL,401873386,5.5,5.86541251341262,0.4279403644395361,1,1
2025030315,2026-05-29,MTL,CAR,401873387,5.5,5.7347601775545805,0.6957699520733487,1,1
2025030411,2026-06-02,VGK,CAR,401874171,5.5,5.8266276240234784,0.593369754159424,1,1
2025030412,2026-06-04,VGK,CAR,401874172,5.5,5.8266276240234784,0.593369754159424,1,1
2025030413,2026-06-06,CAR,VGK,401874173,5.5,5.86541251341262,0.5043297540699689,1,1
2025030414,2026-06-09,CAR,VGK,401874174,5.5,5.9283464961821135,0.4891657638136511,1,1
2025030415,2026-06-11,VGK,CAR,401874175,6.5,6.342638659025493,0.5829926410466066,1,1
2025030416,2026-06-14,CAR,VGK,401874176,5.5,5.9283464961821135,0.4891657638136511,1,1
2026020001,2026-09-29,FLA,CAR,401891773,6.5,6.462310215319599,0.5427435387673957,1,1
2026020002,2026-09-29,MTL,TOR,401891827,6.5,6.641765025881098,0.5108342361863489,1,1
2026020003,2026-09-29,NYR,BOS,401891774,5.5,5.9283464961821135,0.5,1,1
2026020004,2026-09-29,VAN,EDM,401891804,6.5,6.739730786233835,0.7220792588780237,1,1
2026020005,2026-09-29,CHI,VGK,401891775,6.5,6.397385381191386,0.700162074554295,1,1
2026020006,2026-09-30,PIT,PHI,401891821,6.5,6.397385381191386,0.5720596355604638,1,1
2026020007,2026-09-30,LAK,COL,401891780,6.5,6.502775437092707,0.644729178800233,1,1
2026020008,2026-09-30,NYI,TOR,401892431,5.5,5.98210112937368,0.5634920634920635,1,1
