game_id,date,season,away_team,home_team,away_score,home_score,total_goals,goal_diff,overtime_flag,away_goalie,home_goalie,away_goalie_id,home_goalie_id,away_saves,home_saves,away_shots_against,home_shots_against,total_shots,away_fp,home_fp,stack_fp
2023020001,2023-10-10 00:00:00,20232024,NSH,TBL,3,5,8,2,0,J. Saros,J. Johansson,8477424,8477992,29,28,33,31,64,-2.2,3.6,1.4
2023020002,2023-10-10 00:00:00,20232024,CHI,PIT,4,2,6,2,0,P. Mrazek,T. Jarry,8475852,8477465,39,32,41,35,76,7.8,0.4,8.2
2023020003,2023-10-10 00:00:00,20232024,SEA,VGK,1,4,5,3,0,P. Grubauer,A. Hill,8475831,8478499,24,32,27,33,60,-1.2,8.4,7.2
2023020004,2023-10-11 00:00:00,20232024,OTT,CAR,3,5,8,2,0,J. Korpisalo,F. Andersen,8476914,8475883,37,27,42,30,72,-2.6,3.4,0.8
2023020005,2023-10-11 00:00:00,20232024,MTL,TOR,5,6,11,1,1,J. Allen,I. Samsonov,8474596,8478492,37,19,42,24,66,-1.6,-2.2,-3.8
2023020006,2023-10-11 00:00:00,20232024,CHI,BOS,1,3,4,2,0,A. Soderblom,L. Ullmark,8482821,8476999,30,20,32,21,53,2.0,6.0,8.0
2023020007,2023-10-11 00:00:00,20232024,WPG,CGY,3,5,8,2,0,C. Hellebuyck,J. Markstrom,8476945,8474593,17,34,21,37,58,-4.6,4.8,0.2
2023020008,2023-10-11 00:00:00,20232024,COL,LAK,5,2,7,3,0,A. Georgiev,C. Talbot,8480382,8475660,34,32,36,36,72,6.8,-1.6,5.2
2023020009,2023-10-11 00:00:00,20232024,EDM,VAN,1,8,9,7,0,J. Campbell,T. Demko,8475789,8477967,12,21,16,22,38,-5.6,6.2,0.6
2023020010,2023-10-12 00:00:00,20232024,NYR,BUF,5,1,6,4,0,I. Shesterkin,D. Levi,8478048,8482221,24,26,25,30,55,6.8,-2.8,4.0
2023020011,2023-10-12 00:00:00,20232024,PHI,CBJ,4,2,6,2,0,C. Hart,E. Merzlikins,8479394,8478007,31,33,33,35,68,6.2,2.6,8.8
2023020012,2023-10-12 00:00:00,20232024,DET,NJD,3,4,7,1,0,V. Husso,V. Vanecek,8478024,8477970,23,32,26,35,61,-1.4,4.4,3.0
2023020013,2023-10-12 00:00:00,20232024,STL,DAL,1,2,3,1,1,J. Binnington,J. Oettinger,8476412,8479979,33,23,34,24,58,5.6,6.6,12.2
2023020014,2023-10-12 00:00:00,20232024,FLA,MIN,0,2,2,2,0,S. Bobrovsky,F. Gustavsson,8475683,8479406,19,41,21,41,62,-0.2,15.2,15.0
2023020015,2023-10-12 00:00:00,20232024,SEA,NSH,0,3,3,3,0,P. Grubauer,J. Saros,8475831,8477424,32,23,34,23,57,2.4,11.6,14.0
2023020016,2023-10-12 00:00:00,20232024,VGK,SJS,4,1,5,3,0,L. Thompson,K. Kahkonen,8480313,8478039,22,28,23,32,55,6.4,-2.4,4.0
2023020017,2023-10-13 00:00:00,20232024,ARI,NJD,4,3,7,1,1,K. Vejmelka,A. Schmid,8478872,8481033,33,30,36,33,69,4.6,1.0,5.6
2023020018,2023-10-13 00:00:00,20232024,PIT,WSH,4,0,4,4,0,T. Jarry,C. Lindgren,8477465,8479292,19,31,19,35,54,10.8,-1.8,9.0
2023020019,2023-10-14 00:00:00,20232024,PHI,OTT,2,5,7,3,0,C. Hart,A. Forsberg,8479394,8476341,26,19,31,21,52,-4.8,3.8,-1.0
2023020020,2023-10-14 00:00:00,20232024,FLA,WPG,4,6,10,2,0,S. Bobrovsky,C. Hellebuyck,8475683,8476945,29,29,34,33,67,-4.2,1.8,-2.4
2023020021,2023-10-14 00:00:00,20232024,NSH,BOS,2,3,5,1,0,J. Saros,J. Swayman,8477424,8480280,27,34,30,36,66,-0.6,6.8,6.2
2023020022,2023-10-14 00:00:00,20232024,NYR,CBJ,3,5,8,2,0,I. Shesterkin,E. Merzlikins,8478048,8478007,16,24,21,25,46,-6.8,6.8,0.0
2023020023,2023-10-14 00:00:00,20232024,TBL,DET,4,6,10,2,0,J. Johansson,V. Husso,8477992,8478024,36,21,41,25,66,-2.8,0.2,-2.6
2023020024,2023-10-14 00:00:00,20232024,CHI,MTL,2,3,5,1,0,P. Mrazek,S. Montembeault,8475852,8478470,33,28,36,30,66,0.6,5.6,6.2
2023020025,2023-10-14 00:00:00,20232024,CGY,PIT,2,5,7,3,0,J. Markstrom,A. Nedeljkovic,8474593,8477968,24,34,28,36,64,-3.2,6.8,3.6
2023020026,2023-10-14 00:00:00,20232024,MIN,TOR,4,7,11,3,0,F. Gustavsson,I. Samsonov,8479406,8478492,26,28,33,32,65,-8.8,1.6,-7.2
2023020027,2023-10-14 00:00:00,20232024,BUF,NYI,2,3,5,1,0,D. Levi,I. Sorokin,8482221,8478009,26,26,29,28,57,-0.8,5.2,4.4
2023020028,2023-10-14 00:00:00,20232024,SEA,STL,1,2,3,1,1,J. Daccord,J. Binnington,8478916,8476412,24,30,25,31,56,3.8,8.0,11.8
2023020029,2023-10-14 00:00:00,20232024,VAN,EDM,4,3,7,1,0,C. DeSmith,S. Skinner,8479193,8479973,37,12,40,16,56,5.4,-5.6,-0.2
2023020030,2023-10-14 00:00:00,20232024,COL,SJS,2,1,3,1,1,A. Georgiev,M. Blackwood,8480382,8478406,20,51,21,52,73,6.0,9.2,15.2
2023020031,2023-10-14 00:00:00,20232024,ANA,VGK,1,4,5,3,0,J. Gibson,A. Hill,8476434,8478499,34,22,37,23,60,0.8,6.4,7.2
2023020032,2023-10-14 00:00:00,20232024,CAR,LAK,6,5,11,1,1,F. Andersen,P. Copley,8475883,8477831,25,14,30,19,49,-1.0,-6.2,-7.2
2023020033,2023-10-15 00:00:00,20232024,TBL,OTT,2,5,7,3,0,M. Tomkins,J. Korpisalo,8477035,8476914,33,22,37,24,61,-1.4,4.4,3.0
2023020034,2023-10-15 00:00:00,20232024,CAR,ANA,3,6,9,3,0,A. Raanta,L. Dostal,8477293,8480843,19,32,23,35,58,-4.2,4.4,0.2
2023020035,2023-10-16 00:00:00,20232024,DET,CBJ,4,0,4,4,0,J. Reimer,S. Martin,8473503,8477484,23,24,23,28,51,11.6,-3.2,8.4
2023020036,2023-10-16 00:00:00,20232024,FLA,NJD,4,3,7,1,0,S. Bobrovsky,V. Vanecek,8475683,8477970,31,26,34,30,64,4.2,-2.8,1.4
2023020037,2023-10-16 00:00:00,20232024,ARI,NYR,1,2,3,1,0,C. Ingram,I. Shesterkin,8478971,8478048,26,26,28,27,55,1.2,7.2,8.4
2023020038,2023-10-16 00:00:00,20232024,CHI,TOR,4,1,5,3,0,A. Soderblom,J. Woll,8482821,8479361,35,27,36,30,66,9.0,-0.6,8.4
2023020039,2023-10-16 00:00:00,20232024,CGY,WSH,2,3,5,1,1,J. Markstrom,D. Kuemper,8474593,8475311,21,38,23,40,63,1.2,7.6,8.8
2023020040,2023-10-17 00:00:00,20232024,TBL,BUF,2,3,5,1,1,J. Johansson,D. Levi,8477992,8482221,28,23,31,25,56,0.6,4.6,5.2
2023020041,2023-10-17 00:00:00,20232024,MIN,MTL,5,2,7,3,0,M. Fleury,S. Montembeault,8470594,8478470,26,30,28,35,63,5.2,-4.0,1.2
2023020042,2023-10-17 00:00:00,20232024,VAN,PHI,0,2,2,2,0,T. Demko,C. Hart,8477967,8479394,40,26,42,26,68,4.0,12.2,16.2
2023020043,2023-10-17 00:00:00,20232024,ARI,NYI,0,1,1,1,0,K. Vejmelka,I. Sorokin,8478872,8478009,33,14,34,14,48,4.6,9.8,14.4
2023020044,2023-10-17 00:00:00,20232024,EDM,NSH,6,1,7,5,0,J. Campbell,J. Saros,8475789,8477424,43,7,44,11,55,10.6,-6.6,4.0
2023020045,2023-10-17 00:00:00,20232024,LAK,WPG,5,1,6,4,0,C. Talbot,C. Hellebuyck,8475660,8476945,26,24,27,29,56,7.2,-5.2,2.0
2023020046,2023-10-17 00:00:00,20232024,COL,SEA,4,1,5,3,0,A. Georgiev,P. Grubauer,8480382,8475831,37,24,38,27,65,9.4,-1.2,8.2
2023020047,2023-10-17 00:00:00,20232024,CAR,SJS,6,3,9,3,0,F. Andersen,M. Blackwood,8475883,8478406,1,36,2,42,44,-1.8,-4.8,-6.6
2023020048,2023-10-17 00:00:00,20232024,DAL,VGK,2,3,5,1,1,J. Oettinger,A. Hill,8479979,8478499,32,24,34,26,60,3.4,4.8,8.2
2023020049,2023-10-18 00:00:00,20232024,WSH,OTT,1,6,7,5,0,D. Kuemper,A. Forsberg,8475311,8476341,23,23,29,24,53,-7.4,6.6,-0.8
2023020050,2023-10-18 00:00:00,20232024,PIT,DET,3,6,9,3,0,T. Jarry,V. Husso,8477465,8478024,23,30,27,33,60,-3.4,4.0,0.6
2023020051,2023-10-19 00:00:00,20232024,CGY,BUF,4,3,7,1,0,D. Vladar,D. Levi,8478435,8482221,24,32,27,36,63,2.8,-1.6,1.2
2023020052,2023-10-19 00:00:00,20232024,TOR,FLA,1,3,4,2,0,I. Samsonov,S. Bobrovsky,8478492,8475683,21,29,23,30,53,0.2,7.8,8.0
2023020053,2023-10-19 00:00:00,20232024,NSH,NYR,4,1,5,3,0,J. Saros,I. Shesterkin,8477424,8478048,23,14,24,18,42,6.6,-5.2,1.4
2023020054,2023-10-19 00:00:00,20232024,EDM,PHI,1,4,5,3,0,J. Campbell,C. Hart,8475789,8479394,28,22,32,23,55,-2.4,6.4,4.0
2023020055,2023-10-19 00:00:00,20232024,VAN,TBL,3,4,7,1,0,T. Demko,J. Johansson,8477967,8477992,32,26,36,29,65,-1.6,3.2,1.6
2023020056,2023-10-19 00:00:00,20232024,LAK,MIN,7,3,10,4,0,C. Talbot,M. Fleury,8475660,8470594,29,20,32,25,57,3.8,-6.0,-2.2
2023020057,2023-10-19 00:00:00,20232024,ARI,STL,6,2,8,4,0,C. Ingram,J. Hofer,8478971,8480981,24,36,26,42,68,4.8,-4.8,0.0
2023020058,2023-10-19 00:00:00,20232024,VGK,WPG,5,3,8,2,0,L. Thompson,L. Brossoit,8480313,8476316,36,22,39,26,65,5.2,-3.6,1.6
2023020059,2023-10-19 00:00:00,20232024,DAL,ANA,3,2,5,1,0,J. Oettinger,J. Gibson,8479979,8476434,27,21,29,24,53,5.4,-1.8,3.6
2023020060,2023-10-19 00:00:00,20232024,CAR,SEA,4,7,11,3,0,A. Raanta,J. Daccord,8477293,8478916,14,32,18,36,54,-5.2,2.4,-2.8
2023020061,2023-10-19 00:00:00,20232024,CHI,COL,0,4,4,4,0,P. Mrazek,A. Georgiev,8475852,8480382,37,18,41,18,59,-0.6,10.6,10.0
2023020062,2023-10-19 00:00:00,20232024,BOS,SJS,3,1,4,2,0,L. Ullmark,K. Kahkonen,8476999,8478039,26,33,27,36,63,7.2,0.6,7.8
2023020063,2023-10-20 00:00:00,20232024,CGY,CBJ,1,3,4,2,0,J. Markstrom,S. Martin,8474593,8477484,26,36,28,37,65,1.2,9.2,10.4
2023020064,2023-10-20 00:00:00,20232024,NJD,NYI,5,4,9,1,1,A. Schmid,I. Sorokin,8481033,8478009,28,34,32,39,71,1.6,-2.2,-0.6
2023020065,2023-10-21 00:00:00,20232024,DET,OTT,5,2,7,3,0,V. Husso,J. Korpisalo,8478024,8476914,35,18,37,23,60,7.0,-6.4,0.6
2023020066,2023-10-21 00:00:00,20232024,ANA,ARI,1,2,3,1,0,L. Dostal,K. Vejmelka,8480843,8478872,25,32,27,33,60,1.0,8.4,9.4
2023020067,2023-10-21 00:00:00,20232024,NYI,BUF,1,3,4,2,0,S. Varlamov,E. Comrie,8473575,8477480,39,24,42,25,67,1.8,6.8,8.6
2023020068,2023-10-21 00:00:00,20232024,VAN,FLA,5,3,8,2,0,C. DeSmith,S. Bobrovsky,8479193,8475683,34,26,36,30,66,4.8,-2.8,2.0
2023020069,2023-10-21 00:00:00,20232024,WSH,MTL,2,3,5,1,1,D. Kuemper,J. Allen,8475311,8474596,25,31,28,33,61,0.0,6.2,6.2
2023020070,2023-10-21 00:00:00,20232024,TOR,TBL,4,3,7,1,1,I. Samsonov,J. Johansson,8478492,8477992,1,48,4,52,56,-5.8,2.6,-3.2
2023020071,2023-10-21 00:00:00,20232024,VGK,CHI,5,3,8,2,0,A. Hill,A. Soderblom,8478499,8482821,21,19,24,24,48,2.2,-6.2,-4.0
2023020072,2023-10-21 00:00:00,20232024,PHI,DAL,4,5,9,1,1,S. Ersson,S. Wedgewood,8481035,8475809,20,36,25,40,65,-5.0,3.2,-1.8
2023020073,2023-10-21 00:00:00,20232024,CBJ,MIN,5,4,9,1,1,E. Merzlikins,F. Gustavsson,8478007,8479406,24,49,28,54,82,0.8,0.8,1.6
2023020074,2023-10-21 00:00:00,20232024,SJS,NSH,1,5,6,4,0,M. Blackwood,J. Saros,8478406,8477424,29,31,34,32,66,-4.2,8.2,4.0
2023020075,2023-10-21 00:00:00,20232024,PIT,STL,2,4,6,2,0,T. Jarry,J. Binnington,8477465,8476412,17,31,21,33,54,-4.6,6.2,1.6
2023020076,2023-10-21 00:00:00,20232024,CAR,COL,4,6,10,2,0,P. Kochetkov,A. Georgiev,8481611,8480382,21,23,27,27,54,-7.8,0.6,-7.2
2023020077,2023-10-21 00:00:00,20232024,WPG,EDM,3,2,5,1,1,C. Hellebuyck,S. Skinner,8476945,8479973,38,24,40,27,67,7.6,-0.2,7.4
2023020078,2023-10-21 00:00:00,20232024,NYR,SEA,4,1,5,3,0,J. Quick,P. Grubauer,8471734,8475831,18,23,19,27,46,5.6,-3.4,2.2
2023020079,2023-10-21 00:00:00,20232024,BOS,LAK,4,2,6,2,0,J. Swayman,C. Talbot,8480280,8475660,32,21,34,25,59,6.4,-3.8,2.6
2023020080,2023-10-22 00:00:00,20232024,CGY,DET,2,6,8,4,0,D. Vladar,J. Reimer,8478435,8473503,24,29,30,31,61,-7.2,5.8,-1.4
2023020081,2023-10-22 00:00:00,20232024,BOS,ANA,3,1,4,2,0,L. Ullmark,J. Gibson,8476999,8476434,30,23,31,25,56,8.0,0.6,8.6
2023020082,2023-10-23 00:00:00,20232024,MTL,BUF,3,1,4,2,0,J. Allen,E. Comrie,8474596,8477480,36,24,37,27,64,9.2,-1.2,8.0
2023020083,2023-10-24 00:00:00,20232024,TOR,WSH,4,1,5,3,0,J. Woll,D. Kuemper,8479361,8475311,37,13,38,17,55,9.4,-5.4,4.0
2023020084,2023-10-24 00:00:00,20232024,ANA,CBJ,3,2,5,1,1,L. Dostal,E. Merzlikins,8480843,8478007,35,24,37,27,64,7.0,-0.2,6.8
2023020085,2023-10-24 00:00:00,20232024,BUF,OTT,6,4,10,2,0,U. Luukkonen,A. Forsberg,8480045,8476341,34,13,38,18,56,2.8,-7.4,-4.6
2023020086,2023-10-24 00:00:00,20232024,CAR,TBL,0,3,3,3,0,P. Kochetkov,J. Johansson,8481611,8477992,20,32,23,32,55,-2.0,13.4,11.4
2023020087,2023-10-24 00:00:00,20232024,NJD,MTL,5,2,7,3,0,V. Vanecek,C. Primeau,8477970,8480051,27,29,29,33,62,5.4,-2.2,3.2
2023020088,2023-10-24 00:00:00,20232024,DAL,PIT,4,1,5,3,0,J. Oettinger,A. Nedeljkovic,8479979,8477968,38,30,39,34,73,9.6,-2.0,7.6
2023020089,2023-10-24 00:00:00,20232024,SJS,FLA,1,3,4,2,0,M. Blackwood,A. Stolarz,8478406,8476932,33,27,35,28,63,2.6,7.4,10.0
2023020090,2023-10-24 00:00:00,20232024,COL,NYI,7,4,11,3,0,A. Georgiev,I. Sorokin,8480382,8478009,28,32,32,37,69,1.6,-3.6,-2.0
2023020091,2023-10-24 00:00:00,20232024,SEA,DET,5,4,9,1,1,J. Daccord,V. Husso,8478916,8478024,23,33,27,38,65,0.6,-2.4,-1.8
2023020092,2023-10-24 00:00:00,20232024,BOS,CHI,3,0,3,3,0,J. Swayman,P. Mrazek,8480280,8475852,23,40,23,43,66,11.6,2.0,13.6
2023020093,2023-10-24 00:00:00,20232024,STL,WPG,2,4,6,2,0,J. Binnington,C. Hellebuyck,8476412,8476945,26,18,29,20,49,-0.8,3.6,2.8
2023020094,2023-10-24 00:00:00,20232024,EDM,MIN,4,7,11,3,0,J. Campbell,F. Gustavsson,8475789,8479406,25,24,31,28,59,-7.0,0.8,-6.2
2023020095,2023-10-24 00:00:00,20232024,VAN,NSH,3,2,5,1,0,T. Demko,J. Saros,8477967,8477424,16,21,18,24,42,3.2,-1.8,1.4
2023020096,2023-10-24 00:00:00,20232024,NYR,CGY,3,1,4,2,0,I. Shesterkin,J. Markstrom,8478048,8474593,25,17,26,20,46,7.0,-2.6,4.4
2023020097,2023-10-24 00:00:00,20232024,ARI,LAK,3,6,9,3,0,C. Ingram,P. Copley,8478971,8477831,6,24,9,27,36,-4.8,2.8,-2.0
2023020098,2023-10-24 00:00:00,20232024,PHI,VGK,2,3,5,1,0,C. Hart,L. Thompson,8479394,8480313,26,26,29,28,57,-0.8,5.2,4.4
2023020099,2023-10-25 00:00:00,20232024,WSH,NJD,6,4,10,2,0,H. Shepard,A. Schmid,8482411,8481033,18,5,22,8,30,-0.4,-5.0,-5.4
2023020100,2023-10-26 00:00:00,20232024,ANA,BOS,4,3,7,1,1,J. Gibson,L. Ullmark,8476434,8476999,27,28,30,32,62,3.4,-1.4,2.0
2023020101,2023-10-26 00:00:00,20232024,SEA,CAR,2,3,5,1,1,J. Daccord,F. Andersen,8478916,8475883,42,24,45,26,71,3.4,4.8,8.2
2023020102,2023-10-26 00:00:00,20232024,WPG,DET,4,1,5,3,0,C. Hellebuyck,J. Reimer,8476945,8473503,35,25,36,28,64,9.0,-1.0,8.0
2023020103,2023-10-26 00:00:00,20232024,CBJ,MTL,3,4,7,1,1,E. Merzlikins,S. Montembeault,8478007,8478470,25,33,29,36,65,-2.0,4.6,2.6
2023020104,2023-10-26 00:00:00,20232024,MIN,PHI,2,6,8,4,0,F. Gustavsson,C. Hart,8479406,8479394,29,26,35,28,63,-6.2,5.2,-1.0
2023020105,2023-10-26 00:00:00,20232024,COL,PIT,0,4,4,4,0,A. Georgiev,T. Jarry,8480382,8477465,20,31,24,31,55,-4.0,13.2,9.2
2023020106,2023-10-26 00:00:00,20232024,SJS,TBL,0,6,6,6,0,M. Blackwood,J. Johansson,8478406,8477992,16,23,21,23,44,-6.8,11.6,4.8
2023020107,2023-10-26 00:00:00,20232024,OTT,NYI,2,3,5,1,0,J. Korpisalo,I. Sorokin,8476914,8478009,35,45,38,47,85,1.0,9.0,10.0
2023020108,2023-10-26 00:00:00,20232024,TOR,DAL,4,1,5,3,0,J. Woll,S. Wedgewood,8479361,8475809,31,20,32,23,55,8.2,-2.0,6.2
2023020109,2023-10-26 00:00:00,20232024,STL,CGY,3,0,3,3,0,J. Hofer,J. Markstrom,8480981,8474593,27,32,27,34,61,12.4,2.4,14.8
2023020110,2023-10-26 00:00:00,20232024,NYR,EDM,3,0,3,3,0,J. Quick,S. Skinner,8471734,8479973,29,29,29,32,61,12.8,-0.2,12.6
2023020111,2023-10-27 00:00:00,20232024,CHI,VGK,4,3,7,1,1,P. Mrazek,A. Hill,8475852,8478499,18,20,21,24,45,1.6,-3.0,-1.4
2023020112,2023-10-27 00:00:00,20232024,SJS,CAR,0,3,3,3,0,K. Kahkonen,A. Raanta,8478039,8477293,37,20,40,20,60,1.4,11.0,12.4
2023020113,2023-10-27 00:00:00,20232024,BUF,NJD,4,5,9,1,0,E. Comrie,V. Vanecek,8477480,8477970,16,23,18,27,45,-0.8,0.6,-0.2
2023020114,2023-10-27 00:00:00,20232024,MIN,WSH,2,3,5,1,1,M. Fleury,D. Kuemper,8470594,8475311,31,39,33,41,74,3.2,7.8,11.0
2023020115,2023-10-27 00:00:00,20232024,LAK,ARI,5,4,9,1,0,P. Copley,K. Vejmelka,8477831,8478872,3,36,6,41,47,-5.4,-2.8,-8.2
2023020116,2023-10-27 00:00:00,20232024,STL,VAN,0,5,5,5,0,J. Binnington,T. Demko,8476412,8477967,30,22,35,22,57,-4.0,11.4,7.4
2023020117,2023-10-28 00:00:00,20232024,ANA,PHI,7,4,11,3,0,L. Dostal,S. Ersson,8480843,8481035,26,18,30,25,55,1.2,-10.4,-9.2
2023020118,2023-10-28 00:00:00,20232024,SEA,FLA,2,3,5,1,0,J. Daccord,S. Bobrovsky,8478916,8475683,34,31,37,33,70,0.8,6.2,7.0
2023020119,2023-10-28 00:00:00,20232024,DET,BOS,1,4,5,3,0,V. Husso,J. Swayman,8478024,8480280,27,23,30,24,54,-0.6,6.6,6.0
2023020120,2023-10-28 00:00:00,20232024,NYI,CBJ,2,0,2,2,0,S. Varlamov,S. Martin,8473575,8477484,34,32,34,34,68,13.8,2.4,16.2
2023020121,2023-10-28 00:00:00,20232024,WPG,MTL,3,4,7,1,1,L. Brossoit,J. Allen,8476316,8474596,26,42,29,45,74,0.2,6.4,6.6
2023020122,2023-10-28 00:00:00,20232024,TOR,NSH,2,3,5,1,1,I. Samsonov,J. Saros,8478492,8477424,21,33,24,35,59,-0.8,6.6,5.8
2023020123,2023-10-28 00:00:00,20232024,OTT,PIT,5,2,7,3,0,J. Korpisalo,T. Jarry,8476914,8477465,41,6,43,9,52,8.2,-4.8,3.4
2023020124,2023-10-28 00:00:00,20232024,NYR,VAN,4,3,7,1,1,I. Shesterkin,C. DeSmith,8478048,8479193,30,20,33,24,57,4.0,-3.0,1.0
2023020125,2023-10-28 00:00:00,20232024,VGK,LAK,4,3,7,1,1,L. Thompson,C. Talbot,8480313,8475660,37,27,40,30,70,5.4,0.4,5.8
2023020126,2023-10-29 00:00:00,20232024,COL,BUF,0,4,4,4,0,A. Georgiev,U. Luukkonen,8480382,8480045,25,23,28,23,51,-1.0,11.6,10.6
2023020127,2023-10-29 00:00:00,20232024,MIN,NJD,3,4,7,1,0,M. Fleury,V. Vanecek,8470594,8477970,26,31,30,34,64,-2.8,4.2,1.4
2023020128,2023-10-29 00:00:00,20232024,SJS,WSH,1,3,4,2,0,M. Blackwood,D. Kuemper,8478406,8475311,39,30,41,31,72,3.8,8.0,11.8
2023020129,2023-10-29 00:00:00,20232024,CGY,EDM,2,5,7,3,0,J. Markstrom,S. Skinner,8474593,8479973,28,24,32,26,58,-2.4,4.8,2.4
2023020130,2023-10-30 00:00:00,20232024,FLA,BOS,2,3,5,1,1,S. Bobrovsky,L. Ullmark,8475683,8476999,23,35,26,37,63,-0.4,7.0,6.6
2023020131,2023-10-30 00:00:00,20232024,CAR,PHI,3,2,5,1,0,F. Andersen,C. Hart,8475883,8479394,26,29,28,32,60,5.2,-0.2,5.0
2023020132,2023-10-30 00:00:00,20232024,ANA,PIT,4,3,7,1,0,J. Gibson,T. Jarry,8476434,8477465,6,23,7,27,34,-0.8,-3.4,-4.2
2023020133,2023-10-30 00:00:00,20232024,SEA,TBL,4,3,7,1,1,P. Grubauer,J. Johansson,8475831,8477992,34,39,37,43,80,4.8,0.8,5.6
2023020134,2023-10-30 00:00:00,20232024,DET,NYI,4,3,7,1,1,V. Husso,I. Sorokin,8478024,8478009,37,32,40,36,76,5.4,-0.6,4.8
2023020135,2023-10-30 00:00:00,20232024,NYR,WPG,3,2,5,1,1,I. Shesterkin,C. Hellebuyck,8478048,8476945,27,23,29,26,55,5.4,-0.4,5.0
2023020136,2023-10-30 00:00:00,20232024,CBJ,DAL,3,5,8,2,0,E. Merzlikins,J. Oettinger,8478007,8479979,28,22,32,25,57,-2.4,2.4,0.0
2023020137,2023-10-30 00:00:00,20232024,CHI,ARI,1,8,9,7,0,A. Soderblom,C. Ingram,8482821,8478971,15,29,22,30,52,-11.0,7.8,-3.2
2023020138,2023-10-30 00:00:00,20232024,MTL,VGK,2,3,5,1,1,S. Montembeault,A. Hill,8478470,8478499,23,37,25,39,64,1.6,7.4,9.0
2023020139,2023-10-31 00:00:00,20232024,LAK,TOR,4,1,5,3,0,C. Talbot,J. Woll,8475660,8479361,29,23,30,27,57,7.8,-3.4,4.4
2023020140,2023-10-31 00:00:00,20232024,NSH,VAN,2,5,7,3,0,K. Lankinen,T. Demko,8480947,8477967,22,27,26,29,55,-3.6,5.4,1.8
2023020141,2023-11-01 00:00:00,20232024,BUF,PHI,5,2,7,3,0,U. Luukkonen,C. Hart,8480045,8479394,38,3,40,5,45,7.6,-3.4,4.2
2023020142,2023-11-01 00:00:00,20232024,DAL,CGY,4,3,7,1,0,J. Oettinger,J. Markstrom,8479979,8474593,44,26,47,30,77,6.8,-2.8,4.0
2023020143,2023-11-01 00:00:00,20232024,STL,COL,1,4,5,3,0,J. Binnington,I. Prosvetov,8476412,8481031,24,27,28,28,56,-3.2,7.4,4.2
2023020144,2023-11-01 00:00:00,20232024,ARI,ANA,3,4,7,1,1,K. Vejmelka,L. Dostal,8478872,8480843,25,32,29,35,64,-2.0,4.4,2.4
2023020145,2023-11-02 00:00:00,20232024,TOR,BOS,2,3,5,1,1,I. Samsonov,J. Swayman,8478492,8480280,38,33,40,35,75,4.6,6.6,11.2
2023020146,2023-11-02 00:00:00,20232024,TBL,CBJ,2,4,6,2,0,M. Tomkins,E. Merzlikins,8477035,8478007,24,27,27,29,56,-1.2,5.4,4.2
2023020147,2023-11-02 00:00:00,20232024,FLA,DET,2,0,2,2,0,S. Bobrovsky,J. Reimer,8475683,8473503,22,25,22,26,48,11.4,3.0,14.4
2023020148,2023-11-02 00:00:00,20232024,CAR,NYR,1,2,3,1,0,F. Andersen,I. Shesterkin,8475883,8478048,24,26,26,27,53,0.8,7.2,8.0
2023020149,2023-11-02 00:00:00,20232024,LAK,OTT,3,2,5,1,0,C. Talbot,J. Korpisalo,8475660,8476914,24,35,26,38,64,4.8,1.0,5.8
2023020150,2023-11-02 00:00:00,20232024,NYI,WSH,3,0,3,3,0,S. Varlamov,D. Kuemper,8473575,8475311,32,18,32,21,53,13.4,-2.4,11.0
2023020151,2023-11-02 00:00:00,20232024,NJD,MIN,5,3,8,2,0,V. Vanecek,F. Gustavsson,8477970,8479406,22,33,25,38,63,2.4,-3.4,-1.0
2023020152,2023-11-02 00:00:00,20232024,DAL,EDM,4,3,7,1,0,S. Wedgewood,S. Skinner,8475809,8479973,46,23,49,27,76,7.2,-3.4,3.8
2023020153,2023-11-02 00:00:00,20232024,MTL,ARI,2,3,5,1,0,J. Allen,C. Ingram,8474596,8478971,32,28,35,30,65,0.4,5.6,6.0
2023020154,2023-11-02 00:00:00,20232024,NSH,SEA,2,4,6,2,0,J. Saros,P. Grubauer,8477424,8475831,27,32,31,34,65,-2.6,6.4,3.8
2023020155,2023-11-02 00:00:00,20232024,WPG,VGK,2,5,7,3,0,C. Hellebuyck,L. Thompson,8476945,8480313,21,29,25,31,56,-3.8,5.8,2.0
2023020156,2023-11-02 00:00:00,20232024,VAN,SJS,10,1,11,9,0,T. Demko,K. Kahkonen,8477967,8478039,30,13,31,19,50,8.0,-9.4,-1.4
2023020157,2023-11-03 00:00:00,20232024,PHI,BUF,5,1,6,4,0,S. Ersson,U. Luukkonen,8481035,8480045,21,14,22,19,41,6.2,-7.2,-1.0
2023020158,2023-11-03 00:00:00,20232024,NJD,STL,1,4,5,3,0,A. Schmid,J. Binnington,8481033,8476412,31,33,33,34,67,2.2,8.6,10.8
2023020159,2023-11-04 00:00:00,20232024,NSH,EDM,5,2,7,3,0,K. Lankinen,J. Campbell,8480947,8475789,33,29,35,34,69,6.6,-4.2,2.4
2023020160,2023-11-04 00:00:00,20232024,WPG,ARI,5,3,8,2,0,C. Hellebuyck,K. Vejmelka,8476945,8478872,22,22,25,27,52,2.4,-5.6,-3.2
2023020161,2023-11-04 00:00:00,20232024,BOS,DET,4,5,9,1,0,L. Ullmark,V. Husso,8476999,8478024,35,26,40,30,70,-3.0,1.2,-1.8
2023020162,2023-11-04 00:00:00,20232024,TBL,OTT,6,4,10,2,0,J. Johansson,J. Korpisalo,8477992,8476914,24,18,28,21,49,0.8,-2.4,-1.6
2023020163,2023-11-04 00:00:00,20232024,LAK,PHI,5,0,5,5,0,C. Talbot,C. Petersen,8475660,8477361,24,25,24,30,54,11.8,-5.0,6.8
2023020164,2023-11-04 00:00:00,20232024,MTL,STL,3,6,9,3,0,S. Montembeault,J. Hofer,8478470,8480981,29,30,34,33,67,-4.2,4.0,-0.2
2023020165,2023-11-04 00:00:00,20232024,BUF,TOR,6,4,10,2,0,D. Levi,J. Woll,8482221,8479361,24,35,28,40,68,0.8,-3.0,-2.2
2023020166,2023-11-04 00:00:00,20232024,CBJ,WSH,1,2,3,1,0,E. Merzlikins,C. Lindgren,8478007,8479292,25,34,27,35,62,1.0,8.8,9.8
2023020167,2023-11-04 00:00:00,20232024,CAR,NYI,4,3,7,1,1,A. Raanta,I. Sorokin,8477293,8478009,22,42,25,46,71,2.4,1.4,3.8
2023020168,2023-11-04 00:00:00,20232024,FLA,CHI,2,5,7,3,0,A. Stolarz,P. Mrazek,8476932,8475852,20,38,24,40,64,-4.0,7.6,3.6
2023020169,2023-11-04 00:00:00,20232024,NYR,MIN,4,5,9,1,1,J. Quick,F. Gustavsson,8471734,8479406,35,1,39,4,43,0.0,-5.8,-5.8
2023020170,2023-11-04 00:00:00,20232024,CGY,SEA,6,3,9,3,0,D. Vladar,P. Grubauer,8478435,8475831,17,25,20,29,49,1.4,-3.0,-1.6
2023020171,2023-11-04 00:00:00,20232024,PIT,SJS,10,2,12,8,0,T. Jarry,M. Blackwood,8477465,8478406,24,12,26,18,44,4.8,-9.6,-4.8
2023020172,2023-11-04 00:00:00,20232024,DAL,VAN,0,2,2,2,0,J. Oettinger,T. Demko,8479979,8477967,26,27,28,27,55,1.2,12.4,13.6
2023020173,2023-11-04 00:00:00,20232024,COL,VGK,0,7,7,7,0,A. Georgiev,A. Hill,8480382,8478499,27,41,34,41,75,-8.6,15.2,6.6
2023020174,2023-11-05 00:00:00,20232024,NJD,CHI,4,2,6,2,0,V. Vanecek,A. Soderblom,8477970,8482821,32,37,34,40,74,6.4,1.4,7.8
2023020175,2023-11-05 00:00:00,20232024,VGK,ANA,2,4,6,2,0,L. Thompson,J. Gibson,8480313,8476434,19,30,22,32,54,-2.2,6.0,3.8
2023020176,2023-11-06 00:00:00,20232024,CBJ,FLA,4,5,9,1,1,E. Merzlikins,S. Bobrovsky,8478007,8475683,7,19,10,23,33,-4.6,-0.2,-4.8
2023020177,2023-11-06 00:00:00,20232024,TBL,TOR,5,6,11,1,1,J. Johansson,I. Samsonov,8477992,8478492,28,8,34,12,46,-5.4,-6.4,-11.8
2023020178,2023-11-06 00:00:00,20232024,BOS,DAL,3,2,5,1,0,J. Swayman,J. Oettinger,8480280,8479979,35,26,37,29,66,7.0,-0.8,6.2
2023020179,2023-11-06 00:00:00,20232024,EDM,VAN,2,6,8,4,0,S. Skinner,T. Demko,8479973,8477967,30,41,36,43,79,-6.0,8.2,2.2
2023020180,2023-11-07 00:00:00,20232024,BUF,CAR,2,3,5,1,1,U. Luukkonen,A. Raanta,8480045,8477293,24,19,27,21,48,-0.2,3.8,3.6
2023020181,2023-11-07 00:00:00,20232024,TBL,MTL,5,3,8,2,0,M. Tomkins,J. Allen,8477035,8474596,23,5,26,9,35,2.6,-7.0,-4.4
2023020182,2023-11-07 00:00:00,20232024,MIN,NYI,4,2,6,2,0,M. Fleury,S. Varlamov,8470594,8473575,27,27,29,31,60,5.4,-2.6,2.8
2023020183,2023-11-07 00:00:00,20232024,DET,NYR,3,5,8,2,0,V. Husso,J. Quick,8478024,8471734,27,25,32,28,60,-4.6,3.0,-1.6
2023020184,2023-11-07 00:00:00,20232024,WPG,STL,5,2,7,3,0,C. Hellebuyck,J. Binnington,8476945,8476412,20,32,22,36,58,4.0,-1.6,2.4
2023020185,2023-11-07 00:00:00,20232024,SEA,ARI,3,4,7,1,1,J. Daccord,C. Ingram,8478916,8478971,24,35,27,38,65,-0.2,5.0,4.8
2023020186,2023-11-07 00:00:00,20232024,NSH,CGY,2,4,6,2,0,J. Saros,J. Markstrom,8477424,8474593,35,16,38,18,56,1.0,3.2,4.2
2023020187,2023-11-07 00:00:00,20232024,PIT,ANA,2,0,2,2,0,T. Jarry,J. Gibson,8477465,8476434,20,34,20,35,55,11.0,4.8,15.8
2023020188,2023-11-07 00:00:00,20232024,NJD,COL,3,6,9,3,0,V. Vanecek,A. Georgiev,8477970,8480382,26,20,31,23,54,-4.8,2.0,-2.8
2023020189,2023-11-07 00:00:00,20232024,PHI,SJS,1,2,3,1,0,S. Ersson,M. Blackwood,8481035,8478406,17,38,19,39,58,-0.6,9.6,9.0
2023020190,2023-11-08 00:00:00,20232024,OTT,TOR,6,3,9,3,0,J. Korpisalo,J. Woll,8476914,8479361,27,25,30,31,61,3.4,-7.0,-3.6
2023020191,2023-11-08 00:00:00,20232024,FLA,WSH,4,3,7,1,1,S. Bobrovsky,D. Kuemper,8475683,8475311,25,21,28,25,53,3.0,-2.8,0.2
2023020192,2023-11-08 00:00:00,20232024,LAK,VGK,4,1,5,3,0,C. Talbot,A. Hill,8475660,8478499,37,29,38,32,70,9.4,-0.2,9.2
2023020193,2023-11-09 00:00:00,20232024,NYI,BOS,2,5,7,3,0,I. Sorokin,L. Ullmark,8478009,8476999,30,27,34,29,63,-2.0,5.4,3.4
2023020194,2023-11-09 00:00:00,20232024,DAL,CBJ,5,2,7,3,0,J. Oettinger,S. Martin,8479979,8477484,27,26,29,30,59,5.4,-2.8,2.6
2023020195,2023-11-09 00:00:00,20232024,MTL,DET,3,2,5,1,1,C. Primeau,J. Reimer,8480051,8473503,27,24,29,27,56,5.4,-0.2,5.2
2023020196,2023-11-09 00:00:00,20232024,MIN,NYR,1,4,5,3,0,M. Fleury,L. Domingue,8470594,8475839,24,25,27,26,53,-1.2,7.0,5.8
2023020197,2023-11-09 00:00:00,20232024,VAN,OTT,5,2,7,3,0,C. DeSmith,A. Forsberg,8479193,8476341,28,11,30,16,46,5.6,-7.8,-2.2
2023020198,2023-11-09 00:00:00,20232024,CHI,TBL,5,3,8,2,0,P. Mrazek,J. Johansson,8475852,8477992,30,24,33,29,62,4.0,-5.2,-1.2
2023020199,2023-11-09 00:00:00,20232024,ARI,STL,1,2,3,1,0,K. Vejmelka,J. Hofer,8478872,8480981,31,19,33,20,53,2.2,5.8,8.0
2023020200,2023-11-09 00:00:00,20232024,NSH,WPG,3,6,9,3,0,J. Saros,L. Brossoit,8477424,8476316,31,20,36,23,59,-3.8,2.0,-1.8
2023020201,2023-11-09 00:00:00,20232024,SEA,COL,4,3,7,1,0,P. Grubauer,I. Prosvetov,8475831,8481031,23,18,26,22,48,2.6,-4.4,-1.8
2023020202,2023-11-09 00:00:00,20232024,PIT,LAK,4,3,7,1,1,M. Hellberg,P. Copley,8476433,8477831,33,16,36,20,56,4.6,-3.8,0.8
2023020203,2023-11-09 00:00:00,20232024,EDM,SJS,2,3,5,1,0,S. Skinner,M. Blackwood,8479973,8478406,15,39,18,41,59,-3.0,7.8,4.8
2023020204,2023-11-10 00:00:00,20232024,MIN,BUF,2,3,5,1,0,F. Gustavsson,D. Levi,8479406,8482221,22,33,25,35,60,-1.6,6.6,5.0
2023020205,2023-11-10 00:00:00,20232024,CAR,FLA,2,5,7,3,0,A. Raanta,S. Bobrovsky,8477293,8475683,30,28,34,30,64,-2.0,5.6,3.6
2023020206,2023-11-10 00:00:00,20232024,WSH,NJD,4,2,6,2,0,C. Lindgren,V. Vanecek,8479292,8477970,24,3,26,5,31,4.8,-3.4,1.4
2023020207,2023-11-10 00:00:00,20232024,CGY,TOR,4,5,9,1,1,D. Vladar,J. Woll,8478435,8479361,32,24,36,28,64,-0.6,0.8,0.2
2023020208,2023-11-10 00:00:00,20232024,PHI,ANA,6,3,9,3,0,S. Ersson,L. Dostal,8481035,8480843,35,30,38,35,73,5.0,-4.0,1.0
2023020209,2023-11-10 00:00:00,20232024,SJS,VGK,0,5,5,5,0,K. Kahkonen,A. Hill,8478039,8478499,34,20,39,20,59,-3.2,11.0,7.8
2023020210,2023-11-11 00:00:00,20232024,CBJ,DET,4,5,9,1,0,S. Martin,V. Husso,8477484,8478024,23,18,28,22,50,-5.4,-0.4,-5.8
2023020211,2023-11-11 00:00:00,20232024,DAL,WPG,3,2,5,1,0,S. Wedgewood,C. Hellebuyck,8475809,8476945,31,26,33,29,62,6.2,-0.8,5.4
2023020212,2023-11-11 00:00:00,20232024,BOS,MTL,2,3,5,1,1,J. Swayman,S. Montembeault,8480280,8478470,24,26,27,28,55,-0.2,5.2,5.0
2023020213,2023-11-11 00:00:00,20232024,CGY,OTT,1,4,5,3,0,D. Wolf,J. Korpisalo,8481692,8476914,34,24,38,25,63,-1.2,6.8,5.6
2023020214,2023-11-11 00:00:00,20232024,CAR,TBL,4,0,4,4,0,P. Kochetkov,J. Johansson,8481611,8477992,22,28,22,32,54,11.4,-2.4,9.0
2023020215,2023-11-11 00:00:00,20232024,VAN,TOR,2,5,7,3,0,T. Demko,I. Samsonov,8477967,8478492,17,31,22,33,55,-6.6,6.2,-0.4
2023020216,2023-11-11 00:00:00,20232024,WSH,NYI,4,1,5,3,0,H. Shepard,S. Varlamov,8482411,8473575,36,24,37,27,64,9.2,-1.2,8.0
2023020217,2023-11-11 00:00:00,20232024,BUF,PIT,0,4,4,4,0,U. Luukkonen,T. Jarry,8480045,8477465,35,35,38,35,73,1.0,14.0,15.0
2023020218,2023-11-11 00:00:00,20232024,ARI,NSH,7,5,12,2,0,C. Ingram,J. Saros,8478971,8477424,37,18,42,24,66,1.4,-8.4,-7.0
2023020219,2023-11-11 00:00:00,20232024,STL,COL,8,2,10,6,0,J. Binnington,A. Georgiev,8476412,8480382,36,22,38,28,66,7.2,-7.6,-0.4
2023020220,2023-11-11 00:00:00,20232024,EDM,SEA,4,1,5,3,0,S. Skinner,P. Grubauer,8479973,8475831,17,13,18,17,35,5.4,-5.4,0.0
2023020221,2023-11-11 00:00:00,20232024,PHI,LAK,4,2,6,2,0,C. Petersen,C. Talbot,8477361,8475660,35,22,37,26,63,7.0,-3.6,3.4
2023020222,2023-11-12 00:00:00,20232024,CHI,FLA,3,4,7,1,0,A. Soderblom,S. Bobrovsky,8482821,8475683,27,23,31,26,57,-2.6,2.6,0.0
2023020223,2023-11-12 00:00:00,20232024,DAL,MIN,8,3,11,5,0,J. Oettinger,M. Fleury,8479979,8470594,23,29,26,37,63,2.6,-10.2,-7.6
2023020224,2023-11-12 00:00:00,20232024,VAN,MTL,5,2,7,3,0,C. DeSmith,J. Allen,8479193,8474596,30,32,32,35,67,6.0,0.4,6.4
2023020225,2023-11-12 00:00:00,20232024,CBJ,NYR,3,4,7,1,1,E. Merzlikins,J. Quick,8478007,8471734,37,25,40,28,68,2.4,3.0,5.4
2023020226,2023-11-12 00:00:00,20232024,SJS,ANA,1,4,5,3,0,M. Blackwood,J. Gibson,8478406,8476434,40,25,44,26,70,0.0,7.0,7.0
2023020227,2023-11-13 00:00:00,20232024,NYI,EDM,1,4,5,3,0,I. Sorokin,S. Skinner,8478009,8479973,28,32,31,33,64,-0.4,8.4,8.0
2023020228,2023-11-13 00:00:00,20232024,COL,SEA,5,1,6,4,0,A. Georgiev,J. Daccord,8480382,8478916,18,26,19,31,50,5.6,-4.8,0.8
2023020229,2023-11-14 00:00:00,20232024,BOS,BUF,5,2,7,3,0,L. Ullmark,D. Levi,8476999,8482221,32,13,34,18,52,6.4,-7.4,-1.0
2023020230,2023-11-14 00:00:00,20232024,PIT,CBJ,5,3,8,2,0,T. Jarry,E. Merzlikins,8477465,8478007,27,36,30,40,70,3.4,-0.8,2.6
2023020231,2023-11-14 00:00:00,20232024,CGY,MTL,2,1,3,1,0,J. Markstrom,S. Montembeault,8474593,8478470,34,27,35,29,64,8.8,1.4,10.2
2023020232,2023-11-14 00:00:00,20232024,VGK,WSH,0,3,3,3,0,L. Thompson,C. Lindgren,8480313,8479292,28,35,30,35,65,1.6,14.0,15.6
2023020233,2023-11-14 00:00:00,20232024,ARI,DAL,3,4,7,1,1,K. Vejmelka,J. Oettinger,8478872,8479979,32,23,36,26,62,-0.6,2.6,2.0
2023020234,2023-11-14 00:00:00,20232024,ANA,NSH,3,2,5,1,0,J. Gibson,J. Saros,8476434,8477424,28,17,30,20,50,5.6,-2.6,3.0
2023020235,2023-11-14 00:00:00,20232024,TBL,STL,0,5,5,5,0,J. Johansson,J. Binnington,8477992,8476412,24,30,28,30,58,-3.2,13.0,9.8
2023020236,2023-11-14 00:00:00,20232024,NJD,WPG,3,6,9,3,0,A. Schmid,C. Hellebuyck,8481033,8476945,25,31,30,34,64,-5.0,4.2,-0.8
2023020237,2023-11-14 00:00:00,20232024,FLA,SJS,5,3,8,2,0,A. Stolarz,M. Blackwood,8476932,8478406,19,26,22,30,52,1.8,-2.8,-1.0
2023020238,2023-11-15 00:00:00,20232024,PHI,CAR,3,1,4,2,0,C. Hart,P. Kochetkov,8479394,8481611,31,21,32,24,56,8.2,-1.8,6.4
2023020239,2023-11-15 00:00:00,20232024,SEA,EDM,3,4,7,1,1,J. Daccord,S. Skinner,8478916,8479973,27,32,31,35,66,-1.6,4.4,2.8
2023020240,2023-11-15 00:00:00,20232024,ANA,COL,2,8,10,6,0,L. Dostal,A. Georgiev,8480843,8480382,30,15,38,17,55,-10.0,3.0,-7.0
2023020241,2023-11-15 00:00:00,20232024,NYI,VAN,3,4,7,1,1,I. Sorokin,T. Demko,8478009,8477967,39,30,43,33,76,0.8,4.0,4.8
2023020242,2023-11-16 00:00:00,20232024,DET,OTT,4,5,9,1,1,J. Reimer,J. Korpisalo,8473503,8476914,29,37,34,41,75,-3.2,3.4,0.2
2023020243,2023-11-16 00:00:00,20232024,ARI,CBJ,3,2,5,1,0,C. Ingram,E. Merzlikins,8478971,8478007,39,29,41,32,73,7.8,-0.2,7.6
2023020244,2023-11-16 00:00:00,20232024,VGK,MTL,6,5,11,1,0,A. Hill,C. Primeau,8478499,8480051,23,36,28,42,70,-1.4,-4.8,-6.2
2023020245,2023-11-16 00:00:00,20232024,NJD,PIT,5,2,7,3,0,V. Vanecek,T. Jarry,8477970,8477465,21,26,23,31,54,4.2,-4.8,-0.6
2023020246,2023-11-16 00:00:00,20232024,TBL,CHI,4,2,6,2,0,J. Johansson,P. Mrazek,8477992,8475852,12,28,14,31,45,2.4,-0.4,2.0
2023020247,2023-11-16 00:00:00,20232024,VAN,CGY,2,5,7,3,0,C. DeSmith,J. Markstrom,8479193,8474593,34,20,38,22,60,-1.2,4.0,2.8
2023020248,2023-11-16 00:00:00,20232024,NYI,SEA,3,4,7,1,1,S. Varlamov,P. Grubauer,8473575,8475831,29,20,32,23,55,0.8,2.0,2.8
2023020249,2023-11-16 00:00:00,20232024,FLA,LAK,1,2,3,1,0,S. Bobrovsky,C. Talbot,8475683,8475660,25,30,27,31,58,1.0,8.0,9.0
2023020250,2023-11-16 00:00:00,20232024,STL,SJS,1,5,6,4,0,J. Hofer,K. Kahkonen,8480981,8478039,17,44,21,45,66,-4.6,10.8,6.2
2023020251,2023-11-17 00:00:00,20232024,TOR,DET,3,2,5,1,0,I. Samsonov,A. Lyon,8478492,8479312,27,26,29,29,58,5.4,-0.8,4.6
2023020252,2023-11-17 00:00:00,20232024,BUF,WPG,2,3,5,1,0,E. Comrie,C. Hellebuyck,8477480,8476945,15,26,18,28,46,-3.0,5.2,2.2
2023020253,2023-11-17 00:00:00,20232024,FLA,ANA,2,1,3,1,0,A. Stolarz,J. Gibson,8476932,8476434,34,33,35,35,70,8.8,2.6,11.4
2023020254,2023-11-18 00:00:00,20232024,MIN,OTT,1,2,3,1,1,F. Gustavsson,A. Forsberg,8479406,8476341,30,24,31,25,56,5.0,6.8,11.8
2023020255,2023-11-18 00:00:00,20232024,VGK,PHI,3,4,7,1,1,L. Thompson,C. Hart,8480313,8479394,34,28,38,31,69,-0.2,3.6,3.4
2023020256,2023-11-18 00:00:00,20232024,CHI,NSH,2,4,6,2,0,A. Soderblom,K. Lankinen,8482821,8480947,27,29,30,31,61,-0.6,5.8,5.2
2023020257,2023-11-18 00:00:00,20232024,EDM,TBL,4,6,10,2,0,S. Skinner,J. Johansson,8479973,8477992,18,38,23,42,65,-6.4,3.6,-2.8
2023020258,2023-11-18 00:00:00,20232024,MTL,BOS,2,5,7,3,0,J. Allen,J. Swayman,8474596,8480280,39,20,44,22,66,-2.2,4.0,1.8
2023020259,2023-11-18 00:00:00,20232024,PIT,CAR,2,4,6,2,0,T. Jarry,A. Raanta,8477465,8477293,30,26,33,28,61,0.0,5.2,5.2
2023020260,2023-11-18 00:00:00,20232024,NYI,CGY,5,4,9,1,1,I. Sorokin,J. Markstrom,8478009,8474593,35,29,39,33,72,3.0,-1.2,1.8
2023020261,2023-11-18 00:00:00,20232024,NYR,NJD,5,3,8,2,0,I. Shesterkin,V. Vanecek,8478048,8477970,30,30,33,34,67,4.0,-2.0,2.0
2023020262,2023-11-18 00:00:00,20232024,ARI,WPG,2,5,7,3,0,K. Vejmelka,L. Brossoit,8478872,8476316,21,16,25,18,43,-3.8,3.2,-0.6
2023020263,2023-11-18 00:00:00,20232024,CBJ,WSH,3,4,7,1,0,E. Merzlikins,C. Lindgren,8478007,8479292,22,33,26,36,62,-3.6,4.6,1.0
2023020264,2023-11-18 00:00:00,20232024,COL,DAL,6,3,9,3,0,A. Georgiev,J. Oettinger,8480382,8479979,25,32,28,37,65,3.0,-3.6,-0.6
2023020265,2023-11-18 00:00:00,20232024,SEA,VAN,4,3,7,1,0,P. Grubauer,T. Demko,8475831,8477967,21,22,24,26,50,2.2,-3.6,-1.4
2023020266,2023-11-18 00:00:00,20232024,STL,LAK,1,5,6,4,0,J. Binnington,C. Talbot,8476412,8475660,26,29,31,30,61,-4.8,7.8,3.0
2023020267,2023-11-19 00:00:00,20232024,TOR,MIN,4,3,7,1,1,J. Woll,M. Fleury,8479361,8470594,33,21,36,25,61,4.6,-2.8,1.8
2023020268,2023-11-19 00:00:00,20232024,CBJ,PHI,2,5,7,3,0,S. Martin,S. Ersson,8477484,8481035,22,20,26,22,48,-3.6,4.0,0.4
2023020269,2023-11-19 00:00:00,20232024,VGK,PIT,0,3,3,3,0,A. Hill,A. Nedeljkovic,8478499,8477968,29,38,31,38,69,1.8,14.6,16.4
2023020270,2023-11-19 00:00:00,20232024,BUF,CHI,3,2,5,1,0,U. Luukkonen,P. Mrazek,8480045,8475852,24,17,26,20,46,4.8,-2.6,2.2
2023020271,2023-11-19 00:00:00,20232024,STL,ANA,3,1,4,2,0,J. Hofer,J. Gibson,8480981,8476434,30,29,31,32,63,8.0,-0.2,7.8
2023020272,2023-11-20 00:00:00,20232024,EDM,FLA,3,5,8,2,0,C. Pickard,S. Bobrovsky,8475717,8475683,28,26,32,29,61,-2.4,3.2,0.8
2023020273,2023-11-20 00:00:00,20232024,BOS,TBL,4,5,9,1,1,J. Swayman,J. Johansson,8480280,8477992,42,23,47,27,74,-0.6,0.6,0.0
2023020274,2023-11-20 00:00:00,20232024,NYR,DAL,3,6,9,3,0,I. Shesterkin,S. Wedgewood,8478048,8475809,30,30,34,33,67,-2.0,4.0,2.0
2023020275,2023-11-20 00:00:00,20232024,COL,NSH,3,4,7,1,0,A. Georgiev,J. Saros,8480382,8477424,26,26,30,29,59,-2.8,3.2,0.4
2023020276,2023-11-20 00:00:00,20232024,LAK,ARI,4,1,5,3,0,P. Copley,C. Ingram,8477831,8478971,30,21,31,25,56,8.0,-3.8,4.2
2023020277,2023-11-20 00:00:00,20232024,CGY,SEA,4,3,7,1,1,D. Vladar,P. Grubauer,8478435,8475831,28,5,31,7,38,3.6,-3.0,0.6
2023020278,2023-11-20 00:00:00,20232024,SJS,VAN,1,3,4,2,0,M. Blackwood,T. Demko,8478406,8477967,34,27,37,28,65,0.8,7.4,8.2
2023020279,2023-11-22 00:00:00,20232024,EDM,CAR,3,6,9,3,0,S. Skinner,A. Raanta,8479973,8477293,8,7,12,8,20,-6.4,3.4,-3.0
2023020280,2023-11-22 00:00:00,20232024,CHI,CBJ,3,7,10,4,0,P. Mrazek,E. Merzlikins,8475852,8478007,13,33,18,36,54,-7.4,4.6,-2.8
2023020281,2023-11-22 00:00:00,20232024,NJD,DET,0,4,4,4,0,V. Vanecek,A. Lyon,8477970,8479312,24,16,28,16,44,-3.2,10.2,7.0
2023020282,2023-11-22 00:00:00,20232024,BOS,FLA,3,1,4,2,0,L. Ullmark,S. Bobrovsky,8476999,8475683,27,22,28,25,53,7.4,-1.6,5.8
2023020283,2023-11-22 00:00:00,20232024,NYR,PIT,1,0,1,1,0,J. Quick,T. Jarry,8471734,8477465,32,35,32,36,68,13.4,5.0,18.4
2023020284,2023-11-22 00:00:00,20232024,WPG,TBL,3,2,5,1,1,C. Hellebuyck,J. Johansson,8476945,8477992,31,29,33,32,65,6.2,0.8,7.0
2023020285,2023-11-22 00:00:00,20232024,BUF,WSH,3,4,7,1,1,D. Levi,D. Kuemper,8482221,8475311,26,24,30,27,57,-1.8,2.8,1.0
2023020286,2023-11-22 00:00:00,20232024,PHI,NYI,2,3,5,1,0,C. Hart,I. Sorokin,8479394,8478009,22,34,25,36,61,-1.6,6.8,5.2
2023020287,2023-11-22 00:00:00,20232024,STL,ARI,6,5,11,1,0,J. Binnington,K. Vejmelka,8476412,8478872,8,7,13,11,24,-8.4,-6.6,-15.0
2023020288,2023-11-22 00:00:00,20232024,CGY,NSH,2,4,6,2,0,J. Markstrom,J. Saros,8474593,8477424,41,24,45,26,71,0.2,4.8,5.0
2023020289,2023-11-22 00:00:00,20232024,VGK,DAL,2,1,3,1,1,A. Hill,J. Oettinger,8478499,8479979,31,24,32,26,58,8.2,1.8,10.0
2023020290,2023-11-22 00:00:00,20232024,MTL,ANA,4,3,7,1,0,S. Montembeault,J. Gibson,8478470,8476434,30,24,33,28,61,4.0,-3.2,0.8
2023020291,2023-11-22 00:00:00,20232024,VAN,COL,2,5,7,3,0,T. Demko,A. Georgiev,8477967,8480382,20,27,24,29,53,-4.0,5.4,1.4
2023020292,2023-11-22 00:00:00,20232024,SJS,SEA,1,7,8,6,0,K. Kahkonen,J. Daccord,8478039,8478916,13,13,17,14,31,-5.4,4.6,-0.8
2023020293,2023-11-24 00:00:00,20232024,DET,BOS,5,2,7,3,0,V. Husso,J. Swayman,8478024,8480280,25,23,27,27,54,5.0,-3.4,1.6
2023020294,2023-11-24 00:00:00,20232024,NYR,PHI,3,1,4,2,0,I. Shesterkin,C. Hart,8478048,8479394,36,16,37,19,56,9.2,-2.8,6.4
2023020295,2023-11-24 00:00:00,20232024,TOR,CHI,3,4,7,1,1,I. Samsonov,A. Soderblom,8478492,8482821,30,34,34,37,71,-1.0,4.8,3.8
2023020296,2023-11-24 00:00:00,20232024,CBJ,NJD,2,1,3,1,0,E. Merzlikins,A. Schmid,8478007,8481033,37,26,38,28,66,9.4,1.2,10.6
2023020297,2023-11-24 00:00:00,20232024,NSH,STL,8,3,11,5,0,K. Lankinen,J. Hofer,8480947,8480981,36,11,39,15,54,5.2,-5.8,-0.6
2023020298,2023-11-24 00:00:00,20232024,EDM,WSH,5,0,5,5,0,S. Skinner,C. Lindgren,8479973,8479292,25,30,25,35,60,12.0,-4.0,8.0
2023020299,2023-11-24 00:00:00,20232024,LAK,ANA,5,2,7,3,0,C. Talbot,J. Gibson,8475660,8476434,29,26,31,31,62,5.8,-4.8,1.0
2023020300,2023-11-24 00:00:00,20232024,MTL,SJS,3,2,5,1,1,C. Primeau,M. Blackwood,8480051,8478406,31,22,33,24,57,6.2,1.4,7.6
2023020301,2023-11-24 00:00:00,20232024,PIT,BUF,2,3,5,1,0,A. Nedeljkovic,U. Luukkonen,8477968,8480045,31,31,34,33,67,0.2,6.2,6.4
2023020302,2023-11-24 00:00:00,20232024,NYI,OTT,5,3,8,2,0,S. Varlamov,A. Forsberg,8473575,8476341,28,21,31,26,57,3.6,-5.8,-2.2
2023020303,2023-11-24 00:00:00,20232024,TBL,CAR,8,2,10,6,0,A. Vasilevskiy,A. Raanta,8476883,8477293,22,6,24,14,38,4.4,-14.8,-10.4
2023020304,2023-11-24 00:00:00,20232024,WPG,FLA,3,0,3,3,0,C. Hellebuyck,S. Bobrovsky,8476945,8475683,33,28,33,30,63,13.6,1.6,15.2
2023020305,2023-11-24 00:00:00,20232024,CGY,DAL,7,4,11,3,0,J. Markstrom,J. Oettinger,8474593,8479979,24,20,28,26,54,0.8,-8.0,-7.2
2023020306,2023-11-24 00:00:00,20232024,COL,MIN,3,2,5,1,0,A. Georgiev,F. Gustavsson,8480382,8479406,19,22,21,25,46,3.8,-1.6,2.2
2023020307,2023-11-24 00:00:00,20232024,VAN,SEA,5,1,6,4,0,T. Demko,J. Daccord,8477967,8478916,23,22,24,27,51,6.6,-5.6,1.0
2023020308,2023-11-25 00:00:00,20232024,BOS,NYR,4,7,11,3,0,L. Ullmark,J. Quick,8476999,8471734,33,27,40,31,71,-7.4,1.4,-6.0
2023020309,2023-11-25 00:00:00,20232024,MTL,LAK,0,4,4,4,0,J. Allen,P. Copley,8474596,8477831,26,18,30,18,48,-2.8,10.6,7.8
2023020310,2023-11-25 00:00:00,20232024,BUF,NJD,2,7,9,5,0,E. Comrie,V. Vanecek,8477480,8477970,13,10,17,12,29,-5.4,2.0,-3.4
2023020311,2023-11-25 00:00:00,20232024,TOR,PIT,2,3,5,1,0,J. Woll,T. Jarry,8479361,8477465,32,31,35,33,68,0.4,6.2,6.6
2023020312,2023-11-25 00:00:00,20232024,PHI,NYI,1,0,1,1,1,S. Ersson,I. Sorokin,8481035,8478009,25,40,25,40,65,12.0,12.0,24.0
2023020313,2023-11-25 00:00:00,20232024,CGY,COL,1,3,4,2,0,D. Vladar,I. Prosvetov,8478435,8481031,21,29,24,30,54,-1.8,7.8,6.0
2023020314,2023-11-25 00:00:00,20232024,VAN,SJS,3,4,7,1,0,C. DeSmith,K. Kahkonen,8479193,8478039,18,30,22,33,55,-4.4,4.0,-0.4
2023020315,2023-11-25 00:00:00,20232024,ARI,VGK,2,0,2,2,0,C. Ingram,L. Thompson,8478971,8480313,34,16,34,17,51,13.8,1.2,15.0
2023020316,2023-11-26 00:00:00,20232024,MIN,DET,1,4,5,3,0,F. Gustavsson,A. Lyon,8479406,8479312,19,37,22,38,60,-2.2,9.4,7.2
2023020317,2023-11-26 00:00:00,20232024,STL,CHI,4,2,6,2,0,J. Binnington,A. Soderblom,8476412,8482821,31,24,33,28,61,6.2,-3.2,3.0
2023020318,2023-11-26 00:00:00,20232024,CBJ,CAR,2,3,5,1,0,E. Merzlikins,P. Kochetkov,8478007,8481611,40,21,43,23,66,2.0,4.2,6.2
2023020319,2023-11-26 00:00:00,20232024,WPG,NSH,2,3,5,1,0,L. Brossoit,J. Saros,8476316,8477424,23,32,26,34,60,-1.4,6.4,5.0
2023020320,2023-11-26 00:00:00,20232024,ANA,EDM,2,8,10,6,0,L. Dostal,S. Skinner,8480843,8479973,10,21,16,23,39,-10.0,4.2,-5.8
2023020321,2023-11-27 00:00:00,20232024,BOS,CBJ,2,5,7,3,0,J. Swayman,S. Martin,8480280,8477484,17,31,19,33,52,-0.6,6.2,5.6
2023020322,2023-11-27 00:00:00,20232024,BUF,NYR,5,1,6,4,0,U. Luukkonen,I. Shesterkin,8480045,8478048,25,34,26,38,64,7.0,-1.2,5.8
2023020323,2023-11-27 00:00:00,20232024,FLA,OTT,5,0,5,5,0,S. Bobrovsky,J. Korpisalo,8475683,8476914,20,32,20,37,57,11.0,-3.6,7.4
2023020324,2023-11-27 00:00:00,20232024,TBL,COL,1,4,5,3,0,A. Vasilevskiy,A. Georgiev,8476883,8480382,19,38,22,39,61,-2.2,9.6,7.4
2023020325,2023-11-27 00:00:00,20232024,VGK,CGY,1,2,3,1,1,A. Hill,D. Vladar,8478499,8478435,32,27,34,28,62,3.4,7.4,10.8
2023020326,2023-11-27 00:00:00,20232024,WSH,SJS,1,2,3,1,0,D. Kuemper,M. Blackwood,8475311,8478406,21,33,23,34,57,0.2,8.6,8.8
2023020327,2023-11-28 00:00:00,20232024,NYI,NJD,4,5,9,1,0,I. Sorokin,V. Vanecek,8478009,8477970,28,14,33,18,51,-4.4,-5.2,-9.6
2023020328,2023-11-28 00:00:00,20232024,CAR,PHI,4,1,5,3,0,P. Kochetkov,C. Hart,8481611,8479394,28,32,29,35,64,7.6,0.4,8.0
2023020329,2023-11-28 00:00:00,20232024,FLA,TOR,1,2,3,1,1,A. Stolarz,J. Woll,8476932,8479361,31,38,32,39,71,5.2,9.6,14.8
2023020330,2023-11-28 00:00:00,20232024,STL,MIN,1,3,4,2,0,J. Binnington,F. Gustavsson,8476412,8479406,34,23,37,24,61,0.8,6.6,7.4
2023020331,2023-11-28 00:00:00,20232024,PIT,NSH,2,3,5,1,1,T. Jarry,J. Saros,8477465,8477424,22,29,25,31,56,-0.6,5.8,5.2
2023020332,2023-11-28 00:00:00,20232024,DAL,WPG,2,0,2,2,0,J. Oettinger,C. Hellebuyck,8479979,8476945,27,19,27,21,48,12.4,-0.2,12.2
2023020333,2023-11-28 00:00:00,20232024,SEA,CHI,3,4,7,1,0,P. Grubauer,P. Mrazek,8475831,8475852,19,33,23,36,59,-4.2,4.6,0.4
2023020334,2023-11-28 00:00:00,20232024,TBL,ARI,1,3,4,2,0,J. Johansson,C. Ingram,8477992,8478971,24,30,27,31,58,-1.2,8.0,6.8
2023020335,2023-11-28 00:00:00,20232024,VGK,EDM,4,5,9,1,1,L. Thompson,S. Skinner,8480313,8479973,30,23,34,27,61,-1.0,0.6,-0.4
2023020336,2023-11-28 00:00:00,20232024,ANA,VAN,1,3,4,2,0,J. Gibson,T. Demko,8476434,8477967,24,30,26,31,57,0.8,8.0,8.8
2023020337,2023-11-29 00:00:00,20232024,MTL,CBJ,4,2,6,2,0,S. Montembeault,E. Merzlikins,8478470,8478007,26,27,28,30,58,5.2,-0.6,4.6
2023020338,2023-11-29 00:00:00,20232024,DET,NYR,2,3,5,1,0,V. Husso,I. Shesterkin,8478024,8478048,38,25,41,27,68,1.6,5.0,6.6
2023020339,2023-11-29 00:00:00,20232024,WSH,LAK,2,1,3,1,0,C. Lindgren,C. Talbot,8479292,8475660,38,13,39,15,54,9.6,-1.4,8.2
2023020340,2023-11-30 00:00:00,20232024,SJS,BOS,0,3,3,3,0,M. Blackwood,J. Swayman,8478406,8480280,34,26,37,26,63,0.8,12.2,13.0
2023020341,2023-11-30 00:00:00,20232024,NYI,CAR,5,4,9,1,1,S. Varlamov,P. Kochetkov,8473575,8481611,39,11,43,16,59,3.8,-6.8,-3.0
2023020342,2023-11-30 00:00:00,20232024,CHI,DET,1,5,6,4,0,P. Mrazek,A. Lyon,8475852,8479312,24,34,29,35,64,-5.2,8.8,3.6
2023020343,2023-11-30 00:00:00,20232024,FLA,MTL,5,1,6,4,0,S. Bobrovsky,C. Primeau,8475683,8480051,21,24,22,29,51,6.2,-5.2,1.0
2023020344,2023-11-30 00:00:00,20232024,NJD,PHI,4,3,7,1,1,A. Schmid,C. Hart,8481033,8479394,44,31,47,35,82,6.8,-0.8,6.0
2023020345,2023-11-30 00:00:00,20232024,PIT,TBL,4,2,6,2,0,T. Jarry,A. Vasilevskiy,8477465,8476883,39,25,41,28,69,7.8,-1.0,6.8
2023020346,2023-11-30 00:00:00,20232024,SEA,TOR,3,4,7,1,1,P. Grubauer,J. Woll,8475831,8479361,25,37,28,40,68,0.0,5.4,5.4
2023020347,2023-11-30 00:00:00,20232024,MIN,NSH,6,1,7,5,0,F. Gustavsson,J. Saros,8479406,8477424,26,11,27,15,42,7.2,-5.8,1.4
2023020348,2023-11-30 00:00:00,20232024,BUF,STL,4,6,10,2,0,U. Luukkonen,J. Binnington,8480045,8476412,14,42,20,46,66,-9.2,4.4,-4.8
2023020349,2023-11-30 00:00:00,20232024,EDM,WPG,3,1,4,2,0,S. Skinner,C. Hellebuyck,8479973,8476945,25,36,26,38,64,7.0,3.2,10.2
2023020350,2023-11-30 00:00:00,20232024,COL,ARI,3,4,7,1,1,A. Georgiev,C. Ingram,8480382,8478971,29,28,32,31,63,-1.2,3.6,2.4
2023020351,2023-11-30 00:00:00,20232024,DAL,CGY,3,4,7,1,1,S. Wedgewood,J. Markstrom,8475809,8474593,32,13,36,16,52,-0.6,0.6,0.0
2023020352,2023-11-30 00:00:00,20232024,WSH,ANA,5,4,9,1,0,D. Kuemper,J. Gibson,8475311,8476434,28,21,32,26,58,1.6,-5.8,-4.2
2023020353,2023-11-30 00:00:00,20232024,VGK,VAN,4,1,5,3,0,A. Hill,T. Demko,8478499,8477967,16,40,16,44,60,10.2,0.0,10.2
2023020354,2023-12-01 00:00:00,20232024,OTT,CBJ,2,4,6,2,0,J. Korpisalo,E. Merzlikins,8476914,8478007,19,41,23,43,66,-4.2,8.2,4.0
2023020355,2023-12-01 00:00:00,20232024,SJS,NJD,6,3,9,3,0,K. Kahkonen,A. Schmid,8478039,8481033,44,12,47,17,64,6.8,-7.6,-0.8
2023020356,2023-12-02 00:00:00,20232024,TBL,DAL,1,8,9,7,0,A. Vasilevskiy,J. Oettinger,8476883,8479979,19,32,25,33,58,-8.2,8.4,0.2
2023020357,2023-12-02 00:00:00,20232024,CHI,WPG,1,3,4,2,0,A. Soderblom,C. Hellebuyck,8482821,8476945,25,20,28,21,49,-1.0,6.0,5.0
2023020358,2023-12-02 00:00:00,20232024,NYR,NSH,4,3,7,1,0,I. Shesterkin,K. Lankinen,8478048,8480947,37,21,40,25,65,5.4,-3.8,1.6
2023020359,2023-12-02 00:00:00,20232024,NYI,FLA,4,3,7,1,0,I. Sorokin,A. Stolarz,8478009,8476932,42,23,45,27,72,6.4,-3.4,3.0
2023020360,2023-12-02 00:00:00,20232024,BUF,CAR,2,6,8,4,0,E. Comrie,P. Kochetkov,8477480,8481611,31,20,37,22,59,-5.8,4.0,-1.8
2023020361,2023-12-02 00:00:00,20232024,DET,MTL,5,4,9,1,1,V. Husso,J. Allen,8478024,8474596,26,28,30,33,63,1.2,-3.4,-2.2
2023020362,2023-12-02 00:00:00,20232024,SEA,OTT,0,2,2,2,0,J. Daccord,A. Forsberg,8478916,8476341,26,39,28,39,67,1.2,14.8,16.0
2023020363,2023-12-02 00:00:00,20232024,PHI,PIT,4,3,7,1,1,S. Ersson,T. Jarry,8481035,8477465,29,30,32,33,65,3.8,1.0,4.8
2023020364,2023-12-02 00:00:00,20232024,BOS,TOR,4,3,7,1,1,L. Ullmark,J. Woll,8476999,8479361,37,33,40,37,77,5.4,-0.4,5.0
2023020365,2023-12-02 00:00:00,20232024,STL,ARI,1,4,5,3,0,J. Hofer,C. Ingram,8480981,8478971,18,31,21,32,53,-2.4,8.2,5.8
2023020366,2023-12-02 00:00:00,20232024,COL,ANA,3,4,7,1,1,I. Prosvetov,J. Gibson,8481031,8476434,34,34,37,37,74,1.8,4.8,6.6
2023020367,2023-12-02 00:00:00,20232024,VAN,CGY,4,3,7,1,0,T. Demko,J. Markstrom,8477967,8474593,21,18,24,21,45,2.2,-2.4,-0.2
2023020368,2023-12-02 00:00:00,20232024,WSH,VGK,1,4,5,3,0,D. Kuemper,L. Thompson,8475311,8480313,32,21,35,22,57,0.4,6.2,6.6
2023020369,2023-12-03 00:00:00,20232024,CHI,MIN,1,4,5,3,0,P. Mrazek,M. Fleury,8475852,8470594,30,28,34,29,63,-2.0,7.6,5.6
2023020370,2023-12-03 00:00:00,20232024,SJS,NYR,5,6,11,1,0,M. Blackwood,J. Quick,8478406,8471734,30,23,36,28,64,-6.0,-1.4,-7.4
2023020371,2023-12-03 00:00:00,20232024,CBJ,BOS,1,3,4,2,0,S. Martin,J. Swayman,8477484,8480280,25,24,28,25,53,-1.0,6.8,5.8
2023020372,2023-12-03 00:00:00,20232024,NSH,BUF,2,1,3,1,0,J. Saros,U. Luukkonen,8477424,8480045,34,27,35,29,64,8.8,1.4,10.2
2023020373,2023-12-03 00:00:00,20232024,COL,LAK,1,4,5,3,0,A. Georgiev,C. Talbot,8480382,8475660,34,20,37,21,58,0.8,6.0,6.8
2023020374,2023-12-04 00:00:00,20232024,PIT,PHI,1,2,3,1,1,A. Nedeljkovic,C. Hart,8477968,8479394,31,31,33,32,65,3.2,8.2,11.4
2023020375,2023-12-04 00:00:00,20232024,DAL,TBL,0,4,4,4,0,J. Oettinger,A. Vasilevskiy,8479979,8476883,19,25,23,25,48,-4.2,12.0,7.8
2023020376,2023-12-04 00:00:00,20232024,SEA,MTL,2,4,6,2,0,P. Grubauer,S. Montembeault,8475831,8478470,26,31,29,33,62,-0.8,6.2,5.4
2023020377,2023-12-04 00:00:00,20232024,CAR,WPG,1,2,3,1,0,A. Raanta,L. Brossoit,8477293,8476316,20,42,22,43,65,0.0,10.4,10.4
2023020378,2023-12-04 00:00:00,20232024,WSH,ARI,0,6,6,6,0,D. Kuemper,C. Ingram,8475311,8478971,2,26,5,26,31,-5.6,12.2,6.6
2023020379,2023-12-04 00:00:00,20232024,STL,VGK,2,1,3,1,1,J. Binnington,L. Thompson,8476412,8480313,33,25,34,27,61,8.6,2.0,10.6
2023020380,2023-12-05 00:00:00,20232024,DET,BUF,5,3,8,2,0,A. Lyon,E. Comrie,8479312,8477480,29,22,32,26,58,3.8,-3.6,0.2
2023020381,2023-12-05 00:00:00,20232024,LAK,CBJ,4,3,7,1,1,P. Copley,E. Merzlikins,8477831,8478007,26,35,29,39,68,3.2,0.0,3.2
2023020382,2023-12-05 00:00:00,20232024,NYR,OTT,2,6,8,4,0,I. Shesterkin,A. Forsberg,8478048,8476341,30,33,35,35,70,-4.0,6.6,2.6
2023020383,2023-12-05 00:00:00,20232024,SJS,NYI,5,4,9,1,1,K. Kahkonen,I. Sorokin,8478039,8478009,35,32,39,37,76,3.0,-2.6,0.4
2023020384,2023-12-05 00:00:00,20232024,NSH,CHI,4,3,7,1,1,J. Saros,A. Soderblom,8477424,8482821,25,27,28,30,58,3.0,0.4,3.4
2023020385,2023-12-05 00:00:00,20232024,MIN,CGY,5,2,7,3,0,F. Gustavsson,D. Vladar,8479406,8478435,28,13,30,16,46,5.6,-3.4,2.2
2023020386,2023-12-05 00:00:00,20232024,ANA,COL,2,3,5,1,0,J. Gibson,A. Georgiev,8476434,8480382,27,31,30,33,63,-0.6,6.2,5.6
2023020387,2023-12-05 00:00:00,20232024,NJD,VAN,6,5,11,1,0,V. Vanecek,T. Demko,8477970,8477967,28,26,33,32,65,-0.4,-6.8,-7.2
2023020388,2023-12-06 00:00:00,20232024,DAL,FLA,4,5,9,1,0,J. Oettinger,S. Bobrovsky,8479979,8475683,26,29,31,33,64,-4.8,1.8,-3.0
2023020389,2023-12-06 00:00:00,20232024,PIT,TBL,1,3,4,2,0,T. Jarry,A. Vasilevskiy,8477465,8476883,24,24,27,25,52,-1.2,6.8,5.6
2023020390,2023-12-06 00:00:00,20232024,VGK,STL,6,3,9,3,0,L. Thompson,J. Binnington,8480313,8476412,26,43,29,48,77,3.2,-1.4,1.8
2023020391,2023-12-06 00:00:00,20232024,CAR,EDM,1,6,7,5,0,P. Kochetkov,S. Skinner,8481611,8479973,3,38,6,39,45,-5.4,9.6,4.2
2023020392,2023-12-07 00:00:00,20232024,BUF,BOS,3,1,4,2,0,D. Levi,L. Ullmark,8482221,8476999,31,32,32,35,67,8.2,0.4,8.6
2023020393,2023-12-07 00:00:00,20232024,SJS,DET,6,5,11,1,1,M. Blackwood,V. Husso,8478406,8478024,16,30,20,36,56,-4.8,-5.0,-9.8
2023020394,2023-12-07 00:00:00,20232024,LAK,MTL,4,0,4,4,0,C. Talbot,S. Montembeault,8475660,8478470,24,38,24,42,66,11.8,-0.4,11.4
2023020395,2023-12-07 00:00:00,20232024,TOR,OTT,4,3,7,1,0,J. Woll,A. Forsberg,8479361,8476341,29,18,31,22,53,1.8,-4.4,-2.6
2023020396,2023-12-07 00:00:00,20232024,DAL,WSH,5,4,9,1,1,S. Wedgewood,C. Lindgren,8475809,8479292,23,34,27,38,65,0.6,-0.2,0.4
2023020397,2023-12-07 00:00:00,20232024,CBJ,NYI,3,7,10,4,0,S. Martin,S. Varlamov,8477484,8473575,29,32,36,35,71,-8.2,4.4,-3.8
2023020398,2023-12-07 00:00:00,20232024,TBL,NSH,1,5,6,4,0,J. Johansson,J. Saros,8477992,8477424,25,32,29,33,62,-3.0,8.4,5.4
2023020399,2023-12-07 00:00:00,20232024,ANA,CHI,0,1,1,1,0,L. Dostal,P. Mrazek,8480843,8475852,24,37,25,37,62,2.8,14.4,17.2
2023020400,2023-12-07 00:00:00,20232024,PHI,ARI,4,1,5,3,0,C. Hart,C. Ingram,8479394,8478971,25,22,26,26,52,7.0,-3.6,3.4
2023020401,2023-12-07 00:00:00,20232024,CAR,CGY,2,3,5,1,0,P. Kochetkov,D. Wolf,8481611,8481692,24,28,27,30,57,-1.2,5.6,4.4
2023020402,2023-12-07 00:00:00,20232024,WPG,COL,4,2,6,2,0,C. Hellebuyck,A. Georgiev,8476945,8480382,32,24,34,27,61,6.4,-1.2,5.2
2023020403,2023-12-07 00:00:00,20232024,NJD,SEA,2,1,3,1,0,A. Schmid,P. Grubauer,8481033,8475831,37,15,38,17,55,9.4,-1.0,8.4
2023020404,2023-12-07 00:00:00,20232024,MIN,VAN,0,2,2,2,0,F. Gustavsson,C. DeSmith,8479406,8479193,15,26,17,26,43,-1.0,12.2,11.2
2023020405,2023-12-08 00:00:00,20232024,STL,CBJ,2,5,7,3,0,J. Hofer,J. Greaves,8480981,8482982,17,41,21,43,64,-4.6,8.2,3.6
2023020406,2023-12-08 00:00:00,20232024,PIT,FLA,1,3,4,2,0,T. Jarry,S. Bobrovsky,8477465,8475683,30,25,32,26,58,2.0,7.0,9.0
2023020407,2023-12-08 00:00:00,20232024,MIN,EDM,3,4,7,1,0,M. Fleury,S. Skinner,8470594,8479973,36,17,40,20,60,-0.8,1.4,0.6
2023020408,2023-12-09 00:00:00,20232024,ARI,BOS,3,5,8,2,0,C. Ingram,L. Ullmark,8478971,8476999,24,30,29,33,62,-5.2,4.0,-1.2
2023020409,2023-12-09 00:00:00,20232024,NJD,CGY,4,2,6,2,0,V. Vanecek,D. Wolf,8477970,8481692,23,26,25,29,54,4.6,-0.8,3.8
2023020410,2023-12-09 00:00:00,20232024,VGK,DAL,6,1,7,5,0,L. Thompson,J. Oettinger,8480313,8479979,19,21,20,27,47,5.8,-7.8,-2.0
2023020411,2023-12-09 00:00:00,20232024,MTL,BUF,3,2,5,1,1,C. Primeau,D. Levi,8480051,8482221,46,29,48,31,79,9.2,2.8,12.0
2023020412,2023-12-09 00:00:00,20232024,OTT,DET,5,1,6,4,0,J. Korpisalo,A. Lyon,8476914,8479312,30,21,31,25,56,8.0,-3.8,4.2
2023020413,2023-12-09 00:00:00,20232024,NSH,TOR,0,4,4,4,0,K. Lankinen,I. Samsonov,8480947,8478492,33,18,36,18,54,0.6,10.6,11.2
2023020414,2023-12-09 00:00:00,20232024,NYR,WSH,0,4,4,4,0,I. Shesterkin,C. Lindgren,8478048,8479292,25,31,29,31,60,-3.0,13.2,10.2
2023020415,2023-12-09 00:00:00,20232024,LAK,NYI,2,3,5,1,1,C. Talbot,I. Sorokin,8475660,8478009,27,33,30,35,65,0.4,6.6,7.0
2023020416,2023-12-09 00:00:00,20232024,STL,CHI,1,3,4,2,0,J. Binnington,P. Mrazek,8476412,8475852,21,38,24,39,63,-1.8,9.6,7.8
2023020417,2023-12-09 00:00:00,20232024,PHI,COL,5,2,7,3,0,C. Hart,I. Prosvetov,8479394,8481031,36,29,38,34,72,7.2,-4.2,3.0
2023020418,2023-12-09 00:00:00,20232024,TBL,SEA,4,3,7,1,1,A. Vasilevskiy,P. Grubauer,8476883,8475831,26,21,29,23,52,3.2,0.2,3.4
2023020419,2023-12-09 00:00:00,20232024,CAR,VAN,3,4,7,1,0,A. Raanta,T. Demko,8477293,8477967,20,21,24,24,48,-4.0,2.2,-1.8
2023020420,2023-12-10 00:00:00,20232024,FLA,CBJ,5,2,7,3,0,A. Stolarz,J. Greaves,8476932,8482982,17,30,19,33,52,3.4,0.0,3.4
2023020421,2023-12-10 00:00:00,20232024,NJD,EDM,1,4,5,3,0,A. Schmid,C. Pickard,8481033,8475717,26,25,29,26,55,-0.8,7.0,6.2
2023020422,2023-12-10 00:00:00,20232024,WSH,CHI,4,2,6,2,0,D. Kuemper,A. Soderblom,8475311,8482821,32,23,34,27,61,6.4,-3.4,3.0
2023020423,2023-12-10 00:00:00,20232024,NSH,MTL,2,1,3,1,0,J. Saros,J. Allen,8477424,8474596,36,30,37,32,69,9.2,2.0,11.2
2023020424,2023-12-10 00:00:00,20232024,LAK,NYR,1,4,5,3,0,P. Copley,J. Quick,8477831,8471734,23,25,27,26,53,-3.4,7.0,3.6
2023020425,2023-12-10 00:00:00,20232024,WPG,ANA,4,2,6,2,0,C. Hellebuyck,J. Gibson,8476945,8476434,24,27,26,30,56,4.8,-0.6,4.2
2023020426,2023-12-10 00:00:00,20232024,MIN,SEA,3,0,3,3,0,F. Gustavsson,J. Daccord,8479406,8478916,24,23,24,25,49,11.8,0.6,12.4
2023020427,2023-12-10 00:00:00,20232024,SJS,VGK,4,5,9,1,1,K. Kahkonen,J. Patera,8478039,8480238,23,34,27,38,65,-2.4,2.8,0.4
2023020428,2023-12-11 00:00:00,20232024,ARI,BUF,2,5,7,3,0,K. Vejmelka,D. Levi,8478872,8482221,33,21,37,23,60,-1.4,4.2,2.8
2023020429,2023-12-11 00:00:00,20232024,TOR,NYI,3,4,7,1,1,I. Samsonov,I. Sorokin,8478492,8478009,25,37,29,40,69,-2.0,5.4,3.4
2023020430,2023-12-11 00:00:00,20232024,DET,DAL,3,6,9,3,0,J. Reimer,J. Oettinger,8473503,8479979,29,27,34,30,64,-4.2,3.4,-0.8
2023020431,2023-12-11 00:00:00,20232024,CGY,COL,5,6,11,1,0,D. Vladar,A. Georgiev,8478435,8480382,32,16,38,21,59,-5.6,-6.8,-12.4
2023020432,2023-12-12 00:00:00,20232024,TOR,NYR,7,3,10,4,0,M. Jones,I. Shesterkin,8474889,8478048,28,23,31,29,60,3.6,-7.4,-3.8
2023020433,2023-12-12 00:00:00,20232024,CAR,OTT,4,1,5,3,0,P. Kochetkov,J. Korpisalo,8481611,8476914,31,24,32,28,60,8.2,-3.2,5.0
2023020434,2023-12-12 00:00:00,20232024,ARI,PIT,2,4,6,2,0,C. Ingram,T. Jarry,8478971,8477465,39,19,42,21,63,1.8,3.8,5.6
2023020435,2023-12-12 00:00:00,20232024,PHI,NSH,2,3,5,1,1,S. Ersson,J. Saros,8481035,8477424,19,37,22,39,61,-1.2,7.4,6.2
2023020436,2023-12-12 00:00:00,20232024,DET,STL,6,4,10,2,0,V. Husso,J. Binnington,8478024,8476412,33,26,37,31,68,2.6,-4.8,-2.2
2023020437,2023-12-12 00:00:00,20232024,CHI,EDM,1,4,5,3,0,P. Mrazek,S. Skinner,8475852,8479973,25,22,29,23,52,-3.0,6.4,3.4
2023020438,2023-12-12 00:00:00,20232024,FLA,SEA,0,4,4,4,0,S. Bobrovsky,J. Daccord,8475683,8478916,19,24,22,24,46,-2.2,11.8,9.6
2023020439,2023-12-12 00:00:00,20232024,TBL,VAN,1,4,5,3,0,A. Vasilevskiy,T. Demko,8476883,8477967,18,28,21,29,50,-2.4,7.6,5.2
2023020440,2023-12-12 00:00:00,20232024,CGY,VGK,4,5,9,1,1,D. Wolf,L. Thompson,8481692,8480313,34,27,39,31,70,-2.2,1.4,-0.8
2023020441,2023-12-12 00:00:00,20232024,WPG,SJS,1,2,3,1,0,L. Brossoit,M. Blackwood,8476316,8478406,30,36,32,37,69,2.0,9.2,11.2
2023020442,2023-12-13 00:00:00,20232024,PIT,MTL,4,3,7,1,1,A. Nedeljkovic,S. Montembeault,8477968,8478470,39,27,42,30,72,5.8,0.4,6.2
2023020443,2023-12-13 00:00:00,20232024,BOS,NJD,1,2,3,1,1,J. Swayman,V. Vanecek,8480280,8477970,33,23,35,24,59,3.6,6.6,10.2
2023020444,2023-12-13 00:00:00,20232024,ANA,NYI,3,4,7,1,0,J. Gibson,S. Varlamov,8476434,8473575,31,21,35,24,59,-1.8,2.2,0.4
2023020445,2023-12-13 00:00:00,20232024,BUF,COL,1,5,6,4,0,U. Luukkonen,I. Prosvetov,8480045,8481031,24,29,29,30,59,-5.2,7.8,2.6
2023020446,2023-12-13 00:00:00,20232024,WPG,LAK,5,2,7,3,0,C. Hellebuyck,C. Talbot,8476945,8475660,32,24,34,28,62,6.4,-3.2,3.2
2023020447,2023-12-14 00:00:00,20232024,CAR,DET,2,1,3,1,0,P. Kochetkov,V. Husso,8481611,8478024,25,37,26,39,65,7.0,3.4,10.4
2023020448,2023-12-14 00:00:00,20232024,WSH,PHI,3,4,7,1,1,C. Lindgren,S. Ersson,8479292,8481035,29,27,32,30,62,0.8,3.4,4.2
2023020449,2023-12-14 00:00:00,20232024,CBJ,TOR,6,5,11,1,1,E. Merzlikins,I. Samsonov,8478007,8478492,43,29,48,35,83,2.6,-5.2,-2.6
2023020450,2023-12-14 00:00:00,20232024,CGY,MIN,2,3,5,1,1,D. Vladar,F. Gustavsson,8478435,8479406,30,35,32,37,69,3.0,7.0,10.0
2023020451,2023-12-14 00:00:00,20232024,OTT,STL,2,4,6,2,0,J. Korpisalo,J. Binnington,8476914,8476412,26,32,30,34,64,-2.8,6.4,3.6
2023020452,2023-12-14 00:00:00,20232024,TBL,EDM,7,4,11,3,0,A. Vasilevskiy,S. Skinner,8476883,8479973,53,17,57,22,79,6.6,-6.6,0.0
2023020453,2023-12-14 00:00:00,20232024,CHI,SEA,1,7,8,6,0,A. Soderblom,J. Daccord,8482821,8478916,17,21,24,22,46,-10.6,6.2,-4.4
2023020454,2023-12-14 00:00:00,20232024,FLA,VAN,0,4,4,4,0,S. Bobrovsky,T. Demko,8475683,8477967,13,36,17,36,53,-5.4,14.2,8.8
2023020455,2023-12-15 00:00:00,20232024,NSH,CAR,6,5,11,1,1,K. Lankinen,A. Raanta,8480947,8477293,26,24,31,30,61,-0.8,-6.2,-7.0
2023020456,2023-12-15 00:00:00,20232024,ANA,NYR,1,5,6,4,0,L. Dostal,J. Quick,8480843,8471734,34,29,39,30,69,-3.2,7.8,4.6
2023020457,2023-12-15 00:00:00,20232024,BOS,NYI,5,4,9,1,1,L. Ullmark,I. Sorokin,8476999,8478009,33,30,37,34,71,2.6,-1.0,1.6
2023020458,2023-12-15 00:00:00,20232024,OTT,DAL,4,5,9,1,0,A. Forsberg,J. Oettinger,8476341,8479979,19,0,24,2,26,-6.2,-4.0,-10.2
2023020459,2023-12-15 00:00:00,20232024,SJS,ARI,0,1,1,1,0,K. Kahkonen,C. Ingram,8478039,8478971,23,21,24,21,45,2.6,11.2,13.8
2023020460,2023-12-15 00:00:00,20232024,BUF,VGK,5,2,7,3,0,D. Levi,L. Thompson,8482221,8480313,33,22,35,26,61,6.6,-3.6,3.0
2023020461,2023-12-16 00:00:00,20232024,VAN,MIN,1,2,3,1,1,C. DeSmith,F. Gustavsson,8479193,8479406,30,35,31,36,67,5.0,9.0,14.0
2023020462,2023-12-16 00:00:00,20232024,NYR,BOS,2,1,3,1,1,I. Shesterkin,J. Swayman,8478048,8480280,21,32,22,34,56,6.2,3.4,9.6
2023020463,2023-12-16 00:00:00,20232024,NJD,CBJ,6,3,9,3,0,A. Schmid,D. Tarasov,8481033,8480193,23,24,26,29,55,2.6,-5.2,-2.6
2023020464,2023-12-16 00:00:00,20232024,NYI,MTL,3,5,8,2,0,S. Varlamov,S. Montembeault,8473575,8478470,36,30,40,33,73,-0.8,4.0,3.2
2023020465,2023-12-16 00:00:00,20232024,DET,PHI,0,1,1,1,0,A. Lyon,S. Ersson,8479312,8481035,15,32,16,32,48,1.0,13.4,14.4
2023020466,2023-12-16 00:00:00,20232024,PIT,TOR,0,7,7,7,0,T. Jarry,M. Jones,8477465,8474889,10,38,14,38,52,-6.0,14.6,8.6
2023020467,2023-12-16 00:00:00,20232024,COL,WPG,2,6,8,4,0,I. Prosvetov,C. Hellebuyck,8481031,8476945,19,30,24,32,56,-6.2,6.0,-0.2
2023020468,2023-12-16 00:00:00,20232024,WSH,NSH,1,3,4,2,0,C. Lindgren,J. Saros,8479292,8477424,20,21,23,22,45,-2.0,6.2,4.2
2023020469,2023-12-16 00:00:00,20232024,DAL,STL,3,4,7,1,1,S. Wedgewood,J. Binnington,8475809,8476412,30,20,34,23,57,-1.0,2.0,1.0
2023020470,2023-12-16 00:00:00,20232024,BUF,ARI,0,2,2,2,0,U. Luukkonen,K. Vejmelka,8480045,8478872,20,28,22,28,50,0.0,12.6,12.6
2023020471,2023-12-16 00:00:00,20232024,TBL,CGY,2,4,6,2,0,A. Vasilevskiy,D. Vladar,8476883,8478435,22,31,26,33,59,-3.6,6.2,2.6
2023020472,2023-12-16 00:00:00,20232024,FLA,EDM,5,1,6,4,0,S. Bobrovsky,C. Pickard,8475683,8475717,38,34,39,39,78,9.6,-3.2,6.4
2023020473,2023-12-16 00:00:00,20232024,LAK,SEA,3,2,5,1,1,C. Talbot,J. Daccord,8475660,8478916,17,36,19,38,57,3.4,4.2,7.6
2023020474,2023-12-17 00:00:00,20232024,VAN,CHI,4,3,7,1,0,T. Demko,P. Mrazek,8477967,8475852,25,23,28,27,55,3.0,-3.4,-0.4
2023020475,2023-12-17 00:00:00,20232024,WSH,CAR,2,1,3,1,1,D. Kuemper,P. Kochetkov,8475311,8481611,28,20,29,21,50,7.6,3.0,10.6
2023020476,2023-12-17 00:00:00,20232024,ANA,NJD,5,1,6,4,0,J. Gibson,A. Schmid,8476434,8481033,18,23,19,27,46,5.6,-3.4,2.2
2023020477,2023-12-17 00:00:00,20232024,SJS,COL,2,6,8,4,0,M. Blackwood,A. Georgiev,8478406,8480382,23,25,28,27,55,-5.4,5.0,-0.4
2023020478,2023-12-17 00:00:00,20232024,OTT,VGK,3,6,9,3,0,J. Korpisalo,A. Hill,8476914,8478499,25,2,31,3,34,-7.0,-1.6,-8.6
2023020479,2023-12-18 00:00:00,20232024,ANA,DET,4,3,7,1,0,L. Dostal,V. Husso,8480843,8478024,29,6,32,8,40,3.8,-2.8,1.0
2023020480,2023-12-18 00:00:00,20232024,MIN,PIT,3,4,7,1,0,F. Gustavsson,A. Nedeljkovic,8479406,8477968,26,24,30,27,57,-2.8,2.8,0.0
2023020481,2023-12-18 00:00:00,20232024,MTL,WPG,3,2,5,1,1,J. Allen,C. Hellebuyck,8474596,8476945,30,23,32,26,58,6.0,-0.4,5.6
2023020482,2023-12-18 00:00:00,20232024,SEA,DAL,3,4,7,1,1,J. Daccord,S. Wedgewood,8478916,8475809,24,35,28,38,66,-2.2,5.0,2.8
2023020483,2023-12-18 00:00:00,20232024,FLA,CGY,1,3,4,2,0,A. Stolarz,J. Markstrom,8476932,8474593,22,33,24,34,58,0.4,8.6,9.0
2023020484,2023-12-19 00:00:00,20232024,MIN,BOS,4,3,7,1,1,M. Fleury,L. Ullmark,8470594,8476999,40,26,43,30,73,6.0,-1.8,4.2
2023020485,2023-12-19 00:00:00,20232024,CBJ,BUF,9,4,13,5,0,D. Tarasov,D. Levi,8480193,8482221,25,14,29,18,47,1.0,-5.2,-4.2
2023020486,2023-12-19 00:00:00,20232024,VGK,CAR,3,6,9,3,0,L. Thompson,P. Kochetkov,8480313,8481611,23,30,29,33,62,-7.4,4.0,-3.4
2023020487,2023-12-19 00:00:00,20232024,PHI,NJD,3,2,5,1,1,S. Ersson,V. Vanecek,8481035,8477970,24,23,26,26,52,4.8,-0.4,4.4
2023020488,2023-12-19 00:00:00,20232024,STL,TBL,1,6,7,5,0,J. Binnington,A. Vasilevskiy,8476412,8476883,18,28,23,29,52,-6.4,7.6,1.2
2023020489,2023-12-19 00:00:00,20232024,NYR,TOR,5,2,7,3,0,I. Shesterkin,M. Jones,8478048,8474889,31,31,33,35,68,6.2,-1.8,4.4
2023020490,2023-12-19 00:00:00,20232024,EDM,NYI,1,3,4,2,0,S. Skinner,I. Sorokin,8479973,8478009,18,30,21,31,52,-2.4,8.0,5.6
2023020491,2023-12-19 00:00:00,20232024,VAN,NSH,5,2,7,3,0,C. DeSmith,J. Saros,8479193,8477424,26,19,28,24,52,5.2,-6.2,-1.0
2023020492,2023-12-19 00:00:00,20232024,COL,CHI,2,3,5,1,0,A. Georgiev,P. Mrazek,8480382,8475852,19,35,22,37,59,-2.2,7.0,4.8
2023020493,2023-12-19 00:00:00,20232024,OTT,ARI,3,4,7,1,0,J. Korpisalo,C. Ingram,8476914,8478971,34,3,38,6,44,-1.2,-5.4,-6.6
2023020494,2023-12-19 00:00:00,20232024,LAK,SJS,4,1,5,3,0,D. Rittich,K. Kahkonen,8479496,8478039,15,35,16,38,54,5.0,1.0,6.0
2023020495,2023-12-20 00:00:00,20232024,DET,WPG,2,5,7,3,0,J. Reimer,L. Brossoit,8473503,8476316,36,26,41,28,69,-2.8,5.2,2.4
2023020496,2023-12-20 00:00:00,20232024,NYI,WSH,2,3,5,1,1,S. Varlamov,D. Kuemper,8473575,8475311,33,30,36,32,68,1.6,6.0,7.6
2023020497,2023-12-20 00:00:00,20232024,SEA,LAK,2,1,3,1,0,J. Daccord,C. Talbot,8478916,8475660,42,28,43,30,73,10.4,1.6,12.0
2023020498,2023-12-21 00:00:00,20232024,TOR,BUF,3,9,12,6,0,I. Samsonov,D. Levi,8478492,8482221,14,24,19,27,46,-7.2,2.8,-4.4
2023020499,2023-12-21 00:00:00,20232024,WSH,CBJ,3,2,5,1,1,C. Lindgren,E. Merzlikins,8479292,8478007,34,29,36,32,68,6.8,0.8,7.6
2023020500,2023-12-21 00:00:00,20232024,STL,FLA,4,1,5,3,0,J. Hofer,S. Bobrovsky,8480981,8475683,37,20,38,23,61,9.4,-2.0,7.4
2023020501,2023-12-21 00:00:00,20232024,EDM,NJD,6,3,9,3,0,C. Pickard,A. Schmid,8475717,8481033,23,4,26,6,32,2.6,-3.2,-0.6
2023020502,2023-12-21 00:00:00,20232024,NSH,PHI,4,2,6,2,0,J. Saros,S. Ersson,8477424,8481035,29,27,31,30,61,5.8,-0.6,5.2
2023020503,2023-12-21 00:00:00,20232024,CAR,PIT,1,2,3,1,1,P. Kochetkov,A. Nedeljkovic,8481611,8477968,24,23,25,24,49,3.8,6.6,10.4
2023020504,2023-12-21 00:00:00,20232024,VGK,TBL,4,5,9,1,0,J. Patera,A. Vasilevskiy,8480238,8476883,31,30,36,34,70,-3.8,2.0,-1.8
2023020505,2023-12-21 00:00:00,20232024,VAN,DAL,3,4,7,1,1,T. Demko,S. Wedgewood,8477967,8475809,32,17,36,20,56,-0.6,1.4,0.8
2023020506,2023-12-21 00:00:00,20232024,MTL,MIN,3,4,7,1,1,S. Montembeault,F. Gustavsson,8478470,8479406,20,22,24,25,49,-3.0,2.4,-0.6
2023020507,2023-12-21 00:00:00,20232024,OTT,COL,4,6,10,2,0,J. Korpisalo,A. Georgiev,8476914,8480382,33,41,38,45,83,-3.4,4.2,0.8
2023020508,2023-12-21 00:00:00,20232024,CGY,ANA,3,0,3,3,0,J. Markstrom,L. Dostal,8474593,8480843,25,41,25,43,68,12.0,4.2,16.2
2023020509,2023-12-21 00:00:00,20232024,ARI,SJS,5,2,7,3,0,K. Vejmelka,M. Blackwood,8478872,8478406,29,25,31,30,61,5.8,-5.0,0.8
2023020510,2023-12-22 00:00:00,20232024,PHI,DET,6,7,13,1,1,C. Hart,J. Reimer,8479394,8473503,31,37,37,43,80,-4.8,-0.6,-5.4
2023020511,2023-12-22 00:00:00,20232024,EDM,NYR,4,3,7,1,0,S. Skinner,J. Quick,8479973,8471734,31,24,34,28,62,4.2,-3.2,1.0
2023020512,2023-12-22 00:00:00,20232024,BOS,WPG,1,5,6,4,0,J. Swayman,C. Hellebuyck,8480280,8476945,28,24,33,25,58,-4.4,6.8,2.4
2023020513,2023-12-22 00:00:00,20232024,MTL,CHI,5,2,7,3,0,C. Primeau,P. Mrazek,8480051,8475852,19,23,21,27,48,3.8,-3.4,0.4
2023020514,2023-12-23 00:00:00,20232024,VGK,FLA,2,4,6,2,0,J. Patera,S. Bobrovsky,8480238,8475683,38,23,42,25,67,-0.4,4.6,4.2
2023020515,2023-12-23 00:00:00,20232024,DAL,NSH,3,2,5,1,0,S. Wedgewood,J. Saros,8475809,8477424,19,31,21,34,55,3.8,0.2,4.0
2023020516,2023-12-23 00:00:00,20232024,NYI,CAR,5,4,9,1,0,I. Sorokin,P. Kochetkov,8478009,8481611,36,23,40,28,68,3.2,-5.4,-2.2
2023020517,2023-12-23 00:00:00,20232024,TOR,CBJ,4,1,5,3,0,M. Jones,D. Tarasov,8474889,8480193,27,26,28,30,58,7.4,-2.8,4.6
2023020518,2023-12-23 00:00:00,20232024,BOS,MIN,2,3,5,1,0,L. Ullmark,M. Fleury,8476999,8470594,33,19,35,21,56,0.6,3.8,4.4
2023020519,2023-12-23 00:00:00,20232024,DET,NJD,2,3,5,1,0,M. Hutchinson,V. Vanecek,8474636,8477970,33,22,36,24,60,0.6,4.4,5.0
2023020520,2023-12-23 00:00:00,20232024,PIT,OTT,4,5,9,1,1,A. Nedeljkovic,A. Forsberg,8477968,8476341,21,30,26,34,60,-4.8,2.0,-2.8
2023020521,2023-12-23 00:00:00,20232024,TBL,WSH,2,1,3,1,1,A. Vasilevskiy,C. Lindgren,8476883,8479292,33,19,34,20,54,8.6,2.8,11.4
2023020522,2023-12-23 00:00:00,20232024,BUF,NYR,3,4,7,1,1,U. Luukkonen,I. Shesterkin,8480045,8478048,29,27,33,30,63,-1.2,3.4,2.2
2023020523,2023-12-23 00:00:00,20232024,SEA,ANA,3,2,5,1,0,J. Daccord,L. Dostal,8478916,8480843,32,19,34,22,56,6.4,-2.2,4.2
2023020524,2023-12-23 00:00:00,20232024,CHI,STL,5,7,12,2,0,A. Soderblom,J. Binnington,8482821,8476412,35,15,41,20,61,-5.0,-3.0,-8.0
2023020525,2023-12-23 00:00:00,20232024,ARI,COL,1,4,5,3,0,C. Ingram,A. Georgiev,8478971,8480382,22,24,26,25,51,-3.6,6.8,3.2
2023020526,2023-12-23 00:00:00,20232024,CGY,LAK,3,5,8,2,0,J. Markstrom,C. Talbot,8474593,8475660,29,29,33,32,65,-2.2,3.8,1.6
2023020527,2023-12-23 00:00:00,20232024,SJS,VAN,4,7,11,3,0,M. Blackwood,T. Demko,8478406,8477967,19,21,25,25,50,-8.2,0.2,-8.0
2023020528,2023-12-27 00:00:00,20232024,CBJ,NJD,3,4,7,1,1,E. Merzlikins,V. Vanecek,8478007,8477970,31,26,35,29,64,-0.8,3.2,2.4
2023020529,2023-12-27 00:00:00,20232024,WSH,NYR,1,5,6,4,0,D. Kuemper,I. Shesterkin,8475311,8478048,26,26,31,27,58,-4.8,7.2,2.4
2023020530,2023-12-27 00:00:00,20232024,FLA,TBL,3,2,5,1,0,S. Bobrovsky,A. Vasilevskiy,8475683,8476883,27,28,29,31,60,5.4,-0.4,5.0
2023020531,2023-12-27 00:00:00,20232024,OTT,TOR,4,2,6,2,0,J. Korpisalo,M. Jones,8476914,8474889,34,26,36,29,65,6.8,-0.8,6.0
2023020532,2023-12-27 00:00:00,20232024,BOS,BUF,4,1,5,3,0,J. Swayman,D. Levi,8480280,8482221,25,21,26,25,51,7.0,-3.8,3.2
2023020533,2023-12-27 00:00:00,20232024,PIT,NYI,7,0,7,7,0,T. Jarry,I. Sorokin,8477465,8478009,22,19,22,25,47,11.4,-8.2,3.2
2023020534,2023-12-27 00:00:00,20232024,DET,MIN,3,6,9,3,0,J. Reimer,F. Gustavsson,8473503,8479406,25,25,31,28,59,-7.0,3.0,-4.0
2023020535,2023-12-27 00:00:00,20232024,CAR,NSH,5,2,7,3,0,P. Kochetkov,J. Saros,8481611,8477424,35,14,37,19,56,7.0,-7.2,-0.2
2023020536,2023-12-27 00:00:00,20232024,DAL,STL,1,2,3,1,0,S. Wedgewood,J. Hofer,8475809,8480981,28,39,30,40,70,1.6,9.8,11.4
2023020537,2023-12-27 00:00:00,20232024,COL,ARI,4,5,9,1,1,A. Georgiev,K. Vejmelka,8480382,8478872,22,20,27,24,51,-4.6,0.0,-4.6
2023020538,2023-12-27 00:00:00,20232024,WPG,CHI,1,2,3,1,1,C. Hellebuyck,P. Mrazek,8476945,8475852,23,37,25,38,63,1.6,9.4,11.0
2023020539,2023-12-27 00:00:00,20232024,SEA,CGY,2,1,3,1,0,C. Driedger,J. Markstrom,8476904,8474593,37,19,38,21,59,9.4,-0.2,9.2
2023020540,2023-12-27 00:00:00,20232024,VGK,ANA,2,5,7,3,0,L. Thompson,J. Gibson,8480313,8476434,21,30,26,32,58,-5.8,6.0,0.2
2023020541,2023-12-27 00:00:00,20232024,SJS,LAK,1,5,6,4,0,K. Kahkonen,D. Rittich,8478039,8479496,38,24,43,25,68,-2.4,6.8,4.4
2023020542,2023-12-28 00:00:00,20232024,MTL,CAR,3,5,8,2,0,C. Primeau,A. Raanta,8480051,8477293,26,18,30,21,51,-2.8,1.6,-1.2
2023020543,2023-12-28 00:00:00,20232024,PHI,VAN,4,1,5,3,0,S. Ersson,C. DeSmith,8481035,8479193,18,21,19,25,44,5.6,-3.8,1.8
2023020544,2023-12-28 00:00:00,20232024,LAK,VGK,2,3,5,1,0,C. Talbot,L. Thompson,8475660,8480313,29,32,32,34,66,-0.2,6.4,6.2
2023020545,2023-12-28 00:00:00,20232024,EDM,SJS,5,0,5,5,0,S. Skinner,M. Chrona,8479973,8480992,25,8,25,12,37,12.0,-6.4,5.6
2023020546,2023-12-29 00:00:00,20232024,TOR,CBJ,5,6,11,1,1,I. Samsonov,E. Merzlikins,8478492,8478007,15,12,21,14,35,-8.0,-1.6,-9.6
2023020547,2023-12-29 00:00:00,20232024,NSH,DET,4,5,9,1,1,J. Saros,A. Lyon,8477424,8479312,18,33,23,37,60,-5.4,2.6,-2.8
2023020548,2023-12-29 00:00:00,20232024,NYR,FLA,3,4,7,1,0,J. Quick,S. Bobrovsky,8471734,8475683,29,31,33,34,67,-2.2,4.2,2.0
2023020549,2023-12-29 00:00:00,20232024,NJD,OTT,6,2,8,4,0,N. Daws,J. Korpisalo,8482076,8476914,25,24,27,30,57,5.0,-7.2,-2.2
2023020550,2023-12-29 00:00:00,20232024,WSH,NYI,1,5,6,4,0,C. Lindgren,I. Sorokin,8479292,8478009,3,26,3,27,30,3.6,7.2,10.8
2023020551,2023-12-29 00:00:00,20232024,CHI,DAL,4,5,9,1,1,P. Mrazek,S. Wedgewood,8475852,8475809,30,25,35,29,64,-3.0,1.0,-2.0
2023020552,2023-12-29 00:00:00,20232024,COL,STL,2,1,3,1,0,A. Georgiev,J. Binnington,8480382,8476412,28,21,29,23,52,7.6,0.2,7.8
2023020553,2023-12-29 00:00:00,20232024,ARI,ANA,2,0,2,2,0,C. Ingram,J. Gibson,8478971,8476434,28,30,28,32,60,12.6,2.0,14.6
2023020554,2023-12-29 00:00:00,20232024,PHI,SEA,1,2,3,1,1,C. Hart,J. Daccord,8479394,8478916,27,27,29,28,57,2.4,7.4,9.8
2023020555,2023-12-30 00:00:00,20232024,MIN,WPG,2,4,6,2,0,F. Gustavsson,C. Hellebuyck,8479406,8476945,19,34,22,36,58,-2.2,6.8,4.6
2023020556,2023-12-30 00:00:00,20232024,CBJ,BUF,2,3,5,1,1,D. Tarasov,U. Luukkonen,8480193,8480045,39,18,42,20,62,2.8,3.6,6.4
2023020557,2023-12-30 00:00:00,20232024,NJD,BOS,2,5,7,3,0,V. Vanecek,L. Ullmark,8477970,8476999,26,31,31,33,64,-4.8,6.2,1.4
2023020558,2023-12-30 00:00:00,20232024,MTL,FLA,1,4,5,3,0,J. Allen,A. Stolarz,8474596,8476932,22,18,25,19,44,-1.6,5.6,4.0
2023020559,2023-12-30 00:00:00,20232024,STL,PIT,2,4,6,2,0,J. Hofer,T. Jarry,8480981,8477465,26,25,29,27,56,-0.8,5.0,4.2
2023020560,2023-12-30 00:00:00,20232024,NYR,TBL,5,1,6,4,0,I. Shesterkin,A. Vasilevskiy,8478048,8476883,34,16,35,21,56,8.8,-6.8,2.0
2023020561,2023-12-30 00:00:00,20232024,CAR,TOR,3,2,5,1,0,P. Kochetkov,M. Jones,8481611,8474889,25,25,27,27,54,5.0,1.0,6.0
2023020562,2023-12-30 00:00:00,20232024,NSH,WSH,3,2,5,1,1,Y. Askarov,H. Shepard,8482137,8482411,27,34,29,36,65,5.4,3.8,9.2
2023020563,2023-12-30 00:00:00,20232024,EDM,LAK,3,2,5,1,1,S. Skinner,C. Talbot,8479973,8475660,26,24,28,26,54,5.2,1.8,7.0
2023020564,2023-12-31 00:00:00,20232024,WPG,MIN,3,2,5,1,0,L. Brossoit,M. Fleury,8476316,8470594,24,26,26,29,55,4.8,-0.8,4.0
2023020565,2023-12-31 00:00:00,20232024,BOS,DET,5,3,8,2,0,J. Swayman,A. Lyon,8480280,8479312,27,19,30,22,52,3.4,-2.2,1.2
2023020566,2023-12-31 00:00:00,20232024,BUF,OTT,1,5,6,4,0,D. Levi,A. Forsberg,8482221,8476341,26,45,30,46,76,-2.8,11.0,8.2
2023020567,2023-12-31 00:00:00,20232024,NYI,PIT,1,3,4,2,0,I. Sorokin,A. Nedeljkovic,8478009,8477968,35,37,37,38,75,3.0,9.4,12.4
2023020568,2023-12-31 00:00:00,20232024,MTL,TBL,3,4,7,1,0,S. Montembeault,J. Johansson,8478470,8477992,16,26,20,29,49,-4.8,3.2,-1.6
2023020569,2023-12-31 00:00:00,20232024,EDM,ANA,7,2,9,5,0,C. Pickard,J. Gibson,8475717,8476434,28,32,30,39,69,5.6,-7.6,-2.0
2023020570,2023-12-31 00:00:00,20232024,PHI,CGY,3,4,7,1,0,S. Ersson,J. Markstrom,8481035,8474593,29,28,32,31,63,-0.2,3.6,3.4
2023020571,2023-12-31 00:00:00,20232024,SJS,COL,1,3,4,2,0,K. Kahkonen,A. Georgiev,8478039,8480382,30,10,32,11,43,2.0,4.0,6.0
2023020572,2023-12-31 00:00:00,20232024,CHI,DAL,1,8,9,7,0,P. Mrazek,S. Wedgewood,8475852,8475809,25,23,31,24,55,-7.0,6.6,-0.4
2023020573,2024-01-01 00:00:00,20232024,VGK,SEA,0,3,3,3,0,L. Thompson,J. Daccord,8480313,8478916,24,35,27,35,62,-1.2,14.0,12.8
2023020574,2024-01-02 00:00:00,20232024,BOS,CBJ,4,1,5,3,0,L. Ullmark,S. Martin,8476999,8477484,26,23,27,27,54,7.2,-3.4,3.8
2023020575,2024-01-02 00:00:00,20232024,CAR,NYR,6,1,7,5,0,P. Kochetkov,I. Shesterkin,8481611,8478048,28,21,29,27,56,7.6,-7.8,-0.2
2023020576,2024-01-02 00:00:00,20232024,WSH,PIT,4,3,7,1,0,D. Kuemper,T. Jarry,8475311,8477465,32,4,35,7,42,4.4,-5.2,-0.8
2023020577,2024-01-02 00:00:00,20232024,MTL,DAL,4,3,7,1,0,S. Montembeault,S. Wedgewood,8478470,8475809,30,14,33,18,51,4.0,-5.2,-1.2
2023020578,2024-01-02 00:00:00,20232024,CGY,MIN,3,1,4,2,0,J. Markstrom,M. Fleury,8474593,8470594,28,30,29,32,61,7.6,2.0,9.6
2023020579,2024-01-02 00:00:00,20232024,CHI,NSH,0,3,3,3,0,A. Soderblom,J. Saros,8482821,8477424,33,21,35,21,56,2.6,11.2,13.8
2023020580,2024-01-02 00:00:00,20232024,TBL,WPG,2,4,6,2,0,A. Vasilevskiy,C. Hellebuyck,8476883,8476945,24,32,27,34,61,-1.2,6.4,5.2
2023020581,2024-01-02 00:00:00,20232024,FLA,ARI,4,1,5,3,0,S. Bobrovsky,K. Vejmelka,8475683,8478872,21,35,22,37,59,6.2,1.0,7.2
2023020582,2024-01-02 00:00:00,20232024,NYI,COL,4,5,9,1,1,S. Varlamov,A. Georgiev,8473575,8480382,11,18,12,22,34,0.2,-0.4,-0.2
2023020583,2024-01-02 00:00:00,20232024,PHI,EDM,2,5,7,3,0,C. Hart,S. Skinner,8479394,8479973,31,35,36,37,73,-3.8,7.0,3.2
2023020584,2024-01-02 00:00:00,20232024,OTT,VAN,3,6,9,3,0,A. Forsberg,T. Demko,8476341,8477967,9,35,13,38,51,-6.2,5.0,-1.2
2023020585,2024-01-02 00:00:00,20232024,TOR,LAK,3,0,3,3,0,M. Jones,C. Talbot,8474889,8475660,31,26,31,28,59,13.2,1.2,14.4
2023020586,2024-01-02 00:00:00,20232024,DET,SJS,5,3,8,2,0,A. Lyon,K. Kahkonen,8479312,8478039,24,26,27,30,57,2.8,-2.8,0.0
2023020587,2024-01-03 00:00:00,20232024,NJD,WSH,6,3,9,3,0,N. Daws,H. Shepard,8482076,8482411,23,22,26,28,54,2.6,-7.6,-5.0
2023020588,2024-01-03 00:00:00,20232024,TOR,ANA,2,1,3,1,1,M. Jones,L. Dostal,8474889,8480843,27,55,28,57,85,7.4,8.0,15.4
2023020589,2024-01-04 00:00:00,20232024,PIT,BOS,6,5,11,1,0,A. Nedeljkovic,J. Swayman,8477968,8480280,24,29,29,35,64,-1.2,-6.2,-7.4
2023020590,2024-01-04 00:00:00,20232024,BUF,MTL,6,1,7,5,0,D. Levi,J. Allen,8482221,8474596,32,32,33,37,70,8.4,-3.6,4.8
2023020591,2024-01-04 00:00:00,20232024,CHI,NYR,1,4,5,3,0,P. Mrazek,I. Shesterkin,8475852,8478048,28,22,32,23,55,-2.4,6.4,4.0
2023020592,2024-01-04 00:00:00,20232024,CBJ,PHI,3,2,5,1,1,D. Tarasov,S. Ersson,8480193,8481035,39,26,41,28,69,7.8,2.2,10.0
2023020593,2024-01-04 00:00:00,20232024,COL,DAL,5,4,9,1,1,A. Georgiev,S. Wedgewood,8480382,8475809,28,29,32,34,66,1.6,-3.2,-1.6
2023020594,2024-01-04 00:00:00,20232024,TBL,MIN,4,1,5,3,0,A. Vasilevskiy,M. Fleury,8476883,8470594,22,26,23,29,52,6.4,-0.8,5.6
2023020595,2024-01-04 00:00:00,20232024,CGY,NSH,6,3,9,3,0,D. Vladar,J. Saros,8478435,8477424,29,20,32,25,57,3.8,-6.0,-2.2
2023020596,2024-01-04 00:00:00,20232024,VAN,STL,1,2,3,1,0,T. Demko,J. Binnington,8477967,8476412,30,25,32,26,58,2.0,7.0,9.0
2023020597,2024-01-04 00:00:00,20232024,NYI,ARI,5,1,6,4,0,I. Sorokin,C. Ingram,8478009,8478971,26,26,27,31,58,7.2,-4.8,2.4
2023020598,2024-01-04 00:00:00,20232024,OTT,SEA,1,4,5,3,0,J. Korpisalo,J. Daccord,8476914,8478916,24,32,27,33,60,-1.2,8.4,7.2
2023020599,2024-01-04 00:00:00,20232024,FLA,VGK,4,1,5,3,0,S. Bobrovsky,L. Thompson,8475683,8480313,26,32,27,36,63,7.2,-1.6,5.6
2023020600,2024-01-04 00:00:00,20232024,DET,LAK,4,3,7,1,1,A. Lyon,D. Rittich,8479312,8479496,40,24,43,27,70,6.0,-0.2,5.8
2023020601,2024-01-04 00:00:00,20232024,WPG,SJS,2,1,3,1,0,C. Hellebuyck,M. Blackwood,8476945,8478406,27,28,28,30,58,7.4,1.6,9.0
2023020602,2024-01-05 00:00:00,20232024,CHI,NJD,2,4,6,2,0,A. Soderblom,V. Vanecek,8482821,8477970,28,23,31,25,56,-0.4,4.6,4.2
2023020603,2024-01-05 00:00:00,20232024,CAR,WSH,6,2,8,4,0,P. Kochetkov,D. Kuemper,8481611,8475311,15,28,17,33,50,3.0,-4.4,-1.4
2023020604,2024-01-05 00:00:00,20232024,WPG,ANA,3,1,4,2,0,L. Brossoit,J. Gibson,8476316,8476434,37,24,38,27,65,9.4,-1.2,8.2
2023020605,2024-01-06 00:00:00,20232024,CGY,PHI,2,3,5,1,0,J. Markstrom,C. Hart,8474593,8479394,39,22,42,24,66,1.8,4.4,6.2
2023020606,2024-01-06 00:00:00,20232024,FLA,COL,8,4,12,4,0,S. Bobrovsky,I. Prosvetov,8475683,8481031,22,9,26,13,39,0.4,-6.2,-5.8
2023020607,2024-01-06 00:00:00,20232024,TBL,BOS,3,7,10,4,0,A. Vasilevskiy,L. Ullmark,8476883,8476999,19,23,25,26,51,-8.2,2.6,-5.6
2023020608,2024-01-06 00:00:00,20232024,STL,CAR,2,1,3,1,1,J. Binnington,A. Raanta,8476412,8477293,29,21,30,22,52,7.8,3.2,11.0
2023020609,2024-01-06 00:00:00,20232024,MIN,CBJ,4,3,7,1,1,M. Fleury,D. Tarasov,8470594,8480193,26,32,29,36,65,3.2,-0.6,2.6
2023020610,2024-01-06 00:00:00,20232024,NYR,MTL,3,4,7,1,1,J. Quick,S. Montembeault,8471734,8478470,27,45,30,48,78,0.4,7.0,7.4
2023020611,2024-01-06 00:00:00,20232024,VAN,NJD,6,4,10,2,0,T. Demko,N. Daws,8477967,8482076,21,37,25,42,67,0.2,-2.6,-2.4
2023020612,2024-01-06 00:00:00,20232024,BUF,PIT,3,1,4,2,0,U. Luukkonen,T. Jarry,8480045,8477465,40,29,41,32,73,10.0,-0.2,9.8
2023020613,2024-01-06 00:00:00,20232024,TOR,SJS,4,1,5,3,0,M. Jones,M. Blackwood,8474889,8478406,23,28,24,32,56,6.6,-2.4,4.2
2023020614,2024-01-06 00:00:00,20232024,NSH,DAL,4,3,7,1,0,K. Lankinen,S. Wedgewood,8480947,8475809,26,18,29,22,51,3.2,-4.4,-1.2
2023020615,2024-01-06 00:00:00,20232024,OTT,EDM,1,3,4,2,0,A. Forsberg,S. Skinner,8476341,8479973,43,29,46,30,76,2.6,7.8,10.4
2023020616,2024-01-06 00:00:00,20232024,NYI,VGK,2,5,7,3,0,I. Sorokin,L. Thompson,8478009,8480313,25,27,30,29,59,-5.0,5.4,0.4
2023020617,2024-01-07 00:00:00,20232024,CGY,CHI,3,4,7,1,0,D. Vladar,P. Mrazek,8478435,8475852,16,27,20,30,50,-4.8,3.4,-1.4
2023020618,2024-01-07 00:00:00,20232024,LAK,WSH,3,4,7,1,0,C. Talbot,D. Kuemper,8475660,8475311,30,38,34,41,75,-2.0,5.6,3.6
2023020619,2024-01-07 00:00:00,20232024,WPG,ARI,6,2,8,4,0,C. Hellebuyck,K. Vejmelka,8476945,8478872,15,31,17,35,52,3.0,-3.8,-0.8
2023020620,2024-01-07 00:00:00,20232024,DET,ANA,3,2,5,1,0,A. Lyon,L. Dostal,8479312,8480843,29,25,31,28,59,5.8,-1.0,4.8
2023020621,2024-01-08 00:00:00,20232024,VAN,NYR,6,3,9,3,0,T. Demko,I. Shesterkin,8477967,8478048,39,20,42,25,67,5.8,-6.0,-0.2
2023020622,2024-01-08 00:00:00,20232024,PIT,PHI,4,1,5,3,0,A. Nedeljkovic,C. Hart,8477968,8479394,36,35,37,39,76,9.2,-1.0,8.2
2023020623,2024-01-08 00:00:00,20232024,DAL,MIN,4,0,4,4,0,M. Murray,M. Fleury,8483575,8470594,23,16,23,20,43,11.6,-4.8,6.8
2023020624,2024-01-08 00:00:00,20232024,BOS,COL,3,4,7,1,1,J. Swayman,A. Georgiev,8480280,8480382,33,23,36,26,62,1.6,2.6,4.2
2023020625,2024-01-09 00:00:00,20232024,SEA,BUF,5,2,7,3,0,J. Daccord,D. Levi,8478916,8482221,36,21,38,26,64,7.2,-5.8,1.4
2023020626,2024-01-09 00:00:00,20232024,LAK,TBL,2,3,5,1,1,C. Talbot,A. Vasilevskiy,8475660,8476883,26,20,29,22,51,0.2,4.0,4.2
2023020627,2024-01-09 00:00:00,20232024,SJS,TOR,1,7,8,6,0,K. Kahkonen,M. Jones,8478039,8474889,16,22,20,23,43,-4.8,6.4,1.6
2023020628,2024-01-09 00:00:00,20232024,VAN,NYI,5,2,7,3,0,C. DeSmith,I. Sorokin,8479193,8478009,18,29,20,33,53,3.6,-2.2,1.4
2023020629,2024-01-09 00:00:00,20232024,ANA,NSH,5,3,8,2,0,L. Dostal,J. Saros,8480843,8477424,39,28,42,33,75,5.8,-4.4,1.4
2023020630,2024-01-09 00:00:00,20232024,FLA,STL,5,1,6,4,0,A. Stolarz,J. Hofer,8476932,8480981,29,26,30,30,60,7.8,-2.8,5.0
2023020631,2024-01-09 00:00:00,20232024,CBJ,WPG,0,5,5,5,0,D. Tarasov,C. Hellebuyck,8480193,8476945,18,29,23,29,52,-6.4,12.8,6.4
2023020632,2024-01-09 00:00:00,20232024,EDM,CHI,2,1,3,1,0,S. Skinner,P. Mrazek,8479973,8475852,25,13,26,15,41,7.0,-1.4,5.6
2023020633,2024-01-09 00:00:00,20232024,BOS,ARI,3,4,7,1,1,L. Ullmark,C. Ingram,8476999,8478971,32,30,35,33,68,0.4,4.0,4.4
2023020634,2024-01-09 00:00:00,20232024,OTT,CGY,3,6,9,3,0,J. Korpisalo,J. Markstrom,8476914,8474593,30,30,35,33,68,-4.0,4.0,0.0
2023020635,2024-01-10 00:00:00,20232024,MTL,PHI,2,3,5,1,1,C. Primeau,S. Ersson,8480051,8481035,37,17,39,19,58,4.4,3.4,7.8
2023020636,2024-01-10 00:00:00,20232024,MIN,DAL,2,7,9,5,0,J. Wallstedt,S. Wedgewood,8482661,8475809,27,21,34,23,57,-8.6,4.2,-4.4
2023020637,2024-01-10 00:00:00,20232024,VGK,COL,0,3,3,3,0,J. Patera,A. Georgiev,8480238,8480382,32,25,35,25,60,0.4,12.0,12.4
2023020638,2024-01-11 00:00:00,20232024,OTT,BUF,3,5,8,2,0,A. Forsberg,U. Luukkonen,8476341,8480045,6,25,7,28,35,-0.8,3.0,2.2
2023020639,2024-01-11 00:00:00,20232024,ANA,CAR,3,6,9,3,0,J. Gibson,P. Kochetkov,8476434,8481611,20,10,25,13,38,-6.0,-4.0,-10.0
2023020640,2024-01-11 00:00:00,20232024,EDM,DET,3,2,5,1,1,C. Pickard,A. Lyon,8475717,8479312,16,44,18,47,65,3.2,3.8,7.0
2023020641,2024-01-11 00:00:00,20232024,LAK,FLA,2,3,5,1,1,C. Talbot,S. Bobrovsky,8475660,8475683,38,31,41,33,74,2.6,6.2,8.8
2023020642,2024-01-11 00:00:00,20232024,SJS,MTL,3,2,5,1,0,M. Blackwood,S. Montembeault,8478406,8478470,33,32,35,35,70,6.6,0.4,7.0
2023020643,2024-01-11 00:00:00,20232024,VAN,PIT,4,3,7,1,1,T. Demko,A. Nedeljkovic,8477967,8477968,32,6,35,9,44,4.4,-4.8,-0.4
2023020644,2024-01-11 00:00:00,20232024,NJD,TBL,3,4,7,1,1,V. Vanecek,A. Vasilevskiy,8477970,8476883,16,27,20,30,50,-3.8,3.4,-0.4
2023020645,2024-01-11 00:00:00,20232024,SEA,WSH,4,1,5,3,0,J. Daccord,D. Kuemper,8478916,8475311,25,19,26,23,49,7.0,-4.2,2.8
2023020646,2024-01-11 00:00:00,20232024,TOR,NYI,3,4,7,1,1,M. Jones,I. Sorokin,8474889,8478009,26,32,30,35,65,-1.8,4.4,2.6
2023020647,2024-01-11 00:00:00,20232024,NYR,STL,2,5,7,3,0,I. Shesterkin,J. Binnington,8478048,8476412,15,41,19,43,62,-5.0,8.2,3.2
2023020648,2024-01-11 00:00:00,20232024,CHI,WPG,1,2,3,1,0,P. Mrazek,L. Brossoit,8475852,8476316,26,20,28,21,49,1.2,6.0,7.2
2023020649,2024-01-11 00:00:00,20232024,CGY,ARI,6,2,8,4,0,J. Markstrom,K. Vejmelka,8474593,8478872,32,8,34,12,46,6.4,-6.4,0.0
2023020650,2024-01-11 00:00:00,20232024,BOS,VGK,1,2,3,1,1,J. Swayman,L. Thompson,8480280,8480313,23,32,25,33,58,1.6,8.4,10.0
2023020651,2024-01-12 00:00:00,20232024,NSH,DAL,6,3,9,3,0,K. Lankinen,J. Oettinger,8480947,8479979,19,32,22,36,58,1.8,-1.6,0.2
2023020652,2024-01-12 00:00:00,20232024,PHI,MIN,4,3,7,1,1,C. Hart,M. Fleury,8479394,8470594,26,31,29,35,64,3.2,-0.8,2.4
2023020653,2024-01-13 00:00:00,20232024,NYR,WSH,2,3,5,1,0,J. Quick,C. Lindgren,8471734,8479292,18,25,21,27,48,-2.4,5.0,2.6
2023020654,2024-01-13 00:00:00,20232024,VAN,BUF,1,0,1,1,0,T. Demko,U. Luukkonen,8477967,8480045,26,22,26,23,49,12.2,2.4,14.6
2023020655,2024-01-13 00:00:00,20232024,SJS,OTT,4,5,9,1,0,M. Blackwood,J. Korpisalo,8478406,8476914,36,14,41,18,59,-2.8,-1.2,-4.0
2023020656,2024-01-13 00:00:00,20232024,NJD,FLA,4,1,5,3,0,N. Daws,S. Bobrovsky,8482076,8475683,35,18,36,21,57,9.0,-2.4,6.6
2023020657,2024-01-13 00:00:00,20232024,PIT,CAR,2,3,5,1,1,T. Jarry,A. Raanta,8477465,8477293,32,38,35,40,75,1.4,7.6,9.0
2023020658,2024-01-13 00:00:00,20232024,SEA,CBJ,7,4,11,3,0,J. Daccord,D. Tarasov,8478916,8480193,30,29,34,35,69,2.0,-6.2,-4.2
2023020659,2024-01-13 00:00:00,20232024,LAK,DET,3,5,8,2,0,C. Talbot,A. Lyon,8475660,8479312,22,33,27,36,63,-5.6,4.6,-1.0
2023020660,2024-01-13 00:00:00,20232024,EDM,MTL,2,1,3,1,1,S. Skinner,S. Montembeault,8479973,8478470,23,39,24,41,65,6.6,4.8,11.4
2023020661,2024-01-13 00:00:00,20232024,ANA,TBL,1,5,6,4,0,L. Dostal,A. Vasilevskiy,8480843,8476883,36,19,41,20,61,-2.8,5.8,3.0
2023020662,2024-01-13 00:00:00,20232024,COL,TOR,5,3,8,2,0,A. Georgiev,M. Jones,8480382,8474889,26,28,29,32,61,3.2,-2.4,0.8
2023020663,2024-01-13 00:00:00,20232024,PHI,WPG,2,0,2,2,0,S. Ersson,C. Hellebuyck,8481035,8476945,35,34,35,36,71,14.0,2.8,16.8
2023020664,2024-01-13 00:00:00,20232024,DAL,CHI,3,1,4,2,0,S. Wedgewood,P. Mrazek,8475809,8475852,14,27,14,29,43,5.8,1.4,7.2
2023020665,2024-01-13 00:00:00,20232024,ARI,MIN,6,0,6,6,0,C. Ingram,F. Gustavsson,8478971,8479406,38,13,38,18,56,14.6,-7.4,7.2
2023020666,2024-01-13 00:00:00,20232024,NYI,NSH,1,3,4,2,0,I. Sorokin,J. Saros,8478009,8477424,25,24,27,25,52,1.0,6.8,7.8
2023020667,2024-01-13 00:00:00,20232024,BOS,STL,4,3,7,1,1,J. Swayman,J. Binnington,8480280,8476412,20,31,23,35,58,2.0,-0.8,1.2
2023020668,2024-01-13 00:00:00,20232024,CGY,VGK,3,1,4,2,0,J. Markstrom,L. Thompson,8474593,8480313,31,23,32,26,58,8.2,-1.4,6.8
2023020669,2024-01-14 00:00:00,20232024,WSH,NYR,1,2,3,1,0,C. Lindgren,I. Shesterkin,8479292,8478048,29,24,31,25,56,1.8,6.8,8.6
2023020670,2024-01-14 00:00:00,20232024,DET,TOR,4,2,6,2,0,J. Reimer,I. Samsonov,8473503,8478492,28,20,30,23,53,5.6,-2.0,3.6
2023020671,2024-01-15 00:00:00,20232024,NJD,BOS,0,3,3,3,0,N. Daws,J. Swayman,8482076,8480280,33,31,35,31,66,2.6,13.2,15.8
2023020672,2024-01-15 00:00:00,20232024,SJS,BUF,0,3,3,3,0,K. Kahkonen,U. Luukkonen,8478039,8480045,32,28,34,28,62,2.4,12.6,15.0
2023020673,2024-01-15 00:00:00,20232024,VAN,CBJ,3,4,7,1,1,C. DeSmith,E. Merzlikins,8479193,8478007,40,27,43,30,73,3.0,3.4,6.4
2023020674,2024-01-15 00:00:00,20232024,ANA,FLA,5,4,9,1,1,J. Gibson,A. Stolarz,8476434,8476932,29,21,33,26,59,1.8,-4.8,-3.0
2023020675,2024-01-15 00:00:00,20232024,LAK,CAR,5,2,7,3,0,D. Rittich,A. Raanta,8479496,8477293,30,20,32,24,56,6.0,-4.0,2.0
2023020676,2024-01-15 00:00:00,20232024,NYI,MIN,0,5,5,5,0,I. Sorokin,M. Fleury,8478009,8470594,29,21,32,21,53,-0.2,11.2,11.0
2023020677,2024-01-15 00:00:00,20232024,SEA,PIT,0,3,3,3,0,J. Daccord,T. Jarry,8478916,8477465,30,22,32,22,54,2.0,11.4,13.4
2023020678,2024-01-15 00:00:00,20232024,COL,MTL,3,4,7,1,0,A. Georgiev,J. Allen,8480382,8474596,30,32,34,35,69,-2.0,4.4,2.4
2023020679,2024-01-15 00:00:00,20232024,PHI,STL,4,2,6,2,0,C. Hart,J. Hofer,8479394,8480981,28,38,30,41,71,5.6,1.6,7.2
2023020680,2024-01-15 00:00:00,20232024,NSH,VGK,1,4,5,3,0,J. Saros,L. Thompson,8477424,8480313,25,34,28,35,63,-1.0,8.8,7.8
2023020681,2024-01-16 00:00:00,20232024,SEA,NYR,2,5,7,3,0,C. Driedger,I. Shesterkin,8476904,8478048,18,29,22,31,53,-4.4,5.8,1.4
2023020682,2024-01-16 00:00:00,20232024,COL,OTT,7,4,11,3,0,J. Annunen,M. Sogaard,8481020,8481544,36,27,40,33,73,3.2,-6.6,-3.4
2023020683,2024-01-16 00:00:00,20232024,ANA,WSH,0,2,2,2,0,J. Gibson,D. Kuemper,8476434,8475311,26,24,27,24,51,3.2,11.8,15.0
2023020684,2024-01-16 00:00:00,20232024,LAK,DAL,1,5,6,4,0,C. Talbot,J. Oettinger,8475660,8479979,23,31,28,32,60,-5.4,8.2,2.8
2023020685,2024-01-16 00:00:00,20232024,NYI,WPG,2,4,6,2,0,I. Sorokin,C. Hellebuyck,8478009,8476945,40,35,43,37,80,2.0,7.0,9.0
2023020686,2024-01-16 00:00:00,20232024,SJS,CHI,1,2,3,1,1,M. Blackwood,P. Mrazek,8478406,8475852,24,37,25,38,63,3.8,9.4,13.2
2023020687,2024-01-16 00:00:00,20232024,ARI,CGY,2,3,5,1,1,C. Ingram,D. Vladar,8478971,8478435,27,23,30,25,55,0.4,4.6,5.0
2023020688,2024-01-16 00:00:00,20232024,TOR,EDM,2,4,6,2,0,M. Jones,S. Skinner,8474889,8479973,28,25,31,27,58,-0.4,5.0,4.6
2023020689,2024-01-17 00:00:00,20232024,DET,FLA,3,2,5,1,1,A. Lyon,S. Bobrovsky,8479312,8475683,32,26,34,29,63,6.4,0.2,6.6
2023020690,2024-01-17 00:00:00,20232024,MTL,NJD,3,2,5,1,0,S. Montembeault,N. Daws,8478470,8482076,28,22,30,25,55,5.6,-1.6,4.0
2023020691,2024-01-18 00:00:00,20232024,CHI,BUF,0,3,3,3,0,A. Soderblom,U. Luukkonen,8482821,8480045,28,19,31,19,50,-0.4,10.8,10.4
2023020692,2024-01-18 00:00:00,20232024,COL,BOS,2,5,7,3,0,A. Georgiev,J. Swayman,8480382,8480280,26,30,30,32,62,-2.8,6.0,3.2
2023020693,2024-01-18 00:00:00,20232024,MTL,OTT,2,6,8,4,0,C. Primeau,J. Korpisalo,8480051,8476914,31,21,36,23,59,-3.8,4.2,0.4
2023020694,2024-01-18 00:00:00,20232024,DAL,PHI,1,5,6,4,0,J. Oettinger,S. Ersson,8479979,8481035,38,14,43,15,58,-2.4,4.8,2.4
2023020695,2024-01-18 00:00:00,20232024,MIN,TBL,3,7,10,4,0,F. Gustavsson,A. Vasilevskiy,8479406,8476883,31,30,38,33,71,-7.8,4.0,-3.8
2023020696,2024-01-18 00:00:00,20232024,STL,WSH,2,5,7,3,0,J. Binnington,C. Lindgren,8476412,8479292,21,18,25,20,45,-3.8,3.6,-0.2
2023020697,2024-01-18 00:00:00,20232024,TOR,CGY,4,3,7,1,0,M. Jones,D. Vladar,8474889,8478435,23,28,26,32,58,2.6,-2.4,0.2
2023020698,2024-01-18 00:00:00,20232024,SEA,EDM,2,4,6,2,0,J. Daccord,S. Skinner,8478916,8479973,32,25,36,27,63,-1.6,5.0,3.4
2023020699,2024-01-18 00:00:00,20232024,NSH,LAK,2,1,3,1,0,J. Saros,D. Rittich,8477424,8479496,33,31,34,33,67,8.6,2.2,10.8
2023020700,2024-01-18 00:00:00,20232024,ARI,VAN,1,2,3,1,0,C. Ingram,T. Demko,8478971,8477967,24,20,26,21,47,0.8,6.0,6.8
2023020701,2024-01-18 00:00:00,20232024,NYR,VGK,1,5,6,4,0,I. Shesterkin,L. Thompson,8478048,8480313,21,29,25,30,55,-3.8,7.8,4.0
2023020702,2024-01-19 00:00:00,20232024,DET,CAR,2,4,6,2,0,A. Lyon,A. Raanta,8479312,8477293,26,10,29,12,41,-0.8,2.0,1.2
2023020703,2024-01-19 00:00:00,20232024,NJD,CBJ,4,1,5,3,0,V. Vanecek,E. Merzlikins,8477970,8478007,29,29,30,33,63,7.8,-2.2,5.6
2023020704,2024-01-19 00:00:00,20232024,MIN,FLA,6,4,10,2,0,M. Fleury,S. Bobrovsky,8470594,8475683,10,11,11,15,26,0.0,-5.8,-5.8
2023020705,2024-01-19 00:00:00,20232024,NYI,CHI,3,4,7,1,1,I. Sorokin,P. Mrazek,8478009,8475852,20,27,24,30,54,-3.0,3.4,0.4
2023020706,2024-01-20 00:00:00,20232024,TBL,BUF,3,1,4,2,0,J. Johansson,U. Luukkonen,8477992,8480045,26,13,27,15,42,7.2,-1.4,5.8
2023020707,2024-01-20 00:00:00,20232024,COL,PHI,7,4,11,3,0,A. Georgiev,C. Hart,8480382,8479394,36,10,40,15,55,3.2,-8.0,-4.8
2023020708,2024-01-20 00:00:00,20232024,NSH,ARI,2,3,5,1,0,J. Saros,C. Ingram,8477424,8478971,21,30,24,32,56,-1.8,6.0,4.2
2023020709,2024-01-20 00:00:00,20232024,WPG,OTT,2,1,3,1,1,C. Hellebuyck,J. Korpisalo,8476945,8476914,34,27,35,29,64,8.8,2.4,11.2
2023020710,2024-01-20 00:00:00,20232024,MTL,BOS,4,9,13,5,0,S. Montembeault,L. Ullmark,8478470,8476999,22,17,30,21,51,-11.6,-0.6,-12.2
2023020711,2024-01-20 00:00:00,20232024,DAL,NJD,6,2,8,4,0,S. Wedgewood,N. Daws,8475809,8482076,29,30,31,36,67,5.8,-6.0,-0.2
2023020712,2024-01-20 00:00:00,20232024,TOR,VAN,4,6,10,2,0,M. Jones,T. Demko,8474889,8477967,15,42,21,46,67,-9.0,4.4,-4.6
2023020713,2024-01-20 00:00:00,20232024,WSH,STL,0,3,3,3,0,C. Lindgren,J. Binnington,8479292,8476412,26,18,29,18,47,-0.8,10.6,9.8
2023020714,2024-01-20 00:00:00,20232024,EDM,CGY,3,1,4,2,0,S. Skinner,D. Vladar,8479973,8478435,26,29,27,31,58,7.2,1.8,9.0
2023020715,2024-01-20 00:00:00,20232024,ANA,SJS,3,5,8,2,0,J. Gibson,M. Blackwood,8476434,8478406,14,31,18,34,52,-5.2,4.2,-1.0
2023020716,2024-01-20 00:00:00,20232024,PIT,VGK,2,3,5,1,0,T. Jarry,L. Thompson,8477465,8480313,26,23,29,25,54,-0.8,4.6,3.8
2023020717,2024-01-20 00:00:00,20232024,NYR,LAK,1,2,3,1,0,J. Quick,D. Rittich,8471734,8479496,24,22,26,23,49,0.8,6.4,7.2
2023020718,2024-01-21 00:00:00,20232024,OTT,PHI,5,3,8,2,0,M. Sogaard,S. Ersson,8481544,8481035,22,29,25,33,58,2.4,-2.2,0.2
2023020719,2024-01-21 00:00:00,20232024,MIN,CAR,5,2,7,3,0,F. Gustavsson,A. Raanta,8479406,8477293,40,14,42,17,59,8.0,-3.2,4.8
2023020720,2024-01-21 00:00:00,20232024,TBL,DET,1,2,3,1,0,A. Vasilevskiy,A. Lyon,8476883,8479312,33,27,35,28,63,2.6,7.4,10.0
2023020721,2024-01-21 00:00:00,20232024,DAL,NYI,2,3,5,1,1,S. Wedgewood,I. Sorokin,8475809,8478009,25,41,28,43,71,0.0,8.2,8.2
2023020722,2024-01-21 00:00:00,20232024,NYR,ANA,5,2,7,3,0,I. Shesterkin,L. Dostal,8478048,8480843,16,28,18,32,50,3.2,-2.4,0.8
2023020723,2024-01-21 00:00:00,20232024,TOR,SEA,3,1,4,2,0,I. Samsonov,J. Daccord,8478492,8478916,16,23,17,25,42,5.2,0.6,5.8
2023020724,2024-01-22 00:00:00,20232024,WPG,BOS,1,4,5,3,0,C. Hellebuyck,J. Swayman,8476945,8480280,17,20,20,21,41,-2.6,6.0,3.4
2023020725,2024-01-22 00:00:00,20232024,VGK,NJD,5,6,11,1,1,L. Thompson,V. Vanecek,8480313,8477970,32,27,38,32,70,-4.6,-0.6,-5.2
2023020726,2024-01-22 00:00:00,20232024,FLA,NSH,4,1,5,3,0,A. Stolarz,J. Saros,8476932,8477424,26,34,27,36,63,7.2,2.8,10.0
2023020727,2024-01-22 00:00:00,20232024,PIT,ARI,2,5,7,3,0,T. Jarry,C. Ingram,8477465,8478971,22,25,26,27,53,-3.6,5.0,1.4
2023020728,2024-01-22 00:00:00,20232024,CHI,VAN,0,2,2,2,0,P. Mrazek,T. Demko,8475852,8477967,27,31,29,31,60,1.4,13.2,14.6
2023020729,2024-01-22 00:00:00,20232024,SJS,LAK,4,3,7,1,1,K. Kahkonen,D. Rittich,8478039,8479496,44,24,47,27,74,6.8,-0.2,6.6
2023020730,2024-01-23 00:00:00,20232024,DAL,DET,5,4,9,1,0,J. Oettinger,A. Lyon,8479979,8479312,30,27,34,32,66,2.0,-4.6,-2.6
2023020731,2024-01-23 00:00:00,20232024,OTT,MTL,4,1,5,3,0,J. Korpisalo,J. Allen,8476914,8474596,24,24,25,27,52,6.8,-1.2,5.6
2023020732,2024-01-23 00:00:00,20232024,TBL,PHI,6,3,9,3,0,A. Vasilevskiy,S. Ersson,8476883,8481035,29,15,32,19,51,3.8,-5.0,-1.2
2023020733,2024-01-23 00:00:00,20232024,VGK,NYI,3,2,5,1,0,A. Hill,I. Sorokin,8478499,8478009,40,24,42,27,69,8.0,-1.2,6.8
2023020734,2024-01-23 00:00:00,20232024,WSH,MIN,3,5,8,2,0,D. Kuemper,F. Gustavsson,8475311,8479406,25,30,30,33,63,-5.0,4.0,-1.0
2023020735,2024-01-23 00:00:00,20232024,STL,CGY,4,3,7,1,0,J. Binnington,J. Markstrom,8476412,8474593,32,22,35,26,61,4.4,-3.6,0.8
2023020736,2024-01-23 00:00:00,20232024,CBJ,EDM,1,4,5,3,0,E. Merzlikins,S. Skinner,8478007,8479973,20,26,24,27,51,-4.0,7.2,3.2
2023020737,2024-01-23 00:00:00,20232024,BUF,ANA,2,4,6,2,0,U. Luukkonen,J. Gibson,8480045,8476434,32,28,35,30,65,0.4,5.6,6.0
2023020738,2024-01-23 00:00:00,20232024,NYR,SJS,2,3,5,1,1,I. Shesterkin,M. Blackwood,8478048,8478406,19,29,22,31,53,-1.2,5.8,4.6
2023020739,2024-01-24 00:00:00,20232024,ARI,FLA,2,6,8,4,0,K. Vejmelka,S. Bobrovsky,8478872,8475683,36,31,42,33,75,-4.8,6.2,1.4
2023020740,2024-01-24 00:00:00,20232024,WPG,TOR,0,1,1,1,1,L. Brossoit,I. Samsonov,8476316,8478492,29,32,30,32,62,4.8,13.4,18.2
2023020741,2024-01-24 00:00:00,20232024,CAR,BOS,3,2,5,1,0,S. Martin,L. Ullmark,8477484,8476999,26,30,28,33,61,5.2,0.0,5.2
2023020742,2024-01-24 00:00:00,20232024,WSH,COL,2,6,8,4,0,C. Lindgren,A. Georgiev,8479292,8480382,25,23,31,25,56,-7.0,4.6,-2.4
2023020743,2024-01-24 00:00:00,20232024,CHI,SEA,2,6,8,4,0,A. Soderblom,J. Daccord,8482821,8478916,23,32,28,34,62,-7.4,6.4,-1.0
2023020744,2024-01-24 00:00:00,20232024,STL,VAN,4,3,7,1,1,J. Hofer,C. DeSmith,8480981,8479193,29,14,32,18,50,3.8,-4.2,-0.4
2023020745,2024-01-24 00:00:00,20232024,BUF,LAK,5,3,8,2,0,D. Levi,C. Talbot,8482221,8475660,37,32,40,37,77,5.4,-3.6,1.8
2023020746,2024-01-25 00:00:00,20232024,NJD,CAR,2,3,5,1,0,N. Daws,A. Raanta,8482076,8477293,9,23,12,25,37,-4.2,4.6,0.4
2023020747,2024-01-25 00:00:00,20232024,PHI,DET,0,3,3,3,0,S. Ersson,A. Lyon,8481035,8479312,14,30,17,30,47,-3.2,13.0,9.8
2023020748,2024-01-25 00:00:00,20232024,NYI,MTL,3,4,7,1,0,S. Varlamov,S. Montembeault,8473575,8478470,22,43,26,46,72,-3.6,6.6,3.0
2023020749,2024-01-25 00:00:00,20232024,BOS,OTT,3,2,5,1,1,J. Swayman,J. Korpisalo,8480280,8476914,35,20,37,23,60,7.0,-1.0,6.0
2023020750,2024-01-25 00:00:00,20232024,ARI,TBL,3,6,9,3,0,C. Ingram,A. Vasilevskiy,8478971,8476883,31,17,37,20,57,-5.8,1.4,-4.4
2023020751,2024-01-25 00:00:00,20232024,ANA,DAL,3,4,7,1,1,J. Gibson,J. Oettinger,8476434,8479979,40,18,44,21,65,1.0,1.6,2.6
2023020752,2024-01-25 00:00:00,20232024,NSH,MIN,3,2,5,1,0,J. Saros,F. Gustavsson,8477424,8479406,22,26,24,29,53,4.4,-0.8,3.6
2023020753,2024-01-25 00:00:00,20232024,CBJ,CGY,5,2,7,3,0,D. Tarasov,J. Markstrom,8480193,8474593,28,27,30,31,61,5.6,-2.6,3.0
2023020754,2024-01-25 00:00:00,20232024,CHI,EDM,0,3,3,3,0,P. Mrazek,C. Pickard,8475852,8475717,31,27,33,27,60,2.2,12.4,14.6
2023020755,2024-01-26 00:00:00,20232024,VGK,NYR,5,2,7,3,0,A. Hill,I. Shesterkin,8478499,8478048,36,15,38,19,57,7.2,-5.0,2.2
2023020756,2024-01-26 00:00:00,20232024,FLA,PIT,3,2,5,1,1,S. Bobrovsky,A. Nedeljkovic,8475683,8477968,35,29,37,31,68,7.0,2.8,9.8
2023020757,2024-01-26 00:00:00,20232024,LAK,COL,1,5,6,4,0,C. Talbot,A. Georgiev,8475660,8480382,9,26,12,27,39,-4.2,7.2,3.0
2023020758,2024-01-26 00:00:00,20232024,STL,SEA,4,3,7,1,1,J. Binnington,J. Daccord,8476412,8478916,33,14,36,18,54,4.6,-4.2,0.4
2023020759,2024-01-27 00:00:00,20232024,BOS,PHI,6,2,8,4,0,L. Ullmark,S. Ersson,8476999,8481035,35,10,37,14,51,7.0,-6.0,1.0
2023020760,2024-01-27 00:00:00,20232024,WSH,DAL,4,5,9,1,1,C. Lindgren,J. Oettinger,8479292,8479979,30,24,35,28,63,-3.0,0.8,-2.2
2023020761,2024-01-27 00:00:00,20232024,NSH,EDM,1,4,5,3,0,K. Lankinen,S. Skinner,8480947,8479973,17,28,20,29,49,-2.6,7.6,5.0
2023020762,2024-01-27 00:00:00,20232024,BUF,SJS,5,2,7,3,0,U. Luukkonen,K. Kahkonen,8480045,8478039,24,31,26,35,61,4.8,-1.8,3.0
2023020763,2024-01-27 00:00:00,20232024,ARI,CAR,1,3,4,2,0,C. Ingram,A. Raanta,8478971,8477293,36,10,39,11,50,1.2,4.0,5.2
2023020764,2024-01-27 00:00:00,20232024,VGK,DET,2,5,7,3,0,L. Thompson,A. Lyon,8480313,8479312,24,28,28,30,58,-3.2,5.6,2.4
2023020765,2024-01-27 00:00:00,20232024,NYR,OTT,7,2,9,5,0,J. Quick,J. Korpisalo,8471734,8476914,29,13,31,17,48,5.8,-5.4,0.4
2023020766,2024-01-27 00:00:00,20232024,MTL,PIT,2,3,5,1,1,J. Allen,T. Jarry,8474596,8477465,30,25,33,27,60,1.0,5.0,6.0
2023020767,2024-01-27 00:00:00,20232024,NJD,TBL,3,6,9,3,0,V. Vanecek,A. Vasilevskiy,8477970,8476883,36,21,40,24,64,-0.8,2.2,1.4
2023020768,2024-01-27 00:00:00,20232024,TOR,WPG,4,2,6,2,0,I. Samsonov,C. Hellebuyck,8478492,8476945,24,26,26,29,55,4.8,-0.8,4.0
2023020769,2024-01-27 00:00:00,20232024,FLA,NYI,3,2,5,1,1,A. Stolarz,S. Varlamov,8476932,8473575,21,34,23,37,60,4.2,1.8,6.0
2023020770,2024-01-27 00:00:00,20232024,ANA,MIN,3,2,5,1,0,L. Dostal,F. Gustavsson,8480843,8479406,35,22,37,25,62,7.0,-1.6,5.4
2023020771,2024-01-27 00:00:00,20232024,CHI,CGY,0,1,1,1,0,P. Mrazek,J. Markstrom,8475852,8474593,30,32,31,32,63,4.0,13.4,17.4
2023020772,2024-01-27 00:00:00,20232024,CBJ,VAN,4,5,9,1,1,E. Merzlikins,T. Demko,8478007,8477967,29,25,34,29,63,-3.2,1.0,-2.2
2023020773,2024-01-28 00:00:00,20232024,LAK,STL,3,4,7,1,1,D. Rittich,J. Hofer,8479496,8480981,28,30,32,33,65,-1.4,4.0,2.6
2023020774,2024-01-28 00:00:00,20232024,CBJ,SEA,2,4,6,2,0,D. Tarasov,J. Daccord,8480193,8478916,22,30,25,32,57,-1.6,6.0,4.4
2023020775,2024-01-29 00:00:00,20232024,NSH,OTT,3,4,7,1,1,J. Saros,M. Sogaard,8477424,8481544,31,8,35,11,46,-0.8,-4.4,-5.2
2023020776,2024-01-30 00:00:00,20232024,CBJ,STL,1,0,1,1,0,E. Merzlikins,J. Binnington,8478007,8476412,21,21,21,22,43,11.2,2.2,13.4
2023020777,2024-01-30 00:00:00,20232024,SEA,SJS,0,2,2,2,0,J. Daccord,M. Blackwood,8478916,8478406,20,32,21,32,53,2.0,13.4,15.4
2023020778,2024-01-31 00:00:00,20232024,OTT,DET,3,2,5,1,1,J. Korpisalo,A. Lyon,8476914,8479312,23,22,25,25,50,4.6,-0.6,4.0
2023020779,2024-01-31 00:00:00,20232024,LAK,NSH,4,2,6,2,0,D. Rittich,J. Saros,8479496,8477424,40,20,42,23,65,8.0,-2.0,6.0
2023020780,2024-01-31 00:00:00,20232024,SJS,ANA,2,3,5,1,1,K. Kahkonen,J. Gibson,8478039,8476434,31,26,34,28,62,1.2,5.2,6.4
2023020781,2024-02-05 00:00:00,20232024,COL,NYR,1,2,3,1,1,A. Georgiev,J. Quick,8480382,8471734,27,32,29,33,62,2.4,8.4,10.8
2023020782,2024-02-05 00:00:00,20232024,NYI,TOR,3,2,5,1,0,I. Sorokin,I. Samsonov,8478009,8478492,34,26,36,29,65,6.8,-0.8,6.0
2023020783,2024-02-06 00:00:00,20232024,CGY,BOS,4,1,5,3,0,J. Markstrom,J. Swayman,8474593,8480280,21,25,22,29,51,6.2,-3.0,3.2
2023020784,2024-02-06 00:00:00,20232024,DAL,BUF,2,1,3,1,0,J. Oettinger,U. Luukkonen,8479979,8480045,47,28,48,30,78,11.4,1.6,13.0
2023020785,2024-02-06 00:00:00,20232024,VAN,CAR,3,2,5,1,0,T. Demko,P. Kochetkov,8477967,8481611,22,16,24,19,43,4.4,-2.8,1.6
2023020786,2024-02-06 00:00:00,20232024,PHI,FLA,2,1,3,1,0,S. Ersson,A. Stolarz,8481035,8476932,20,23,21,25,46,6.0,0.6,6.6
2023020787,2024-02-06 00:00:00,20232024,COL,NJD,3,5,8,2,0,J. Annunen,V. Vanecek,8481020,8477970,26,35,30,38,68,-2.8,5.0,2.2
2023020788,2024-02-06 00:00:00,20232024,WPG,PIT,0,3,3,3,0,C. Hellebuyck,T. Jarry,8476945,8477465,24,23,27,23,50,-1.2,11.6,10.4
2023020789,2024-02-06 00:00:00,20232024,MTL,WSH,5,2,7,3,0,S. Montembeault,C. Lindgren,8478470,8479292,37,6,39,9,48,7.4,-4.8,2.6
2023020790,2024-02-06 00:00:00,20232024,EDM,VGK,1,3,4,2,0,S. Skinner,A. Hill,8479973,8478499,23,30,25,31,56,0.6,8.0,8.6
2023020791,2024-02-07 00:00:00,20232024,TBL,NYR,1,3,4,2,0,A. Vasilevskiy,J. Quick,8476883,8471734,21,17,23,18,41,0.2,5.4,5.6
2023020792,2024-02-07 00:00:00,20232024,DAL,TOR,4,5,9,1,0,S. Wedgewood,I. Samsonov,8475809,8478492,26,27,31,31,62,-4.8,1.4,-3.4
2023020793,2024-02-07 00:00:00,20232024,MIN,CHI,2,1,3,1,0,F. Gustavsson,P. Mrazek,8479406,8475852,20,23,21,25,46,6.0,0.6,6.6
2023020794,2024-02-08 00:00:00,20232024,VAN,BOS,0,4,4,4,0,T. Demko,L. Ullmark,8477967,8476999,20,17,24,17,41,-4.0,10.4,6.4
2023020795,2024-02-08 00:00:00,20232024,WSH,FLA,2,4,6,2,0,D. Kuemper,S. Bobrovsky,8475311,8475683,37,21,40,23,63,1.4,4.2,5.6
2023020796,2024-02-08 00:00:00,20232024,CGY,NJD,5,3,8,2,0,J. Markstrom,V. Vanecek,8474593,8477970,37,25,40,29,69,5.4,-3.0,2.4
2023020797,2024-02-08 00:00:00,20232024,WPG,PHI,1,4,5,3,0,L. Brossoit,S. Ersson,8476316,8481035,17,28,21,29,50,-4.6,7.6,3.0
2023020798,2024-02-08 00:00:00,20232024,TBL,NYI,2,6,8,4,0,J. Johansson,I. Sorokin,8477992,8478009,18,18,24,20,44,-8.4,3.6,-4.8
2023020799,2024-02-08 00:00:00,20232024,COL,CAR,2,5,7,3,0,A. Georgiev,P. Kochetkov,8480382,8481611,23,16,27,18,45,-3.4,3.2,-0.2
2023020800,2024-02-08 00:00:00,20232024,VGK,ARI,3,2,5,1,0,A. Hill,C. Ingram,8478499,8478971,20,3,22,6,28,4.0,-5.4,-1.4
2023020801,2024-02-09 00:00:00,20232024,PIT,MIN,2,3,5,1,0,A. Nedeljkovic,M. Fleury,8477968,8470594,27,34,30,36,66,-0.6,6.8,6.2
2023020802,2024-02-09 00:00:00,20232024,NYR,CHI,4,3,7,1,1,I. Shesterkin,P. Mrazek,8478048,8475852,28,31,31,35,66,3.6,-0.8,2.8
2023020803,2024-02-09 00:00:00,20232024,EDM,ANA,5,3,8,2,0,C. Pickard,J. Gibson,8475717,8476434,24,19,27,21,48,2.8,-0.2,2.6
2023020804,2024-02-10 00:00:00,20232024,STL,BUF,3,1,4,2,0,J. Hofer,U. Luukkonen,8480981,8480045,34,23,34,26,60,8.8,-1.4,7.4
2023020805,2024-02-10 00:00:00,20232024,VAN,DET,3,4,7,1,1,C. DeSmith,A. Lyon,8479193,8479312,24,28,28,31,59,-2.2,3.6,1.4
2023020806,2024-02-10 00:00:00,20232024,DAL,MTL,3,2,5,1,0,J. Oettinger,S. Montembeault,8479979,8478470,18,35,20,38,58,3.6,1.0,4.6
2023020807,2024-02-10 00:00:00,20232024,CGY,NYI,5,2,7,3,0,J. Markstrom,S. Varlamov,8474593,8473575,34,19,36,22,58,6.8,-2.2,4.6
2023020808,2024-02-10 00:00:00,20232024,WSH,BOS,3,0,3,3,0,C. Lindgren,J. Swayman,8479292,8480280,18,26,18,28,46,10.6,1.2,11.8
2023020809,2024-02-10 00:00:00,20232024,COL,FLA,0,4,4,4,0,A. Georgiev,S. Bobrovsky,8480382,8475683,37,34,41,34,75,-0.6,13.8,13.2
2023020810,2024-02-10 00:00:00,20232024,NJD,CAR,0,1,1,1,1,V. Vanecek,P. Kochetkov,8477970,8481611,31,34,32,34,66,5.2,13.8,19.0
2023020811,2024-02-10 00:00:00,20232024,TBL,CBJ,4,2,6,2,0,A. Vasilevskiy,E. Merzlikins,8476883,8478007,33,33,35,36,71,6.6,0.6,7.2
2023020812,2024-02-10 00:00:00,20232024,TOR,OTT,3,5,8,2,0,M. Jones,J. Korpisalo,8474889,8476914,27,32,31,35,66,-2.6,4.4,1.8
2023020813,2024-02-10 00:00:00,20232024,SEA,PHI,2,3,5,1,0,J. Daccord,C. Petersen,8478916,8477361,35,17,38,19,57,1.0,3.4,4.4
2023020814,2024-02-10 00:00:00,20232024,PIT,WPG,1,2,3,1,0,T. Jarry,C. Hellebuyck,8477465,8476945,29,35,31,36,67,1.8,9.0,10.8
2023020815,2024-02-10 00:00:00,20232024,ARI,NSH,4,5,9,1,1,C. Ingram,J. Saros,8478971,8477424,32,27,37,31,68,-2.6,1.4,-1.2
2023020816,2024-02-10 00:00:00,20232024,EDM,LAK,0,4,4,4,0,S. Skinner,D. Rittich,8479973,8479496,22,26,25,26,51,-1.6,12.2,10.6
2023020817,2024-02-11 00:00:00,20232024,STL,MTL,7,2,9,5,0,J. Binnington,J. Allen,8476412,8474596,30,29,32,36,68,6.0,-8.2,-2.2
2023020818,2024-02-11 00:00:00,20232024,VAN,WSH,3,2,5,1,1,T. Demko,D. Kuemper,8477967,8475311,31,26,33,29,62,6.2,0.2,6.4
2023020819,2024-02-12 00:00:00,20232024,SEA,NJD,1,3,4,2,0,J. Daccord,N. Daws,8478916,8482076,34,27,37,28,65,0.8,7.4,8.2
2023020820,2024-02-12 00:00:00,20232024,CGY,NYR,0,2,2,2,0,J. Markstrom,I. Shesterkin,8474593,8478048,29,29,30,29,59,3.8,12.8,16.6
2023020821,2024-02-12 00:00:00,20232024,ARI,PHI,3,5,8,2,0,K. Vejmelka,S. Ersson,8478872,8481035,29,20,33,23,56,-2.2,2.0,-0.2
2023020822,2024-02-12 00:00:00,20232024,MIN,VGK,5,3,8,2,0,F. Gustavsson,A. Hill,8479406,8478499,27,24,30,28,58,3.4,-3.2,0.2
2023020823,2024-02-13 00:00:00,20232024,TBL,BOS,3,2,5,1,1,A. Vasilevskiy,L. Ullmark,8476883,8476999,36,23,38,25,63,7.2,1.6,8.8
2023020824,2024-02-13 00:00:00,20232024,LAK,BUF,0,7,7,7,0,D. Rittich,U. Luukkonen,8479496,8480045,12,33,17,33,50,-7.6,13.6,6.0
2023020825,2024-02-13 00:00:00,20232024,ANA,MTL,0,5,5,5,0,L. Dostal,C. Primeau,8480843,8480051,33,13,38,13,51,-3.4,9.6,6.2
2023020826,2024-02-13 00:00:00,20232024,CBJ,OTT,3,6,9,3,0,D. Tarasov,A. Forsberg,8480193,8476341,24,37,29,40,69,-5.2,5.4,0.2
2023020827,2024-02-13 00:00:00,20232024,STL,TOR,1,4,5,3,0,J. Binnington,I. Samsonov,8476412,8478492,28,14,31,15,46,-0.4,4.8,4.4
2023020828,2024-02-13 00:00:00,20232024,COL,WSH,6,3,9,3,0,A. Georgiev,C. Lindgren,8480382,8479292,24,31,27,35,62,2.8,-1.8,1.0
2023020829,2024-02-13 00:00:00,20232024,SEA,NYI,2,1,3,1,1,P. Grubauer,I. Sorokin,8475831,8478009,26,29,27,30,57,7.2,4.8,12.0
2023020830,2024-02-13 00:00:00,20232024,CAR,DAL,2,4,6,2,0,P. Kochetkov,J. Oettinger,8481611,8479979,19,32,22,34,56,-2.2,6.4,4.2
2023020831,2024-02-13 00:00:00,20232024,NJD,NSH,4,2,6,2,0,N. Daws,J. Saros,8482076,8477424,30,43,32,46,78,6.0,2.6,8.6
2023020832,2024-02-13 00:00:00,20232024,VAN,CHI,4,2,6,2,0,T. Demko,P. Mrazek,8477967,8475852,22,34,24,38,62,4.4,-1.2,3.2
2023020833,2024-02-13 00:00:00,20232024,DET,EDM,4,8,12,4,0,V. Husso,S. Skinner,8478024,8479973,6,34,7,38,45,-0.8,2.8,2.0
2023020834,2024-02-14 00:00:00,20232024,FLA,PIT,5,2,7,3,0,S. Bobrovsky,T. Jarry,8475683,8477465,25,18,27,23,50,5.0,-6.4,-1.4
2023020835,2024-02-14 00:00:00,20232024,SJS,WPG,0,1,1,1,0,K. Kahkonen,C. Hellebuyck,8478039,8476945,38,17,39,17,56,5.6,10.4,16.0
2023020836,2024-02-14 00:00:00,20232024,MIN,ARI,3,1,4,2,0,M. Fleury,C. Ingram,8470594,8478971,25,28,26,30,56,7.0,1.6,8.6
2023020837,2024-02-15 00:00:00,20232024,SEA,BOS,4,1,5,3,0,J. Daccord,J. Swayman,8478916,8480280,36,22,37,25,62,9.2,-1.6,7.6
2023020838,2024-02-15 00:00:00,20232024,FLA,BUF,4,0,4,4,0,A. Stolarz,E. Comrie,8476932,8477480,45,26,45,29,74,16.0,-0.8,15.2
2023020839,2024-02-15 00:00:00,20232024,LAK,NJD,2,1,3,1,0,D. Rittich,N. Daws,8479496,8482076,26,27,27,29,56,7.2,1.4,8.6
2023020840,2024-02-15 00:00:00,20232024,MTL,NYR,4,7,11,3,0,S. Montembeault,J. Quick,8478470,8471734,24,32,31,36,67,-9.2,2.4,-6.8
2023020841,2024-02-15 00:00:00,20232024,ANA,OTT,5,1,6,4,0,J. Gibson,J. Korpisalo,8476434,8476914,15,15,15,20,35,10.0,-7.0,3.0
2023020842,2024-02-15 00:00:00,20232024,COL,TBL,3,6,9,3,0,J. Annunen,A. Vasilevskiy,8481020,8476883,33,28,37,31,68,-1.4,3.6,2.2
2023020843,2024-02-15 00:00:00,20232024,PHI,TOR,3,4,7,1,1,S. Ersson,I. Samsonov,8481035,8478492,24,29,28,32,60,-2.2,3.8,1.6
2023020844,2024-02-15 00:00:00,20232024,EDM,STL,3,6,9,3,0,S. Skinner,J. Binnington,8479973,8476412,24,35,29,38,67,-5.2,5.0,-0.2
2023020845,2024-02-15 00:00:00,20232024,PIT,CHI,4,1,5,3,0,A. Nedeljkovic,A. Soderblom,8477968,8482821,27,23,28,26,54,7.4,-1.4,6.0
2023020846,2024-02-15 00:00:00,20232024,SJS,CGY,6,3,9,3,0,M. Blackwood,D. Wolf,8478406,8481692,31,25,34,31,65,4.2,-7.0,-2.8
2023020847,2024-02-15 00:00:00,20232024,DAL,NSH,9,2,11,7,0,J. Oettinger,J. Saros,8479979,8477424,20,14,22,18,40,4.0,-5.2,-1.2
2023020848,2024-02-15 00:00:00,20232024,DET,VAN,1,4,5,3,0,A. Lyon,T. Demko,8479312,8477967,17,27,21,28,49,-4.6,7.4,2.8
2023020849,2024-02-16 00:00:00,20232024,CAR,ARI,5,1,6,4,0,P. Kochetkov,K. Vejmelka,8481611,8478872,30,21,31,26,57,8.0,-5.8,2.2
2023020850,2024-02-17 00:00:00,20232024,EDM,DAL,4,3,7,1,1,C. Pickard,J. Oettinger,8475717,8479979,24,20,27,24,51,2.8,-3.0,-0.2
2023020851,2024-02-17 00:00:00,20232024,OTT,CHI,2,3,5,1,0,J. Korpisalo,P. Mrazek,8476914,8475852,19,40,22,42,64,-2.2,8.0,5.8
2023020852,2024-02-17 00:00:00,20232024,DET,CGY,5,0,5,5,0,J. Reimer,J. Markstrom,8473503,8474593,38,8,38,12,50,14.6,-6.4,8.2
2023020853,2024-02-17 00:00:00,20232024,LAK,BOS,5,4,9,1,1,D. Rittich,L. Ullmark,8479496,8476999,28,30,32,35,67,1.6,-3.0,-1.4
2023020854,2024-02-17 00:00:00,20232024,BUF,MIN,3,2,5,1,1,U. Luukkonen,F. Gustavsson,8480045,8479406,30,25,32,28,60,6.0,0.0,6.0
2023020855,2024-02-17 00:00:00,20232024,NSH,STL,5,2,7,3,0,J. Saros,J. Binnington,8477424,8476412,35,28,37,32,69,7.0,-2.4,4.6
2023020856,2024-02-17 00:00:00,20232024,FLA,TBL,9,2,11,7,0,S. Bobrovsky,A. Vasilevskiy,8475683,8476883,28,16,30,22,52,5.6,-8.8,-3.2
2023020857,2024-02-17 00:00:00,20232024,WSH,MTL,4,3,7,1,0,D. Kuemper,J. Allen,8475311,8474596,28,30,31,34,65,3.6,-2.0,1.6
2023020858,2024-02-17 00:00:00,20232024,ANA,TOR,2,9,11,7,0,L. Dostal,M. Jones,8480843,8474889,14,19,18,21,39,-5.2,3.8,-1.4
2023020859,2024-02-17 00:00:00,20232024,PHI,NJD,3,6,9,3,0,S. Ersson,N. Daws,8481035,8482076,34,45,39,48,87,-3.2,7.0,3.8
2023020860,2024-02-17 00:00:00,20232024,WPG,VAN,4,2,6,2,0,C. Hellebuyck,T. Demko,8476945,8477967,35,24,37,28,65,7.0,-3.2,3.8
2023020861,2024-02-17 00:00:00,20232024,CBJ,SJS,4,3,7,1,0,E. Merzlikins,K. Kahkonen,8478007,8478039,28,37,31,41,72,3.6,-0.6,3.0
2023020862,2024-02-17 00:00:00,20232024,CAR,VGK,3,1,4,2,0,S. Martin,A. Hill,8477484,8478499,29,25,30,28,58,7.8,-1.0,6.8
2023020863,2024-02-18 00:00:00,20232024,NYR,NYI,6,5,11,1,1,I. Shesterkin,I. Sorokin,8478048,8478009,36,32,41,37,78,1.2,-4.6,-3.4
2023020864,2024-02-18 00:00:00,20232024,ARI,COL,3,4,7,1,0,K. Vejmelka,A. Georgiev,8478872,8480382,33,27,37,30,67,-1.4,3.4,2.0
2023020865,2024-02-18 00:00:00,20232024,LAK,PIT,2,1,3,1,0,C. Talbot,T. Jarry,8475660,8477465,29,32,30,34,64,7.8,2.4,10.2
2023020866,2024-02-19 00:00:00,20232024,ANA,BUF,4,3,7,1,0,J. Gibson,U. Luukkonen,8476434,8480045,34,10,37,14,51,4.8,-6.0,-1.2
2023020867,2024-02-19 00:00:00,20232024,DAL,BOS,3,4,7,1,1,J. Oettinger,J. Swayman,8479979,8480280,27,43,30,46,76,0.4,6.6,7.0
2023020868,2024-02-19 00:00:00,20232024,TOR,STL,4,2,6,2,0,I. Samsonov,J. Hofer,8478492,8480981,19,25,21,28,49,3.8,-1.0,2.8
2023020869,2024-02-19 00:00:00,20232024,VAN,MIN,7,10,17,3,0,C. DeSmith,F. Gustavsson,8479193,8479406,17,11,25,16,41,-12.6,-7.8,-20.4
2023020870,2024-02-19 00:00:00,20232024,DET,SEA,4,3,7,1,1,A. Lyon,J. Daccord,8479312,8478916,38,28,41,32,73,5.6,-1.4,4.2
2023020871,2024-02-19 00:00:00,20232024,EDM,ARI,6,3,9,3,0,S. Skinner,M. Villalta,8479973,8480191,22,20,25,25,50,2.4,-6.0,-3.6
2023020872,2024-02-19 00:00:00,20232024,WPG,CGY,3,6,9,3,0,C. Hellebuyck,J. Markstrom,8476945,8474593,28,28,33,31,64,-4.4,3.6,-0.8
2023020873,2024-02-19 00:00:00,20232024,VGK,SJS,4,0,4,4,0,L. Thompson,M. Blackwood,8480313,8478406,29,22,29,26,55,12.8,-3.6,9.2
2023020874,2024-02-19 00:00:00,20232024,CHI,CAR,3,6,9,3,0,P. Mrazek,S. Martin,8475852,8477484,36,14,41,17,58,-2.8,0.8,-2.0
2023020875,2024-02-19 00:00:00,20232024,OTT,TBL,4,2,6,2,0,A. Forsberg,A. Vasilevskiy,8476341,8476883,23,24,25,28,53,4.6,-3.2,1.4
2023020876,2024-02-20 00:00:00,20232024,OTT,FLA,2,3,5,1,1,J. Korpisalo,S. Bobrovsky,8476914,8475683,31,28,34,30,64,1.2,5.6,6.8
2023020877,2024-02-20 00:00:00,20232024,DAL,NYR,1,3,4,2,0,S. Wedgewood,I. Shesterkin,8475809,8478048,23,41,25,42,67,0.6,10.2,10.8
2023020878,2024-02-20 00:00:00,20232024,NYI,PIT,5,4,9,1,1,I. Sorokin,A. Nedeljkovic,8478009,8477968,37,28,41,33,74,3.4,-3.4,0.0
2023020879,2024-02-20 00:00:00,20232024,NJD,WSH,2,6,8,4,0,N. Daws,C. Lindgren,8482076,8479292,20,37,26,39,65,-8.0,7.4,-0.6
2023020880,2024-02-20 00:00:00,20232024,MIN,WPG,3,6,9,3,0,M. Fleury,L. Brossoit,8470594,8476316,24,36,29,39,68,-5.2,5.2,0.0
2023020881,2024-02-20 00:00:00,20232024,VAN,COL,1,3,4,2,0,T. Demko,A. Georgiev,8477967,8480382,24,24,26,25,51,0.8,6.8,7.6
2023020882,2024-02-20 00:00:00,20232024,NSH,VGK,5,3,8,2,0,K. Lankinen,A. Hill,8480947,8478499,23,35,26,39,65,2.6,-1.0,1.6
2023020883,2024-02-20 00:00:00,20232024,CBJ,LAK,1,5,6,4,0,E. Merzlikins,C. Talbot,8478007,8475660,30,32,35,33,68,-4.0,8.4,4.4
2023020884,2024-02-21 00:00:00,20232024,BUF,MTL,3,2,5,1,0,U. Luukkonen,S. Montembeault,8480045,8478470,29,20,31,23,54,5.8,-2.0,3.8
2023020885,2024-02-21 00:00:00,20232024,PHI,CHI,3,1,4,2,0,S. Ersson,A. Soderblom,8481035,8482821,21,30,22,33,55,6.2,0.0,6.2
2023020886,2024-02-21 00:00:00,20232024,CBJ,ANA,7,4,11,3,0,D. Tarasov,J. Gibson,8480193,8476434,27,20,29,26,55,5.4,-8.0,-2.6
2023020887,2024-02-21 00:00:00,20232024,TOR,ARI,6,3,9,3,0,I. Samsonov,K. Vejmelka,8478492,8478872,23,30,26,36,62,2.6,-6.0,-3.4
2023020888,2024-02-21 00:00:00,20232024,BOS,EDM,6,5,11,1,1,J. Swayman,S. Skinner,8480280,8479973,37,30,42,36,78,1.4,-5.0,-3.6
2023020889,2024-02-22 00:00:00,20232024,FLA,CAR,0,1,1,1,0,S. Bobrovsky,P. Kochetkov,8475683,8481611,28,45,29,45,74,3.6,16.0,19.6
2023020890,2024-02-22 00:00:00,20232024,COL,DET,1,2,3,1,1,J. Annunen,A. Lyon,8481020,8479312,28,30,30,31,61,2.6,8.0,10.6
2023020891,2024-02-22 00:00:00,20232024,NYR,NJD,5,1,6,4,0,I. Shesterkin,N. Daws,8478048,8482076,39,13,40,18,58,9.8,-7.4,2.4
2023020892,2024-02-22 00:00:00,20232024,DAL,OTT,1,4,5,3,0,J. Oettinger,A. Forsberg,8479979,8476341,8,14,11,15,26,-4.4,4.8,0.4
2023020893,2024-02-22 00:00:00,20232024,MTL,PIT,1,4,5,3,0,C. Primeau,T. Jarry,8480051,8477465,23,30,26,31,57,-1.4,8.0,6.6
2023020894,2024-02-22 00:00:00,20232024,WSH,TBL,5,3,8,2,0,C. Lindgren,A. Vasilevskiy,8479292,8476883,29,19,32,23,55,3.8,-4.2,-0.4
2023020895,2024-02-22 00:00:00,20232024,NYI,STL,0,4,4,4,0,S. Varlamov,J. Binnington,8473575,8476412,21,38,24,38,62,-1.8,14.6,12.8
2023020896,2024-02-22 00:00:00,20232024,BOS,CGY,2,3,5,1,1,L. Ullmark,J. Markstrom,8476999,8474593,27,32,30,34,64,0.4,6.4,6.8
2023020897,2024-02-22 00:00:00,20232024,VAN,SEA,2,5,7,3,0,T. Demko,P. Grubauer,8477967,8475831,26,19,30,21,51,-2.8,3.8,1.0
2023020898,2024-02-22 00:00:00,20232024,TOR,VGK,7,3,10,4,0,M. Jones,A. Hill,8474889,8478499,23,17,26,20,46,2.6,-2.6,0.0
2023020899,2024-02-22 00:00:00,20232024,NSH,LAK,4,1,5,3,0,J. Saros,D. Rittich,8477424,8479496,27,17,28,19,47,7.4,-0.6,6.8
2023020900,2024-02-23 00:00:00,20232024,BUF,CBJ,2,1,3,1,0,U. Luukkonen,D. Tarasov,8480045,8480193,25,35,26,37,63,7.0,3.0,10.0
2023020901,2024-02-23 00:00:00,20232024,WPG,CHI,3,2,5,1,1,C. Hellebuyck,P. Mrazek,8476945,8475852,33,28,35,31,66,6.6,0.6,7.2
2023020902,2024-02-23 00:00:00,20232024,MIN,EDM,4,2,6,2,0,F. Gustavsson,C. Pickard,8479406,8475717,41,16,43,19,62,8.2,-2.8,5.4
2023020903,2024-02-24 00:00:00,20232024,MTL,NJD,3,4,7,1,0,J. Allen,N. Daws,8474596,8482076,20,23,24,26,50,-4.0,2.6,-1.4
2023020904,2024-02-24 00:00:00,20232024,TBL,NYI,4,2,6,2,0,A. Vasilevskiy,I. Sorokin,8476883,8478009,32,17,34,20,54,6.4,-2.6,3.8
2023020905,2024-02-24 00:00:00,20232024,NYR,PHI,2,1,3,1,0,I. Shesterkin,S. Ersson,8478048,8481035,39,22,40,24,64,9.8,0.4,10.2
2023020906,2024-02-24 00:00:00,20232024,WSH,FLA,2,3,5,1,1,C. Lindgren,A. Stolarz,8479292,8476932,26,22,29,24,53,0.2,4.4,4.6
2023020907,2024-02-24 00:00:00,20232024,DAL,CAR,2,1,3,1,0,J. Oettinger,P. Kochetkov,8479979,8481611,20,14,21,16,37,6.0,-1.2,4.8
2023020908,2024-02-24 00:00:00,20232024,TOR,COL,4,3,7,1,0,I. Samsonov,A. Georgiev,8478492,8480382,26,26,29,30,59,3.2,-2.8,0.4
2023020909,2024-02-24 00:00:00,20232024,STL,DET,1,6,7,5,0,J. Binnington,A. Lyon,8476412,8479312,10,22,14,23,37,-6.0,6.4,0.4
2023020910,2024-02-24 00:00:00,20232024,VGK,OTT,3,4,7,1,1,L. Thompson,A. Forsberg,8480313,8476341,30,26,33,29,62,1.0,3.2,4.2
2023020911,2024-02-24 00:00:00,20232024,BOS,VAN,2,3,5,1,1,J. Swayman,T. Demko,8480280,8477967,36,23,39,25,64,2.2,4.6,6.8
2023020912,2024-02-24 00:00:00,20232024,CGY,EDM,6,3,9,3,0,D. Vladar,S. Skinner,8478435,8479973,32,25,35,30,65,4.4,-5.0,-0.6
2023020913,2024-02-24 00:00:00,20232024,MIN,SEA,5,2,7,3,0,M. Fleury,J. Daccord,8470594,8478916,30,9,32,13,45,6.0,-6.2,-0.2
2023020914,2024-02-24 00:00:00,20232024,NSH,SJS,4,2,6,2,0,J. Saros,K. Kahkonen,8477424,8478039,23,31,25,34,59,4.6,0.2,4.8
2023020915,2024-02-24 00:00:00,20232024,ANA,LAK,2,3,5,1,1,J. Gibson,D. Rittich,8476434,8479496,48,22,50,24,74,6.6,4.4,11.0
2023020916,2024-02-25 00:00:00,20232024,TBL,NJD,4,1,5,3,0,J. Johansson,A. Schmid,8477992,8481033,18,23,19,26,45,5.6,-1.4,4.2
2023020917,2024-02-25 00:00:00,20232024,PHI,PIT,6,7,13,1,0,C. Petersen,T. Jarry,8477361,8477465,25,15,32,21,53,-9.0,-5.0,-14.0
2023020918,2024-02-25 00:00:00,20232024,CAR,BUF,2,3,5,1,1,S. Martin,U. Luukkonen,8477484,8480045,30,30,32,32,64,3.0,6.0,9.0
2023020919,2024-02-25 00:00:00,20232024,NYR,CBJ,2,4,6,2,0,J. Quick,E. Merzlikins,8471734,8478007,37,38,41,40,81,-0.6,7.6,7.0
2023020920,2024-02-25 00:00:00,20232024,DET,CHI,3,2,5,1,1,J. Reimer,P. Mrazek,8473503,8475852,34,28,36,31,67,6.8,0.6,7.4
2023020921,2024-02-25 00:00:00,20232024,ARI,WPG,3,4,7,1,1,C. Ingram,C. Hellebuyck,8478971,8476945,28,29,32,32,64,-1.4,3.8,2.4
2023020922,2024-02-25 00:00:00,20232024,NSH,ANA,4,2,6,2,0,K. Lankinen,L. Dostal,8480947,8480843,29,25,31,28,59,5.8,-1.0,4.8
2023020923,2024-02-26 00:00:00,20232024,OTT,WSH,3,6,9,3,0,A. Forsberg,D. Kuemper,8476341,8475311,6,18,10,21,31,-6.8,1.6,-5.2
2023020924,2024-02-26 00:00:00,20232024,NYI,DAL,3,2,5,1,1,I. Sorokin,S. Wedgewood,8478009,8475809,30,25,32,28,60,6.0,0.0,6.0
2023020925,2024-02-26 00:00:00,20232024,LAK,EDM,2,4,6,2,0,D. Rittich,S. Skinner,8479496,8479973,27,38,31,40,71,-2.6,7.6,5.0
2023020926,2024-02-26 00:00:00,20232024,BOS,SEA,3,4,7,1,1,L. Ullmark,P. Grubauer,8476999,8475831,24,29,27,32,59,-0.2,3.8,3.6
2023020927,2024-02-27 00:00:00,20232024,WSH,DET,3,8,11,5,0,C. Lindgren,A. Lyon,8479292,8479312,23,18,31,21,52,-11.4,1.6,-9.8
2023020928,2024-02-27 00:00:00,20232024,BUF,FLA,2,3,5,1,0,U. Luukkonen,S. Bobrovsky,8480045,8475683,34,28,37,30,67,0.8,5.6,6.4
2023020929,2024-02-27 00:00:00,20232024,ARI,MTL,2,4,6,2,0,C. Ingram,S. Montembeault,8478971,8478470,17,36,20,38,58,-2.6,7.2,4.6
2023020930,2024-02-27 00:00:00,20232024,TBL,PHI,2,6,8,4,0,A. Vasilevskiy,S. Ersson,8476883,8481035,25,20,29,22,51,-3.0,4.0,1.0
2023020931,2024-02-27 00:00:00,20232024,VGK,TOR,6,2,8,4,0,A. Hill,I. Samsonov,8478499,8478492,28,26,30,31,61,5.6,-4.8,0.8
2023020932,2024-02-27 00:00:00,20232024,CAR,MIN,3,2,5,1,0,P. Kochetkov,F. Gustavsson,8481611,8479406,28,25,30,28,58,5.6,-1.0,4.6
2023020933,2024-02-27 00:00:00,20232024,OTT,NSH,1,4,5,3,0,J. Korpisalo,J. Saros,8476914,8477424,32,24,36,25,61,-1.6,6.8,5.2
2023020934,2024-02-27 00:00:00,20232024,STL,WPG,2,4,6,2,0,J. Hofer,L. Brossoit,8480981,8476316,28,36,32,38,70,-2.4,7.2,4.8
2023020935,2024-02-27 00:00:00,20232024,LAK,CGY,2,4,6,2,0,C. Talbot,J. Markstrom,8475660,8474593,33,21,36,23,59,0.6,4.2,4.8
2023020936,2024-02-27 00:00:00,20232024,DAL,COL,1,5,6,4,0,J. Oettinger,A. Georgiev,8479979,8480382,22,33,27,34,61,-5.6,8.6,3.0
2023020937,2024-02-27 00:00:00,20232024,PIT,VAN,4,3,7,1,1,T. Jarry,T. Demko,8477465,8477967,32,36,35,40,75,4.4,0.2,4.6
2023020938,2024-02-27 00:00:00,20232024,NJD,SJS,7,2,9,5,0,N. Daws,M. Blackwood,8482076,8478406,29,13,31,13,44,5.8,5.6,11.4
2023020939,2024-02-28 00:00:00,20232024,CBJ,NYR,1,4,5,3,0,E. Merzlikins,I. Shesterkin,8478007,8478048,26,30,28,31,59,1.2,8.0,9.2
2023020940,2024-02-28 00:00:00,20232024,STL,EDM,2,3,5,1,1,J. Binnington,S. Skinner,8476412,8479973,33,32,36,34,70,1.6,6.4,8.0
2023020941,2024-02-29 00:00:00,20232024,VGK,BOS,4,5,9,1,0,A. Hill,J. Swayman,8478499,8480280,27,32,32,36,68,-4.6,2.4,-2.2
2023020942,2024-02-29 00:00:00,20232024,CAR,CBJ,4,2,6,2,0,S. Martin,D. Tarasov,8477484,8480193,20,29,22,32,54,4.0,-0.2,3.8
2023020943,2024-02-29 00:00:00,20232024,NYI,DET,5,3,8,2,0,I. Sorokin,A. Lyon,8478009,8479312,22,22,25,26,51,2.4,-3.6,-1.2
2023020944,2024-02-29 00:00:00,20232024,MTL,FLA,3,4,7,1,1,S. Montembeault,A. Stolarz,8478470,8476932,32,28,35,31,66,1.4,3.6,5.0
2023020945,2024-02-29 00:00:00,20232024,BUF,TBL,3,2,5,1,1,U. Luukkonen,A. Vasilevskiy,8480045,8476883,21,20,23,23,46,4.2,-1.0,3.2
2023020946,2024-02-29 00:00:00,20232024,ARI,TOR,2,4,6,2,0,C. Ingram,J. Woll,8478971,8479361,22,30,25,32,57,-1.6,6.0,4.4
2023020947,2024-02-29 00:00:00,20232024,WPG,DAL,1,4,5,3,0,C. Hellebuyck,J. Oettinger,8476945,8479979,32,25,35,26,61,0.4,7.0,7.4
2023020948,2024-02-29 00:00:00,20232024,MIN,NSH,1,6,7,5,0,F. Gustavsson,J. Saros,8479406,8477424,25,33,31,34,65,-7.0,8.6,1.6
2023020949,2024-02-29 00:00:00,20232024,COL,CHI,5,0,5,5,0,J. Annunen,P. Mrazek,8481020,8475852,24,28,24,33,57,11.8,-4.4,7.4
2023020950,2024-02-29 00:00:00,20232024,PIT,SEA,0,2,2,2,0,T. Jarry,P. Grubauer,8477465,8475831,26,33,28,33,61,1.2,13.6,14.8
2023020951,2024-02-29 00:00:00,20232024,LAK,VAN,5,1,6,4,0,C. Talbot,T. Demko,8475660,8477967,23,15,24,20,44,6.6,-7.0,-0.4
2023020952,2024-02-29 00:00:00,20232024,ANA,SJS,6,4,10,2,0,J. Gibson,K. Kahkonen,8476434,8478039,24,24,28,29,57,0.8,-5.2,-4.4
2023020953,2024-03-01 00:00:00,20232024,ARI,OTT,5,3,8,2,0,K. Vejmelka,A. Forsberg,8478872,8476341,34,25,37,29,66,4.8,-3.0,1.8
2023020954,2024-03-01 00:00:00,20232024,PHI,WSH,2,5,7,3,0,S. Ersson,C. Lindgren,8481035,8479292,16,21,21,23,44,-6.8,4.2,-2.6
2023020955,2024-03-01 00:00:00,20232024,NJD,ANA,3,4,7,1,0,N. Daws,L. Dostal,8482076,8480843,10,52,14,55,69,-6.0,8.4,2.4
2023020956,2024-03-02 00:00:00,20232024,WPG,CAR,5,3,8,2,0,C. Hellebuyck,P. Kochetkov,8476945,8481611,32,27,35,31,66,4.4,-2.6,1.8
2023020957,2024-03-02 00:00:00,20232024,BOS,NYI,1,5,6,4,0,L. Ullmark,I. Sorokin,8476999,8478009,21,22,26,23,49,-5.8,6.4,0.6
2023020958,2024-03-02 00:00:00,20232024,EDM,SEA,2,1,3,1,0,S. Skinner,P. Grubauer,8479973,8475831,24,22,25,24,49,6.8,0.4,7.2
2023020959,2024-03-02 00:00:00,20232024,COL,NSH,1,5,6,4,0,A. Georgiev,J. Saros,8480382,8477424,30,25,34,26,60,-2.0,7.0,5.0
2023020960,2024-03-02 00:00:00,20232024,VGK,BUF,2,7,9,5,0,L. Thompson,U. Luukkonen,8480313,8480045,28,22,35,24,59,-8.4,4.4,-4.0
2023020961,2024-03-02 00:00:00,20232024,FLA,DET,4,0,4,4,0,S. Bobrovsky,A. Lyon,8475683,8479312,21,33,21,37,58,11.2,-1.4,9.8
2023020962,2024-03-02 00:00:00,20232024,OTT,PHI,2,4,6,2,0,M. Sogaard,F. Sandstrom,8481544,8478433,36,24,39,26,65,1.2,4.8,6.0
2023020963,2024-03-02 00:00:00,20232024,MTL,TBL,3,4,7,1,1,C. Primeau,A. Vasilevskiy,8480051,8476883,26,28,29,31,60,0.2,3.6,3.8
2023020964,2024-03-02 00:00:00,20232024,NYR,TOR,3,4,7,1,1,I. Shesterkin,I. Samsonov,8478048,8478492,31,32,34,35,69,1.2,4.4,5.6
2023020965,2024-03-02 00:00:00,20232024,CBJ,CHI,5,2,7,3,0,E. Merzlikins,A. Soderblom,8478007,8482821,26,26,28,30,58,5.2,-2.8,2.4
2023020966,2024-03-02 00:00:00,20232024,SJS,DAL,2,3,5,1,1,M. Chrona,J. Oettinger,8480992,8479979,36,21,38,23,61,4.2,4.2,8.4
2023020967,2024-03-02 00:00:00,20232024,MIN,STL,1,3,4,2,0,M. Fleury,J. Binnington,8470594,8476412,24,21,26,22,48,0.8,6.2,7.0
2023020968,2024-03-02 00:00:00,20232024,PIT,CGY,3,4,7,1,0,T. Jarry,J. Markstrom,8477465,8474593,16,27,20,30,50,-4.8,3.4,-1.4
2023020969,2024-03-03 00:00:00,20232024,ARI,WSH,5,2,7,3,0,K. Vejmelka,C. Lindgren,8478872,8479292,24,23,26,27,53,4.8,-3.4,1.4
2023020970,2024-03-03 00:00:00,20232024,NJD,LAK,1,5,6,4,0,N. Daws,C. Talbot,8482076,8475660,9,30,13,31,44,-6.2,8.0,1.8
2023020971,2024-03-03 00:00:00,20232024,WPG,BUF,5,2,7,3,0,L. Brossoit,U. Luukkonen,8476316,8480045,17,30,19,33,52,3.4,0.0,3.4
2023020972,2024-03-03 00:00:00,20232024,SJS,MIN,3,4,7,1,0,K. Kahkonen,F. Gustavsson,8478039,8479406,28,12,32,15,47,-2.4,0.4,-2.0
2023020973,2024-03-03 00:00:00,20232024,VAN,ANA,2,1,3,1,0,C. DeSmith,L. Dostal,8479193,8480843,17,29,18,31,49,5.4,1.8,7.2
2023020974,2024-03-03 00:00:00,20232024,PIT,EDM,1,6,7,5,0,A. Nedeljkovic,C. Pickard,8477968,8475717,31,22,37,23,60,-5.8,6.4,0.6
2023020975,2024-03-04 00:00:00,20232024,VGK,CBJ,3,6,9,3,0,A. Hill,D. Tarasov,8478499,8480193,27,36,32,39,71,-4.6,5.2,0.6
2023020976,2024-03-04 00:00:00,20232024,FLA,NYR,4,2,6,2,0,S. Bobrovsky,I. Shesterkin,8475683,8478048,26,26,28,29,57,5.2,-0.8,4.4
2023020977,2024-03-04 00:00:00,20232024,STL,PHI,2,1,3,1,1,J. Binnington,S. Ersson,8476412,8481035,41,24,42,25,67,10.2,3.8,14.0
2023020978,2024-03-04 00:00:00,20232024,BOS,TOR,4,1,5,3,0,J. Swayman,J. Woll,8480280,8479361,32,23,33,27,60,8.4,-3.4,5.0
2023020979,2024-03-04 00:00:00,20232024,CHI,COL,0,5,5,5,0,P. Mrazek,J. Annunen,8475852,8481020,32,37,37,37,74,-3.6,14.4,10.8
2023020980,2024-03-04 00:00:00,20232024,SEA,CGY,4,2,6,2,0,P. Grubauer,J. Markstrom,8475831,8474593,35,26,37,30,67,7.0,-2.8,4.2
2023020981,2024-03-05 00:00:00,20232024,EDM,BOS,2,1,3,1,1,S. Skinner,L. Ullmark,8479973,8476999,24,24,25,26,51,6.8,1.8,8.6
2023020982,2024-03-05 00:00:00,20232024,FLA,NJD,5,3,8,2,0,A. Stolarz,A. Schmid,8476932,8481033,21,26,24,30,54,2.2,-2.8,-0.6
2023020983,2024-03-05 00:00:00,20232024,CBJ,PIT,3,5,8,2,0,J. Greaves,T. Jarry,8482982,8477465,26,32,31,35,66,-4.8,4.4,-0.4
2023020984,2024-03-05 00:00:00,20232024,STL,NYI,2,4,6,2,0,J. Hofer,I. Sorokin,8480981,8478009,29,19,32,21,53,-0.2,3.8,3.6
2023020985,2024-03-05 00:00:00,20232024,MTL,NSH,4,3,7,1,1,J. Allen,J. Saros,8474596,8477424,25,26,28,30,58,3.0,-1.8,1.2
2023020986,2024-03-05 00:00:00,20232024,SEA,WPG,4,3,7,1,0,J. Daccord,C. Hellebuyck,8478916,8476945,30,20,33,24,57,4.0,-4.0,0.0
2023020987,2024-03-05 00:00:00,20232024,CHI,ARI,5,2,7,3,0,A. Soderblom,C. Ingram,8482821,8478971,37,27,39,31,70,7.4,-2.6,4.8
2023020988,2024-03-05 00:00:00,20232024,VAN,LAK,2,1,3,1,1,T. Demko,C. Talbot,8477967,8475660,23,29,24,31,55,6.6,2.8,9.4
2023020989,2024-03-05 00:00:00,20232024,DAL,SJS,7,6,13,1,1,J. Oettinger,K. Kahkonen,8479979,8478039,14,33,20,40,60,-5.2,-6.4,-11.6
2023020990,2024-03-06 00:00:00,20232024,BUF,TOR,1,2,3,1,1,U. Luukkonen,I. Samsonov,8480045,8478492,25,24,27,25,52,2.0,6.8,8.8
2023020991,2024-03-06 00:00:00,20232024,DET,COL,2,7,9,5,0,A. Lyon,A. Georgiev,8479312,8480382,35,27,40,29,69,-3.0,5.4,2.4
2023020992,2024-03-06 00:00:00,20232024,OTT,ANA,1,2,3,1,0,M. Sogaard,L. Dostal,8481544,8480843,14,29,16,30,46,-1.2,7.8,6.6
2023020993,2024-03-07 00:00:00,20232024,TOR,BOS,1,4,5,3,0,J. Woll,J. Swayman,8479361,8480280,21,28,25,29,54,-3.8,7.6,3.8
2023020994,2024-03-07 00:00:00,20232024,MTL,CAR,1,4,5,3,0,S. Montembeault,F. Andersen,8478470,8475883,35,24,38,25,63,1.0,6.8,7.8
2023020995,2024-03-07 00:00:00,20232024,EDM,CBJ,2,4,6,2,0,C. Pickard,D. Tarasov,8475717,8480193,30,29,33,31,64,0.0,5.8,5.8
2023020996,2024-03-07 00:00:00,20232024,PHI,FLA,2,1,3,1,0,S. Ersson,S. Bobrovsky,8481035,8475683,29,24,30,26,56,7.8,0.8,8.6
2023020997,2024-03-07 00:00:00,20232024,STL,NJD,1,4,5,3,0,J. Binnington,N. Daws,8476412,8482076,29,23,32,24,56,-0.2,6.6,6.4
2023020998,2024-03-07 00:00:00,20232024,WSH,PIT,6,0,6,6,0,C. Lindgren,T. Jarry,8479292,8477465,39,18,39,22,61,14.8,-4.4,10.4
2023020999,2024-03-07 00:00:00,20232024,CGY,TBL,6,3,9,3,0,J. Markstrom,A. Vasilevskiy,8474593,8476883,19,18,22,23,45,1.8,-6.4,-4.6
2023021000,2024-03-07 00:00:00,20232024,BUF,NSH,2,4,6,2,0,E. Comrie,J. Saros,8477480,8477424,20,26,24,28,52,-4.0,5.2,1.2
2023021001,2024-03-07 00:00:00,20232024,MIN,ARI,5,2,7,3,0,M. Fleury,K. Vejmelka,8470594,8478872,23,23,25,26,51,4.6,-1.4,3.2
2023021002,2024-03-07 00:00:00,20232024,VAN,VGK,3,1,4,2,0,T. Demko,A. Hill,8477967,8478499,27,32,28,35,63,7.4,0.4,7.8
2023021003,2024-03-07 00:00:00,20232024,OTT,LAK,3,4,7,1,1,J. Korpisalo,C. Talbot,8476914,8475660,31,28,35,31,66,-0.8,3.6,2.8
2023021004,2024-03-07 00:00:00,20232024,NYI,SJS,7,2,9,5,0,I. Sorokin,M. Chrona,8478009,8480992,23,26,25,33,58,4.6,-8.8,-4.2
2023021005,2024-03-08 00:00:00,20232024,DET,ARI,0,4,4,4,0,A. Lyon,C. Ingram,8479312,8478971,20,28,24,28,52,-4.0,12.6,8.6
2023021006,2024-03-08 00:00:00,20232024,MIN,COL,1,2,3,1,1,F. Gustavsson,A. Georgiev,8479406,8480382,38,29,40,30,70,4.6,7.8,12.4
2023021007,2024-03-08 00:00:00,20232024,DAL,ANA,6,2,8,4,0,J. Oettinger,J. Gibson,8479979,8476434,25,30,27,36,63,5.0,-6.0,-1.0
2023021008,2024-03-08 00:00:00,20232024,WPG,SEA,3,0,3,3,0,L. Brossoit,J. Daccord,8476316,8478916,17,29,17,31,48,10.4,1.8,12.2
2023021009,2024-03-09 00:00:00,20232024,EDM,BUF,2,3,5,1,1,S. Skinner,U. Luukkonen,8479973,8480045,25,30,27,32,59,2.0,6.0,8.0
2023021010,2024-03-09 00:00:00,20232024,NSH,CBJ,2,1,3,1,0,K. Lankinen,D. Tarasov,8480947,8480193,33,47,34,49,83,8.6,5.4,14.0
2023021011,2024-03-09 00:00:00,20232024,CAR,NJD,4,2,6,2,0,P. Kochetkov,N. Daws,8481611,8482076,23,22,25,24,49,4.6,0.4,5.0
2023021012,2024-03-09 00:00:00,20232024,PIT,BOS,1,5,6,4,0,A. Nedeljkovic,L. Ullmark,8477968,8476999,18,38,23,39,62,-6.4,9.6,3.2
2023021013,2024-03-09 00:00:00,20232024,CGY,FLA,1,5,6,4,0,J. Markstrom,A. Stolarz,8474593,8476932,26,34,31,35,66,-4.8,8.8,4.0
2023021014,2024-03-09 00:00:00,20232024,TOR,MTL,3,2,5,1,0,I. Samsonov,S. Montembeault,8478492,8478470,29,24,31,27,58,5.8,-1.2,4.6
2023021015,2024-03-09 00:00:00,20232024,OTT,SJS,1,2,3,1,0,J. Korpisalo,M. Chrona,8476914,8480992,19,31,21,32,53,-0.2,8.2,8.0
2023021016,2024-03-09 00:00:00,20232024,PHI,TBL,0,7,7,7,0,S. Ersson,A. Vasilevskiy,8481035,8476883,11,25,15,25,40,-5.8,12.0,6.2
2023021017,2024-03-09 00:00:00,20232024,CHI,WSH,1,4,5,3,0,P. Mrazek,C. Lindgren,8475852,8479292,22,31,26,32,58,-3.6,8.2,4.6
2023021018,2024-03-09 00:00:00,20232024,STL,NYR,0,4,4,4,0,J. Binnington,I. Shesterkin,8476412,8478048,35,26,39,26,65,-1.0,12.2,11.2
2023021019,2024-03-09 00:00:00,20232024,WPG,VAN,0,5,5,5,0,C. Hellebuyck,T. Demko,8476945,8477967,32,12,37,12,49,-3.6,9.4,5.8
2023021020,2024-03-09 00:00:00,20232024,DET,VGK,3,5,8,2,0,J. Reimer,A. Hill,8473503,8478499,31,23,35,26,61,-1.8,2.6,0.8
2023021021,2024-03-09 00:00:00,20232024,DAL,LAK,4,1,5,3,0,S. Wedgewood,C. Talbot,8475809,8475660,24,31,25,34,59,6.8,0.2,7.0
2023021022,2024-03-10 00:00:00,20232024,EDM,PIT,4,0,4,4,0,C. Pickard,T. Jarry,8475717,8477465,41,38,41,42,83,15.2,-0.4,14.8
2023021023,2024-03-10 00:00:00,20232024,NSH,MIN,3,4,7,1,1,J. Saros,M. Fleury,8477424,8470594,29,27,33,30,63,-1.2,3.4,2.2
2023021024,2024-03-10 00:00:00,20232024,CGY,CAR,2,7,9,5,0,D. Vladar,F. Andersen,8478435,8475883,33,18,40,20,60,-7.4,3.6,-3.8
2023021025,2024-03-10 00:00:00,20232024,ARI,CHI,4,7,11,3,0,C. Ingram,A. Soderblom,8478971,8482821,34,32,40,36,76,-5.2,2.4,-2.8
2023021026,2024-03-10 00:00:00,20232024,NYI,ANA,6,1,7,5,0,S. Varlamov,L. Dostal,8473575,8480843,22,13,23,19,42,6.4,-9.4,-3.0
2023021027,2024-03-11 00:00:00,20232024,STL,BOS,5,1,6,4,0,J. Hofer,J. Swayman,8480981,8480280,36,17,37,21,58,9.2,-4.6,4.6
2023021028,2024-03-11 00:00:00,20232024,NJD,NYR,1,3,4,2,0,K. Kahkonen,J. Quick,8478039,8471734,23,19,25,20,45,0.6,5.8,6.4
2023021029,2024-03-11 00:00:00,20232024,WSH,WPG,0,3,3,3,0,C. Lindgren,C. Hellebuyck,8479292,8476945,26,23,29,23,52,-0.8,11.6,10.8
2023021030,2024-03-11 00:00:00,20232024,NYI,LAK,0,3,3,3,0,I. Sorokin,D. Rittich,8478009,8479496,22,26,24,26,50,0.4,12.2,12.6
2023021031,2024-03-12 00:00:00,20232024,DET,BUF,3,7,10,4,0,A. Lyon,U. Luukkonen,8479312,8480045,9,21,13,24,37,-6.2,2.2,-4.0
2023021032,2024-03-12 00:00:00,20232024,NYR,CAR,1,0,1,1,0,I. Shesterkin,P. Kochetkov,8478048,8481611,28,23,28,24,52,12.6,2.6,15.2
2023021033,2024-03-12 00:00:00,20232024,CBJ,MTL,0,3,3,3,0,E. Merzlikins,C. Primeau,8478007,8480051,1,41,4,41,45,-5.8,15.2,9.4
2023021034,2024-03-12 00:00:00,20232024,PIT,OTT,1,2,3,1,1,T. Jarry,J. Korpisalo,8477465,8476914,37,34,39,35,74,4.4,8.8,13.2
2023021035,2024-03-12 00:00:00,20232024,SJS,PHI,2,3,5,1,0,M. Chrona,S. Ersson,8480992,8481035,38,27,41,29,70,1.6,5.4,7.0
2023021036,2024-03-12 00:00:00,20232024,FLA,DAL,4,3,7,1,0,S. Bobrovsky,J. Oettinger,8475683,8479979,27,26,30,30,60,3.4,-2.8,0.6
2023021037,2024-03-12 00:00:00,20232024,ARI,MIN,1,4,5,3,0,K. Vejmelka,M. Fleury,8478872,8470594,27,22,29,23,52,1.4,6.4,7.8
2023021038,2024-03-12 00:00:00,20232024,ANA,CHI,2,7,9,5,0,J. Gibson,P. Mrazek,8476434,8475852,20,27,26,29,55,-8.0,5.4,-2.6
2023021039,2024-03-12 00:00:00,20232024,COL,CGY,6,2,8,4,0,J. Annunen,D. Vladar,8481020,8478435,25,29,27,35,62,5.0,-6.2,-1.2
2023021040,2024-03-12 00:00:00,20232024,VGK,SEA,5,4,9,1,1,A. Hill,P. Grubauer,8478499,8475831,26,29,30,34,64,1.2,-3.2,-2.0
2023021041,2024-03-13 00:00:00,20232024,LAK,STL,1,3,4,2,0,C. Talbot,J. Binnington,8475660,8476412,27,40,30,41,71,-0.6,10.0,9.4
2023021042,2024-03-13 00:00:00,20232024,NSH,WPG,4,2,6,2,0,J. Saros,C. Hellebuyck,8477424,8476945,27,34,29,38,67,5.4,-1.2,4.2
2023021043,2024-03-13 00:00:00,20232024,WSH,EDM,2,7,9,5,0,D. Kuemper,S. Skinner,8475311,8479973,30,23,37,25,62,-8.0,4.6,-3.4
2023021044,2024-03-13 00:00:00,20232024,COL,VAN,4,3,7,1,1,A. Georgiev,C. DeSmith,8480382,8479193,18,30,21,34,55,1.6,-1.0,0.6
2023021045,2024-03-14 00:00:00,20232024,NYI,BUF,0,4,4,4,0,I. Sorokin,U. Luukkonen,8478009,8480045,33,21,36,21,57,0.6,11.2,11.8
2023021046,2024-03-14 00:00:00,20232024,FLA,CAR,0,4,4,4,0,S. Bobrovsky,F. Andersen,8475683,8475883,31,21,34,21,55,0.2,11.2,11.4
2023021047,2024-03-14 00:00:00,20232024,OTT,CBJ,3,2,5,1,1,A. Forsberg,E. Merzlikins,8476341,8478007,35,35,37,37,74,7.0,4.0,11.0
2023021048,2024-03-14 00:00:00,20232024,ARI,DET,4,1,5,3,0,C. Ingram,A. Lyon,8478971,8479312,28,23,29,26,55,7.6,-1.4,6.2
2023021049,2024-03-14 00:00:00,20232024,BOS,MTL,2,1,3,1,1,L. Ullmark,S. Montembeault,8476999,8478470,18,22,19,24,43,5.6,1.4,7.0
2023021050,2024-03-14 00:00:00,20232024,TOR,PHI,6,2,8,4,0,I. Samsonov,S. Ersson,8478492,8481035,26,9,28,12,40,5.2,-4.2,1.0
2023021051,2024-03-14 00:00:00,20232024,SJS,PIT,3,6,9,3,0,M. Chrona,T. Jarry,8480992,8477465,25,29,30,32,62,-5.0,3.8,-1.2
2023021052,2024-03-14 00:00:00,20232024,NYR,TBL,3,6,9,3,0,I. Shesterkin,A. Vasilevskiy,8478048,8476883,22,25,27,28,55,-5.6,3.0,-2.6
2023021053,2024-03-14 00:00:00,20232024,NJD,DAL,6,2,8,4,0,J. Allen,J. Oettinger,8474596,8479979,35,6,37,10,47,7.0,-6.8,0.2
2023021054,2024-03-14 00:00:00,20232024,ANA,MIN,0,2,2,2,0,L. Dostal,M. Fleury,8480843,8470594,29,16,31,16,47,1.8,10.2,12.0
2023021055,2024-03-14 00:00:00,20232024,VGK,CGY,1,4,5,3,0,A. Hill,D. Wolf,8478499,8481692,33,28,36,29,65,0.6,7.6,8.2
2023021056,2024-03-14 00:00:00,20232024,WSH,SEA,2,1,3,1,0,C. Lindgren,J. Daccord,8479292,8478916,23,21,24,23,47,6.6,0.2,6.8
2023021057,2024-03-15 00:00:00,20232024,ANA,WPG,0,6,6,6,0,J. Gibson,L. Brossoit,8476434,8476316,32,21,38,21,59,-5.6,11.2,5.6
2023021058,2024-03-15 00:00:00,20232024,LAK,CHI,5,0,5,5,0,C. Talbot,A. Soderblom,8475660,8482821,28,10,28,14,42,12.6,-6.0,6.6
2023021059,2024-03-16 00:00:00,20232024,BUF,DET,1,4,5,3,0,U. Luukkonen,J. Reimer,8480045,8473503,22,25,25,26,51,-1.6,7.0,5.4
2023021060,2024-03-16 00:00:00,20232024,OTT,NYI,4,3,7,1,1,J. Korpisalo,S. Varlamov,8476914,8473575,30,26,33,30,63,4.0,-1.8,2.2
2023021061,2024-03-16 00:00:00,20232024,NYR,PIT,7,4,11,3,0,J. Quick,T. Jarry,8471734,8477465,33,17,37,23,60,2.6,-8.6,-6.0
2023021062,2024-03-16 00:00:00,20232024,NJD,ARI,1,4,5,3,0,K. Kahkonen,K. Vejmelka,8478039,8478872,12,37,15,38,53,-3.6,9.4,5.8
2023021063,2024-03-16 00:00:00,20232024,TBL,FLA,5,3,8,2,0,A. Vasilevskiy,S. Bobrovsky,8476883,8475683,47,11,50,15,65,7.4,-5.8,1.6
2023021064,2024-03-16 00:00:00,20232024,PHI,BOS,5,6,11,1,0,F. Sandstrom,J. Swayman,8478433,8480280,24,24,30,29,59,-7.2,-1.2,-8.4
2023021065,2024-03-16 00:00:00,20232024,SJS,CBJ,2,4,6,2,0,M. Chrona,D. Tarasov,8480992,8480193,16,39,19,41,60,-2.8,7.8,5.0
2023021066,2024-03-16 00:00:00,20232024,MTL,CGY,2,5,7,3,0,C. Primeau,D. Wolf,8480051,8481692,23,36,28,38,66,-5.4,7.2,1.8
2023021067,2024-03-16 00:00:00,20232024,CAR,TOR,5,4,9,1,1,P. Kochetkov,I. Samsonov,8481611,8478492,36,36,40,40,80,3.2,0.2,3.4
2023021068,2024-03-16 00:00:00,20232024,LAK,DAL,1,4,5,3,0,D. Rittich,S. Wedgewood,8479496,8475809,25,27,29,28,57,-3.0,7.4,4.4
2023021069,2024-03-16 00:00:00,20232024,MIN,STL,2,3,5,1,1,M. Fleury,J. Binnington,8470594,8476412,35,22,37,24,61,4.0,4.4,8.4
2023021070,2024-03-16 00:00:00,20232024,COL,EDM,3,2,5,1,1,A. Georgiev,S. Skinner,8480382,8479973,32,40,34,43,77,6.4,3.0,9.4
2023021071,2024-03-16 00:00:00,20232024,NSH,SEA,4,1,5,3,0,J. Saros,P. Grubauer,8477424,8475831,23,26,24,29,53,6.6,-0.8,5.8
2023021072,2024-03-16 00:00:00,20232024,WSH,VAN,2,1,3,1,0,C. Lindgren,C. DeSmith,8479292,8479193,21,22,22,24,46,6.2,0.4,6.6
2023021073,2024-03-17 00:00:00,20232024,NYI,NYR,2,5,7,3,0,I. Sorokin,I. Shesterkin,8478009,8478048,26,25,31,27,58,-4.8,5.0,0.2
2023021074,2024-03-17 00:00:00,20232024,NJD,VGK,1,3,4,2,0,J. Allen,L. Thompson,8474596,8480313,34,20,36,21,57,2.8,6.0,8.8
2023021075,2024-03-17 00:00:00,20232024,WPG,CBJ,6,1,7,5,0,C. Hellebuyck,E. Merzlikins,8476945,8478007,30,21,31,27,58,8.0,-7.8,0.2
2023021076,2024-03-17 00:00:00,20232024,SJS,CHI,2,5,7,3,0,D. Cooley,P. Mrazek,8482445,8475852,26,25,30,27,57,-2.8,5.0,2.2
2023021077,2024-03-17 00:00:00,20232024,CAR,OTT,7,2,9,5,0,F. Andersen,A. Forsberg,8475883,8476341,30,31,32,38,70,6.0,-7.8,-1.8
2023021078,2024-03-17 00:00:00,20232024,DET,PIT,3,6,9,3,0,A. Lyon,A. Nedeljkovic,8479312,8477968,32,25,37,28,65,-3.6,3.0,-0.6
2023021079,2024-03-17 00:00:00,20232024,ANA,STL,2,4,6,2,0,L. Dostal,J. Hofer,8480843,8480981,23,26,27,28,55,-3.4,5.2,1.8
2023021080,2024-03-18 00:00:00,20232024,WSH,CGY,5,2,7,3,0,C. Lindgren,D. Wolf,8479292,8481692,34,28,36,32,68,6.8,-2.4,4.4
2023021081,2024-03-18 00:00:00,20232024,BUF,SEA,6,2,8,4,0,U. Luukkonen,J. Daccord,8480045,8478916,32,1,34,4,38,6.4,-5.8,0.6
2023021082,2024-03-19 00:00:00,20232024,OTT,BOS,2,6,8,4,0,J. Korpisalo,L. Ullmark,8476914,8476999,20,29,26,31,57,-8.0,5.8,-2.2
2023021083,2024-03-19 00:00:00,20232024,CBJ,DET,3,4,7,1,1,D. Tarasov,J. Reimer,8480193,8473503,22,32,26,35,61,-2.6,4.4,1.8
2023021084,2024-03-19 00:00:00,20232024,PIT,NJD,2,5,7,3,0,T. Jarry,J. Allen,8477465,8474596,33,36,38,38,76,-3.4,7.2,3.8
2023021085,2024-03-19 00:00:00,20232024,WPG,NYR,4,2,6,2,0,C. Hellebuyck,I. Shesterkin,8476945,8478048,39,23,41,26,67,7.8,-1.4,6.4
2023021086,2024-03-19 00:00:00,20232024,TOR,PHI,3,4,7,1,0,I. Samsonov,S. Ersson,8478492,8481035,26,27,30,30,60,-2.8,3.4,0.6
2023021087,2024-03-19 00:00:00,20232024,CAR,NYI,4,1,5,3,0,P. Kochetkov,I. Sorokin,8481611,8478009,30,30,31,33,64,8.0,0.0,8.0
2023021088,2024-03-19 00:00:00,20232024,SJS,NSH,2,8,10,6,0,M. Chrona,J. Saros,8480992,8477424,32,18,40,20,60,-9.6,3.6,-6.0
2023021089,2024-03-19 00:00:00,20232024,COL,STL,4,3,7,1,0,J. Annunen,J. Binnington,8481020,8476412,30,31,33,35,68,4.0,-1.8,2.2
2023021090,2024-03-19 00:00:00,20232024,MTL,EDM,2,3,5,1,1,S. Montembeault,C. Pickard,8478470,8475717,29,23,32,25,57,0.8,4.6,5.4
2023021091,2024-03-19 00:00:00,20232024,MIN,ANA,4,0,4,4,0,F. Gustavsson,J. Gibson,8479406,8476434,27,28,27,32,59,12.4,-2.4,10.0
2023021092,2024-03-19 00:00:00,20232024,CHI,LAK,2,6,8,4,0,P. Mrazek,C. Talbot,8475852,8475660,18,22,24,24,48,-8.4,4.4,-4.0
2023021093,2024-03-19 00:00:00,20232024,BUF,VAN,2,3,5,1,0,D. Levi,C. DeSmith,8482221,8479193,31,15,33,17,50,2.2,3.0,5.2
2023021094,2024-03-19 00:00:00,20232024,TBL,VGK,5,3,8,2,0,A. Vasilevskiy,A. Hill,8476883,8478499,24,16,27,20,47,2.8,-4.8,-2.0
2023021095,2024-03-20 00:00:00,20232024,TOR,WSH,7,3,10,4,0,J. Woll,C. Lindgren,8479361,8479292,18,22,21,29,50,1.6,-9.6,-8.0
2023021096,2024-03-20 00:00:00,20232024,ARI,DAL,2,5,7,3,0,C. Ingram,J. Oettinger,8478971,8479979,28,23,33,25,58,-4.4,4.6,0.2
2023021097,2024-03-20 00:00:00,20232024,MIN,LAK,0,6,6,6,0,M. Fleury,D. Rittich,8470594,8479496,11,31,16,31,47,-7.8,13.2,5.4
2023021098,2024-03-21 00:00:00,20232024,NYR,BOS,5,2,7,3,0,J. Quick,J. Swayman,8471734,8480280,24,26,26,29,55,4.8,-0.8,4.0
2023021099,2024-03-21 00:00:00,20232024,PHI,CAR,2,3,5,1,1,S. Ersson,F. Andersen,8481035,8475883,30,30,33,32,65,1.0,6.0,7.0
2023021100,2024-03-21 00:00:00,20232024,NYI,DET,3,6,9,3,0,I. Sorokin,J. Reimer,8478009,8473503,18,33,23,36,59,-6.4,4.6,-1.8
2023021101,2024-03-21 00:00:00,20232024,NSH,FLA,3,0,3,3,0,K. Lankinen,S. Bobrovsky,8480947,8475683,33,34,33,37,70,13.6,0.8,14.4
2023021102,2024-03-21 00:00:00,20232024,WPG,NJD,1,4,5,3,0,L. Brossoit,J. Allen,8476316,8474596,37,18,40,19,59,1.4,5.6,7.0
2023021103,2024-03-21 00:00:00,20232024,STL,OTT,5,2,7,3,0,J. Hofer,A. Forsberg,8480981,8476341,37,22,39,26,65,7.4,-3.6,3.8
2023021104,2024-03-21 00:00:00,20232024,BUF,EDM,3,8,11,5,0,U. Luukkonen,S. Skinner,8480045,8479973,31,26,39,29,68,-9.8,3.2,-6.6
2023021105,2024-03-21 00:00:00,20232024,CHI,ANA,0,4,4,4,0,A. Soderblom,L. Dostal,8482821,8480843,21,29,25,29,54,-3.8,12.8,9.0
2023021106,2024-03-21 00:00:00,20232024,MTL,VAN,1,4,5,3,0,S. Montembeault,C. DeSmith,8478470,8479193,21,16,25,17,42,-3.8,5.2,1.4
2023021107,2024-03-21 00:00:00,20232024,SEA,VGK,1,3,4,2,0,P. Grubauer,L. Thompson,8475831,8480313,34,21,36,22,58,2.8,6.2,9.0
2023021108,2024-03-21 00:00:00,20232024,TBL,SJS,4,1,5,3,0,A. Vasilevskiy,M. Blackwood,8476883,8478406,21,17,22,21,43,6.2,-4.6,1.6
2023021109,2024-03-22 00:00:00,20232024,CAR,WSH,6,7,13,1,1,P. Kochetkov,D. Kuemper,8481611,8475311,19,18,25,22,47,-7.2,-4.4,-11.6
2023021110,2024-03-22 00:00:00,20232024,PIT,DAL,2,4,6,2,0,T. Jarry,J. Oettinger,8477465,8479979,16,20,20,22,42,-4.8,4.0,-0.8
2023021111,2024-03-22 00:00:00,20232024,CBJ,COL,1,6,7,5,0,E. Merzlikins,A. Georgiev,8478007,8480382,44,23,50,24,74,-3.2,6.6,3.4
2023021112,2024-03-22 00:00:00,20232024,SEA,ARI,1,2,3,1,1,J. Daccord,K. Vejmelka,8478916,8478872,24,27,26,28,54,1.8,7.4,9.2
2023021113,2024-03-23 00:00:00,20232024,WPG,NYI,3,6,9,3,0,C. Hellebuyck,S. Varlamov,8476945,8473575,21,32,26,35,61,-5.8,4.4,-1.4
2023021114,2024-03-23 00:00:00,20232024,BOS,PHI,2,3,5,1,0,L. Ullmark,S. Ersson,8476999,8481035,26,18,29,20,49,-0.8,3.6,2.8
2023021115,2024-03-23 00:00:00,20232024,STL,MIN,5,4,9,1,1,J. Binnington,M. Fleury,8476412,8470594,30,22,34,27,61,2.0,-4.6,-2.6
2023021116,2024-03-23 00:00:00,20232024,DET,NSH,0,1,1,1,0,A. Lyon,J. Saros,8479312,8477424,31,22,32,22,54,4.2,11.4,15.6
2023021117,2024-03-23 00:00:00,20232024,OTT,NJD,5,2,7,3,0,J. Korpisalo,J. Allen,8476914,8474596,18,20,20,25,45,3.6,-6.0,-2.4
2023021118,2024-03-23 00:00:00,20232024,EDM,TOR,3,6,9,3,0,S. Skinner,I. Samsonov,8479973,8478492,18,31,23,34,57,-6.4,4.2,-2.2
2023021119,2024-03-23 00:00:00,20232024,FLA,NYR,3,4,7,1,1,S. Bobrovsky,I. Shesterkin,8475683,8478048,34,27,37,30,67,1.8,3.4,5.2
2023021120,2024-03-23 00:00:00,20232024,CGY,VAN,2,4,6,2,0,J. Markstrom,C. DeSmith,8474593,8479193,22,22,25,24,49,-1.6,4.4,2.8
2023021121,2024-03-23 00:00:00,20232024,TBL,LAK,3,4,7,1,1,A. Vasilevskiy,C. Talbot,8476883,8475660,19,22,23,24,47,-3.2,2.4,-0.8
2023021122,2024-03-23 00:00:00,20232024,CHI,SJS,5,4,9,1,1,P. Mrazek,D. Cooley,8475852,8482445,26,26,30,31,61,1.2,-3.8,-2.6
2023021123,2024-03-23 00:00:00,20232024,CBJ,VGK,2,4,6,2,0,D. Tarasov,A. Hill,8480193,8478499,43,12,47,13,60,0.6,4.4,5.0
2023021124,2024-03-24 00:00:00,20232024,WPG,WSH,0,3,3,3,0,C. Hellebuyck,C. Lindgren,8476945,8479292,16,27,19,27,46,-2.8,12.4,9.6
2023021125,2024-03-24 00:00:00,20232024,PIT,COL,4,5,9,1,1,A. Nedeljkovic,A. Georgiev,8477968,8480382,21,30,25,34,59,-2.8,2.0,-0.8
2023021126,2024-03-24 00:00:00,20232024,NJD,NYI,4,0,4,4,0,K. Kahkonen,I. Sorokin,8478039,8478009,36,26,36,29,65,14.2,-0.8,13.4
2023021127,2024-03-24 00:00:00,20232024,TOR,CAR,1,2,3,1,0,J. Woll,F. Andersen,8479361,8475883,41,32,43,33,76,4.2,8.4,12.6
2023021128,2024-03-24 00:00:00,20232024,EDM,OTT,3,5,8,2,0,C. Pickard,J. Korpisalo,8475717,8476914,11,33,15,36,51,-5.8,4.6,-1.2
2023021129,2024-03-24 00:00:00,20232024,FLA,PHI,4,1,5,3,0,A. Stolarz,F. Sandstrom,8476932,8478433,32,11,33,14,47,8.4,-3.8,4.6
2023021130,2024-03-24 00:00:00,20232024,DAL,ARI,4,2,6,2,0,J. Oettinger,C. Ingram,8479979,8478971,26,31,28,34,62,5.2,0.2,5.4
2023021131,2024-03-24 00:00:00,20232024,TBL,ANA,3,2,5,1,1,J. Johansson,L. Dostal,8477992,8480843,30,24,32,27,59,6.0,-0.2,5.8
2023021132,2024-03-24 00:00:00,20232024,BUF,CGY,4,1,5,3,0,U. Luukkonen,D. Wolf,8480045,8481692,32,25,33,27,60,8.4,1.0,9.4
2023021133,2024-03-24 00:00:00,20232024,MTL,SEA,5,1,6,4,0,C. Primeau,P. Grubauer,8480051,8475831,36,2,37,6,43,9.2,-7.6,1.6
2023021134,2024-03-25 00:00:00,20232024,VGK,STL,2,1,3,1,1,L. Thompson,J. Binnington,8480313,8476412,31,32,32,34,66,8.2,3.4,11.6
2023021135,2024-03-25 00:00:00,20232024,LAK,VAN,3,2,5,1,0,C. Talbot,C. DeSmith,8475660,8479193,21,16,23,19,42,4.2,-2.8,1.4
2023021136,2024-03-26 00:00:00,20232024,BOS,FLA,4,3,7,1,0,J. Swayman,S. Bobrovsky,8480280,8475683,18,17,21,21,42,1.6,-4.6,-3.0
2023021137,2024-03-26 00:00:00,20232024,PHI,NYR,5,6,11,1,1,S. Ersson,I. Shesterkin,8481035,8478048,21,37,27,42,69,-6.8,1.4,-5.4
2023021138,2024-03-26 00:00:00,20232024,CAR,PIT,1,4,5,3,0,P. Kochetkov,A. Nedeljkovic,8481611,8477968,18,38,20,39,59,-0.4,9.6,9.2
2023021139,2024-03-26 00:00:00,20232024,NJD,TOR,6,3,9,3,0,J. Allen,J. Woll,8474596,8479361,42,19,45,24,69,6.4,-6.2,0.2
2023021140,2024-03-26 00:00:00,20232024,DET,WSH,3,4,7,1,1,A. Lyon,C. Lindgren,8479312,8479292,26,30,30,33,63,-1.8,4.0,2.2
2023021141,2024-03-26 00:00:00,20232024,VGK,NSH,4,5,9,1,1,J. Patera,J. Saros,8480238,8477424,30,31,35,35,70,-3.0,2.2,-0.8
2023021142,2024-03-26 00:00:00,20232024,EDM,WPG,4,3,7,1,1,S. Skinner,C. Hellebuyck,8479973,8476945,22,38,25,42,67,2.4,0.6,3.0
2023021143,2024-03-26 00:00:00,20232024,CGY,CHI,1,3,4,2,0,J. Markstrom,P. Mrazek,8474593,8475852,24,38,27,39,66,-1.2,9.6,8.4
2023021144,2024-03-26 00:00:00,20232024,MTL,COL,2,1,3,1,0,S. Montembeault,J. Annunen,8478470,8481020,27,25,28,27,55,7.4,1.0,8.4
2023021145,2024-03-26 00:00:00,20232024,CBJ,ARI,2,6,8,4,0,E. Merzlikins,K. Vejmelka,8478007,8478872,29,25,35,27,62,-6.2,5.0,-1.2
2023021146,2024-03-26 00:00:00,20232024,ANA,SEA,0,4,4,4,0,J. Gibson,J. Daccord,8476434,8478916,32,12,36,12,48,-1.6,9.4,7.8
2023021147,2024-03-26 00:00:00,20232024,DAL,SJS,6,3,9,3,0,S. Wedgewood,M. Blackwood,8475809,8478406,17,35,20,41,61,1.4,-5.0,-3.6
2023021148,2024-03-27 00:00:00,20232024,OTT,BUF,6,2,8,4,0,J. Korpisalo,U. Luukkonen,8476914,8480045,34,5,36,9,45,6.8,-7.0,-0.2
2023021149,2024-03-27 00:00:00,20232024,BOS,TBL,1,3,4,2,0,L. Ullmark,A. Vasilevskiy,8476999,8476883,28,23,30,24,54,1.6,6.6,8.2
2023021150,2024-03-28 00:00:00,20232024,DET,CAR,0,4,4,4,0,J. Reimer,F. Andersen,8473503,8475883,29,24,33,24,57,-2.2,11.8,9.6
2023021151,2024-03-28 00:00:00,20232024,NYI,FLA,3,2,5,1,0,S. Varlamov,A. Stolarz,8473575,8476932,26,21,28,24,52,5.2,-1.8,3.4
2023021152,2024-03-28 00:00:00,20232024,PHI,MTL,1,4,5,3,0,S. Ersson,C. Primeau,8481035,8480051,13,29,15,30,45,-1.4,7.8,6.4
2023021153,2024-03-28 00:00:00,20232024,CHI,OTT,0,2,2,2,0,P. Mrazek,A. Forsberg,8475852,8476341,32,19,34,19,53,2.4,10.8,13.2
2023021154,2024-03-28 00:00:00,20232024,CBJ,PIT,2,3,5,1,0,D. Tarasov,A. Nedeljkovic,8480193,8477968,33,17,36,19,55,0.6,3.4,4.0
2023021155,2024-03-28 00:00:00,20232024,WSH,TOR,1,5,6,4,0,C. Lindgren,J. Woll,8479292,8479361,43,23,48,24,72,-1.4,6.6,5.2
2023021156,2024-03-28 00:00:00,20232024,SJS,MIN,1,3,4,2,0,M. Blackwood,F. Gustavsson,8478406,8479406,29,26,31,27,58,1.8,7.2,9.0
2023021157,2024-03-28 00:00:00,20232024,CGY,STL,3,5,8,2,0,D. Wolf,J. Binnington,8481692,8476412,14,25,18,28,46,-5.2,3.0,-2.2
2023021158,2024-03-28 00:00:00,20232024,VGK,WPG,4,1,5,3,0,L. Thompson,C. Hellebuyck,8480313,8476945,39,23,40,25,65,9.8,0.6,10.4
2023021159,2024-03-28 00:00:00,20232024,NYR,COL,3,2,5,1,1,I. Shesterkin,A. Georgiev,8478048,8480382,39,23,40,25,65,7.8,1.6,9.4
2023021160,2024-03-28 00:00:00,20232024,LAK,EDM,1,4,5,3,0,C. Talbot,S. Skinner,8475660,8479973,16,31,19,32,51,-2.8,8.2,5.4
2023021161,2024-03-28 00:00:00,20232024,NSH,ARI,4,8,12,4,0,J. Saros,C. Ingram,8477424,8478971,21,33,27,37,64,-7.8,2.6,-5.2
2023021162,2024-03-28 00:00:00,20232024,ANA,SEA,2,4,6,2,0,L. Dostal,P. Grubauer,8480843,8475831,24,21,28,23,51,-3.2,4.2,1.0
2023021163,2024-03-28 00:00:00,20232024,DAL,VAN,3,1,4,2,0,J. Oettinger,C. DeSmith,8479979,8479193,27,31,28,33,61,7.4,2.2,9.6
2023021164,2024-03-29 00:00:00,20232024,NJD,BUF,2,5,7,3,0,J. Allen,D. Levi,8474596,8482221,31,28,34,30,64,0.2,5.6,5.8
2023021165,2024-03-30 00:00:00,20232024,DET,FLA,2,3,5,1,1,A. Lyon,S. Bobrovsky,8479312,8475683,36,20,38,22,60,4.2,4.0,8.2
2023021166,2024-03-30 00:00:00,20232024,VGK,MIN,2,1,3,1,1,L. Thompson,F. Gustavsson,8480313,8479406,32,29,33,30,63,8.4,3.8,12.2
2023021167,2024-03-30 00:00:00,20232024,ANA,EDM,1,6,7,5,0,J. Gibson,C. Pickard,8476434,8475717,31,21,37,22,59,-5.8,6.2,0.4
2023021168,2024-03-30 00:00:00,20232024,NYR,ARI,8,5,13,3,0,J. Quick,K. Vejmelka,8471734,8478872,27,24,32,30,62,-0.6,-7.2,-7.8
2023021169,2024-03-30 00:00:00,20232024,NSH,COL,4,7,11,3,0,K. Lankinen,A. Georgiev,8480947,8480382,35,9,41,13,54,-5.0,-6.2,-11.2
2023021170,2024-03-30 00:00:00,20232024,TOR,BUF,3,0,3,3,0,I. Samsonov,U. Luukkonen,8478492,8480045,34,19,34,22,56,13.8,-2.2,11.6
2023021171,2024-03-30 00:00:00,20232024,PIT,CBJ,3,4,7,1,1,A. Nedeljkovic,E. Merzlikins,8477968,8478007,34,30,37,33,70,1.8,4.0,5.8
2023021172,2024-03-30 00:00:00,20232024,CAR,MTL,3,0,3,3,0,P. Kochetkov,S. Montembeault,8481611,8478470,26,27,26,29,55,12.2,1.4,13.6
2023021173,2024-03-30 00:00:00,20232024,CHI,PHI,5,1,6,4,0,A. Soderblom,S. Ersson,8482821,8481035,30,19,31,24,55,8.0,-6.2,1.8
2023021174,2024-03-30 00:00:00,20232024,NYI,TBL,1,4,5,3,0,S. Varlamov,A. Vasilevskiy,8473575,8476883,36,27,39,28,67,1.2,7.4,8.6
2023021175,2024-03-30 00:00:00,20232024,OTT,WPG,3,2,5,1,0,J. Korpisalo,C. Hellebuyck,8476914,8476945,28,24,30,27,57,5.6,-1.2,4.4
2023021176,2024-03-30 00:00:00,20232024,BOS,WSH,3,2,5,1,1,J. Swayman,C. Lindgren,8480280,8479292,18,27,20,29,49,3.6,2.4,6.0
2023021177,2024-03-30 00:00:00,20232024,SJS,STL,4,0,4,4,0,M. Blackwood,J. Hofer,8478406,8480981,35,16,35,19,54,14.0,-2.8,11.2
2023021178,2024-03-30 00:00:00,20232024,LAK,CGY,2,4,6,2,0,D. Rittich,J. Markstrom,8479496,8474593,31,16,35,18,53,-1.8,3.2,1.4
2023021179,2024-03-30 00:00:00,20232024,DAL,SEA,3,0,3,3,0,J. Oettinger,J. Daccord,8479979,8478916,17,27,17,29,46,10.4,1.4,11.8
2023021180,2024-03-31 00:00:00,20232024,ANA,VAN,2,3,5,1,0,L. Dostal,A. Silovs,8480843,8481668,27,20,30,22,52,-0.6,4.0,3.4
2023021181,2024-04-01 00:00:00,20232024,COL,CBJ,1,4,5,3,0,J. Annunen,D. Tarasov,8481020,8480193,21,45,24,46,70,-1.8,11.0,9.2
2023021182,2024-04-01 00:00:00,20232024,PIT,NYR,5,2,7,3,0,A. Nedeljkovic,I. Shesterkin,8477968,8478048,28,15,30,18,48,5.6,-3.0,2.6
2023021183,2024-04-01 00:00:00,20232024,NYI,PHI,4,3,7,1,1,S. Varlamov,S. Ersson,8473575,8481035,31,4,34,6,40,4.2,-3.2,1.0
2023021184,2024-04-01 00:00:00,20232024,DET,TBL,4,2,6,2,0,A. Lyon,A. Vasilevskiy,8479312,8476883,34,28,36,31,67,6.8,-0.4,6.4
2023021185,2024-04-01 00:00:00,20232024,FLA,TOR,4,6,10,2,0,S. Bobrovsky,I. Samsonov,8475683,8478492,11,26,16,30,46,-7.8,1.2,-6.6
2023021186,2024-04-01 00:00:00,20232024,EDM,STL,2,3,5,1,1,S. Skinner,J. Binnington,8479973,8476412,26,36,29,38,67,0.2,7.2,7.4
2023021187,2024-04-01 00:00:00,20232024,LAK,WPG,3,4,7,1,0,C. Talbot,L. Brossoit,8475660,8476316,28,25,32,28,60,-2.4,3.0,0.6
2023021188,2024-04-01 00:00:00,20232024,SEA,SJS,4,2,6,2,0,P. Grubauer,M. Blackwood,8475831,8478406,24,28,26,31,57,4.8,-0.4,4.4
2023021189,2024-04-02 00:00:00,20232024,WSH,BUF,2,6,8,4,0,C. Lindgren,U. Luukkonen,8479292,8480045,25,24,31,26,57,-7.0,4.8,-2.2
2023021190,2024-04-02 00:00:00,20232024,FLA,MTL,3,5,8,2,0,A. Stolarz,S. Montembeault,8476932,8478470,33,37,38,40,78,-3.4,5.4,2.0
2023021191,2024-04-02 00:00:00,20232024,PIT,NJD,6,3,9,3,0,A. Nedeljkovic,J. Allen,8477968,8474596,23,15,26,20,46,2.6,-7.0,-4.4
2023021192,2024-04-02 00:00:00,20232024,CHI,NYI,1,2,3,1,0,P. Mrazek,I. Sorokin,8475852,8478009,27,18,29,19,48,1.4,5.6,7.0
2023021193,2024-04-02 00:00:00,20232024,OTT,MIN,2,3,5,1,0,J. Korpisalo,M. Fleury,8476914,8470594,16,30,19,32,51,-2.8,6.0,3.2
2023021194,2024-04-02 00:00:00,20232024,BOS,NSH,3,0,3,3,0,L. Ullmark,J. Saros,8476999,8477424,31,29,31,31,62,13.2,1.8,15.0
2023021195,2024-04-02 00:00:00,20232024,ANA,CGY,5,3,8,2,0,L. Dostal,J. Markstrom,8480843,8474593,21,24,24,29,53,2.2,-5.2,-3.0
2023021196,2024-04-02 00:00:00,20232024,VAN,VGK,3,6,9,3,0,C. DeSmith,L. Thompson,8479193,8480313,24,27,30,30,60,-7.2,3.4,-3.8
2023021197,2024-04-03 00:00:00,20232024,TBL,TOR,4,1,5,3,0,A. Vasilevskiy,J. Woll,8476883,8479361,28,21,29,25,54,7.6,-3.8,3.8
2023021198,2024-04-03 00:00:00,20232024,NJD,NYR,3,4,7,1,0,K. Kahkonen,I. Shesterkin,8478039,8478048,37,17,41,20,61,-0.6,1.4,0.8
2023021199,2024-04-03 00:00:00,20232024,EDM,DAL,0,5,5,5,0,C. Pickard,J. Oettinger,8475717,8479979,27,35,32,35,67,-4.6,14.0,9.4
2023021200,2024-04-03 00:00:00,20232024,VAN,ARI,2,1,3,1,0,A. Silovs,C. Ingram,8481668,8478971,20,31,21,33,54,6.0,2.2,8.2
2023021201,2024-04-03 00:00:00,20232024,SEA,LAK,2,5,7,3,0,P. Grubauer,C. Talbot,8475831,8475660,22,21,27,23,50,-5.6,4.2,-1.4
2023021202,2024-04-04 00:00:00,20232024,BOS,CAR,4,1,5,3,0,J. Swayman,F. Andersen,8480280,8475883,28,24,29,27,56,7.6,-1.2,6.4
2023021203,2024-04-04 00:00:00,20232024,NYI,CBJ,4,2,6,2,0,I. Sorokin,D. Tarasov,8478009,8480193,25,13,27,15,42,5.0,-1.4,3.6
2023021204,2024-04-04 00:00:00,20232024,TBL,MTL,7,4,11,3,0,M. Tomkins,C. Primeau,8477035,8480051,26,28,30,34,64,1.2,-6.4,-5.2
2023021205,2024-04-04 00:00:00,20232024,FLA,OTT,6,0,6,6,0,S. Bobrovsky,J. Korpisalo,8475683,8476914,30,13,30,17,47,13.0,-5.4,7.6
2023021206,2024-04-04 00:00:00,20232024,PIT,WSH,4,1,5,3,0,A. Nedeljkovic,C. Lindgren,8477968,8479292,30,20,31,23,54,8.0,-2.0,6.0
2023021207,2024-04-04 00:00:00,20232024,COL,MIN,5,2,7,3,0,J. Annunen,F. Gustavsson,8481020,8479406,44,31,46,35,81,8.8,-1.8,7.0
2023021208,2024-04-04 00:00:00,20232024,STL,NSH,3,6,9,3,0,J. Binnington,J. Saros,8476412,8477424,25,44,29,47,76,-3.0,6.8,3.8
2023021209,2024-04-04 00:00:00,20232024,CGY,WPG,2,5,7,3,0,D. Wolf,C. Hellebuyck,8481692,8476945,40,31,44,33,77,0.0,6.2,6.2
2023021210,2024-04-04 00:00:00,20232024,LAK,SJS,2,1,3,1,0,D. Rittich,M. Blackwood,8479496,8478406,15,25,16,27,43,5.0,1.0,6.0
2023021211,2024-04-05 00:00:00,20232024,PHI,BUF,2,4,6,2,0,I. Fedotov,U. Luukkonen,8478905,8480045,15,32,19,34,53,-5.0,6.4,1.4
2023021212,2024-04-05 00:00:00,20232024,WSH,CAR,2,4,6,2,0,D. Kuemper,P. Kochetkov,8475311,8481611,41,14,44,16,60,2.2,2.8,5.0
2023021213,2024-04-05 00:00:00,20232024,NYR,DET,4,3,7,1,0,J. Quick,A. Lyon,8471734,8479312,31,34,34,38,72,4.2,-1.2,3.0
2023021214,2024-04-05 00:00:00,20232024,COL,EDM,2,6,8,4,0,A. Georgiev,S. Skinner,8480382,8479973,41,22,47,24,71,-3.8,4.4,0.6
2023021215,2024-04-05 00:00:00,20232024,SEA,ANA,3,1,4,2,0,P. Grubauer,L. Dostal,8475831,8480843,16,24,17,27,44,5.2,-1.2,4.0
2023021216,2024-04-05 00:00:00,20232024,VGK,ARI,4,7,11,3,0,L. Thompson,K. Vejmelka,8480313,8478872,25,20,31,24,55,-7.0,0.0,-7.0
2023021217,2024-04-06 00:00:00,20232024,TBL,PIT,4,5,9,1,0,A. Vasilevskiy,A. Nedeljkovic,8476883,8477968,23,30,28,34,62,-5.4,2.0,-3.4
2023021218,2024-04-06 00:00:00,20232024,FLA,BOS,2,3,5,1,1,S. Bobrovsky,L. Ullmark,8475683,8476999,26,28,29,30,59,0.2,5.6,5.8
2023021219,2024-04-06 00:00:00,20232024,WPG,MIN,4,2,6,2,0,C. Hellebuyck,M. Fleury,8476945,8470594,25,21,27,25,52,5.0,-3.8,1.2
2023021220,2024-04-06 00:00:00,20232024,DAL,CHI,2,3,5,1,0,S. Wedgewood,P. Mrazek,8475809,8475852,14,42,17,44,61,-3.2,8.4,5.2
2023021221,2024-04-06 00:00:00,20232024,STL,SJS,2,3,5,1,1,J. Hofer,D. Cooley,8480981,8482445,22,34,25,36,61,-0.6,6.8,6.2
2023021222,2024-04-06 00:00:00,20232024,PHI,CBJ,2,6,8,4,0,S. Ersson,J. Greaves,8481035,8482982,27,37,33,39,72,-6.6,7.4,0.8
2023021223,2024-04-06 00:00:00,20232024,TOR,MTL,4,2,6,2,0,I. Samsonov,S. Montembeault,8478492,8478470,24,8,26,12,38,4.8,-6.4,-1.6
2023021224,2024-04-06 00:00:00,20232024,NJD,OTT,4,3,7,1,0,J. Allen,A. Forsberg,8474596,8476341,25,6,28,9,37,3.0,-4.8,-1.8
2023021225,2024-04-06 00:00:00,20232024,NSH,NYI,0,2,2,2,0,K. Lankinen,S. Varlamov,8480947,8473575,28,42,29,42,71,3.6,15.4,19.0
2023021226,2024-04-06 00:00:00,20232024,EDM,CGY,4,2,6,2,0,C. Pickard,J. Markstrom,8475717,8474593,33,23,35,26,61,6.6,-1.4,5.2
2023021227,2024-04-06 00:00:00,20232024,VAN,LAK,3,6,9,3,0,C. DeSmith,C. Talbot,8479193,8475660,23,39,29,42,71,-7.4,5.8,-1.6
2023021228,2024-04-07 00:00:00,20232024,BUF,DET,1,3,4,2,0,U. Luukkonen,A. Lyon,8480045,8479312,21,37,24,38,62,-1.8,9.4,7.6
2023021229,2024-04-07 00:00:00,20232024,MIN,CHI,4,0,4,4,0,J. Wallstedt,A. Soderblom,8482661,8482821,24,33,24,37,61,11.8,-1.4,10.4
2023021230,2024-04-07 00:00:00,20232024,CBJ,CAR,0,3,3,3,0,M. Subban,F. Andersen,8476876,8475883,32,23,35,23,58,0.4,11.6,12.0
2023021231,2024-04-07 00:00:00,20232024,ARI,SJS,5,2,7,3,0,C. Ingram,M. Blackwood,8478971,8478406,25,23,27,27,54,5.0,-3.4,1.6
2023021232,2024-04-07 00:00:00,20232024,OTT,WSH,3,2,5,1,1,J. Korpisalo,C. Lindgren,8476914,8479292,20,18,22,21,43,4.0,-1.4,2.6
2023021233,2024-04-07 00:00:00,20232024,NSH,NJD,3,2,5,1,1,J. Saros,K. Kahkonen,8477424,8478039,23,4,25,5,30,4.6,-1.2,3.4
2023021234,2024-04-07 00:00:00,20232024,MTL,NYR,2,5,7,3,0,C. Primeau,I. Shesterkin,8480051,8478048,41,26,45,28,73,0.2,5.2,5.4
2023021235,2024-04-07 00:00:00,20232024,STL,ANA,6,5,11,1,1,J. Binnington,L. Dostal,8476412,8480843,33,26,38,31,69,0.6,-3.8,-3.2
2023021236,2024-04-07 00:00:00,20232024,DAL,COL,7,4,11,3,0,J. Oettinger,A. Georgiev,8479979,8480382,34,30,38,36,74,2.8,-6.0,-3.2
2023021237,2024-04-08 00:00:00,20232024,PIT,TOR,2,3,5,1,1,A. Nedeljkovic,I. Samsonov,8477968,8478492,20,31,23,33,56,-1.0,6.2,5.2
2023021238,2024-04-08 00:00:00,20232024,VGK,VAN,3,4,7,1,0,L. Thompson,A. Silovs,8480313,8481668,26,20,30,23,53,-2.8,2.0,-0.8
2023021239,2024-04-09 00:00:00,20232024,CAR,BOS,4,1,5,3,0,P. Kochetkov,J. Swayman,8481611,8480280,22,22,23,26,49,6.4,-3.6,2.8
2023021240,2024-04-09 00:00:00,20232024,WSH,DET,2,1,3,1,0,C. Lindgren,A. Lyon,8479292,8479312,42,21,43,23,66,10.4,0.2,10.6
2023021241,2024-04-09 00:00:00,20232024,OTT,FLA,0,2,2,2,0,J. Korpisalo,A. Stolarz,8476914,8476932,28,26,30,26,56,1.6,12.2,13.8
2023021242,2024-04-09 00:00:00,20232024,PHI,MTL,3,9,12,6,0,S. Ersson,S. Montembeault,8481035,8478470,12,33,17,36,53,-7.6,4.6,-3.0
2023021243,2024-04-09 00:00:00,20232024,TOR,NJD,5,2,7,3,0,J. Woll,J. Allen,8479361,8474596,18,34,20,38,58,3.6,-1.2,2.4
2023021244,2024-04-09 00:00:00,20232024,NYR,NYI,2,4,6,2,0,I. Shesterkin,S. Varlamov,8478048,8473575,24,31,27,33,60,-1.2,6.2,5.0
2023021245,2024-04-09 00:00:00,20232024,CBJ,TBL,2,5,7,3,0,J. Greaves,A. Vasilevskiy,8482982,8476883,28,30,32,32,64,-2.4,6.0,3.6
2023021246,2024-04-09 00:00:00,20232024,BUF,DAL,2,3,5,1,0,U. Luukkonen,J. Oettinger,8480045,8479979,21,19,24,21,45,-1.8,3.8,2.0
2023021247,2024-04-09 00:00:00,20232024,WPG,NSH,4,3,7,1,1,C. Hellebuyck,J. Saros,8476945,8477424,45,18,48,22,70,7.0,-3.4,3.6
2023021248,2024-04-09 00:00:00,20232024,MIN,COL,2,5,7,3,0,F. Gustavsson,A. Georgiev,8479406,8480382,27,20,32,22,54,-4.6,4.0,-0.6
2023021249,2024-04-09 00:00:00,20232024,LAK,ANA,1,3,4,2,0,C. Talbot,L. Dostal,8475660,8480843,24,36,27,37,64,-1.2,9.2,8.0
2023021250,2024-04-09 00:00:00,20232024,ARI,SEA,0,5,5,5,0,K. Vejmelka,P. Grubauer,8478872,8475831,20,39,25,39,64,-6.0,14.8,8.8
2023021251,2024-04-09 00:00:00,20232024,CGY,SJS,3,2,5,1,1,D. Wolf,M. Blackwood,8481692,8478406,20,38,22,41,63,4.0,2.6,6.6
2023021252,2024-04-10 00:00:00,20232024,CHI,STL,2,5,7,3,0,P. Mrazek,J. Hofer,8475852,8480981,0,18,3,20,23,-6.0,3.6,-2.4
2023021253,2024-04-10 00:00:00,20232024,VGK,EDM,1,5,6,4,0,A. Hill,S. Skinner,8478499,8479973,20,17,25,18,43,-6.0,5.4,-0.6
2023021254,2024-04-10 00:00:00,20232024,ARI,VAN,4,3,7,1,1,C. Ingram,A. Silovs,8478971,8481668,23,14,26,18,44,2.6,-4.2,-1.6
2023021255,2024-04-11 00:00:00,20232024,WSH,BUF,2,4,6,2,0,C. Lindgren,U. Luukkonen,8479292,8480045,13,22,16,24,40,-3.4,4.4,1.0
2023021256,2024-04-11 00:00:00,20232024,CBJ,FLA,0,4,4,4,0,J. Greaves,S. Bobrovsky,8482982,8475683,42,25,46,25,71,0.4,12.0,12.4
2023021257,2024-04-11 00:00:00,20232024,PHI,NYR,4,1,5,3,0,S. Ersson,J. Quick,8481035,8471734,24,22,25,26,51,6.8,-3.6,3.2
2023021258,2024-04-11 00:00:00,20232024,DET,PIT,5,6,11,1,1,A. Lyon,A. Nedeljkovic,8479312,8477968,21,25,27,30,57,-6.8,-1.0,-7.8
2023021259,2024-04-11 00:00:00,20232024,OTT,TBL,3,2,5,1,1,A. Forsberg,M. Tomkins,8476341,8477035,24,25,26,27,53,4.8,2.0,6.8
2023021260,2024-04-11 00:00:00,20232024,NJD,TOR,6,5,11,1,0,J. Allen,I. Samsonov,8474596,8478492,27,14,32,20,52,-0.6,-9.2,-9.8
2023021261,2024-04-11 00:00:00,20232024,MTL,NYI,2,3,5,1,1,S. Montembeault,S. Varlamov,8478470,8473575,28,12,31,14,45,0.6,2.4,3.0
2023021262,2024-04-11 00:00:00,20232024,WPG,DAL,3,0,3,3,0,L. Brossoit,J. Oettinger,8476316,8479979,24,21,24,23,47,11.8,0.2,12.0
2023021263,2024-04-11 00:00:00,20232024,SJS,SEA,3,1,4,2,0,D. Cooley,J. Daccord,8482445,8478916,49,20,50,23,73,11.8,-2.0,9.8
2023021264,2024-04-11 00:00:00,20232024,CGY,LAK,1,4,5,3,0,J. Markstrom,C. Talbot,8474593,8475660,26,22,29,23,52,-0.8,6.4,5.6
2023021265,2024-04-12 00:00:00,20232024,CAR,STL,5,2,7,3,0,F. Andersen,J. Binnington,8475883,8476412,29,37,31,40,71,5.8,1.4,7.2
2023021266,2024-04-12 00:00:00,20232024,NSH,CHI,5,1,6,4,0,K. Lankinen,A. Soderblom,8480947,8482821,25,35,26,40,66,7.0,-3.0,4.0
2023021267,2024-04-12 00:00:00,20232024,ARI,EDM,3,2,5,1,1,K. Vejmelka,C. Pickard,8478872,8475717,39,25,41,28,69,7.8,0.0,7.8
2023021268,2024-04-12 00:00:00,20232024,CGY,ANA,6,3,9,3,0,D. Wolf,J. Gibson,8481692,8476434,19,21,22,27,49,1.8,-7.8,-6.0
2023021269,2024-04-12 00:00:00,20232024,MIN,VGK,2,7,9,5,0,M. Fleury,L. Thompson,8470594,8480313,23,25,30,27,57,-9.4,5.0,-4.4
2023021270,2024-04-13 00:00:00,20232024,NYI,NYR,2,3,5,1,1,I. Sorokin,I. Shesterkin,8478009,8478048,41,34,43,36,79,5.2,6.8,12.0
2023021271,2024-04-13 00:00:00,20232024,SEA,DAL,1,3,4,2,0,P. Grubauer,J. Oettinger,8475831,8479979,27,26,30,27,57,-0.6,7.2,6.6
2023021272,2024-04-13 00:00:00,20232024,WPG,COL,7,0,7,7,0,C. Hellebuyck,A. Georgiev,8476945,8480382,30,11,30,15,45,13.0,-5.8,7.2
2023021273,2024-04-13 00:00:00,20232024,BUF,FLA,2,3,5,1,1,U. Luukkonen,S. Bobrovsky,8480045,8475683,39,27,42,29,71,2.8,5.4,8.2
2023021274,2024-04-13 00:00:00,20232024,NJD,PHI,0,1,1,1,0,K. Kahkonen,S. Ersson,8478039,8481035,20,20,21,20,41,2.0,11.0,13.0
2023021275,2024-04-13 00:00:00,20232024,TBL,WSH,2,4,6,2,0,A. Vasilevskiy,C. Lindgren,8476883,8479292,30,32,34,34,68,-2.0,6.4,4.4
2023021276,2024-04-13 00:00:00,20232024,MTL,OTT,4,5,9,1,1,C. Primeau,J. Korpisalo,8480051,8476914,40,21,44,25,69,1.0,0.2,1.2
2023021277,2024-04-13 00:00:00,20232024,DET,TOR,5,4,9,1,1,J. Reimer,I. Samsonov,8473503,8478492,32,27,36,32,68,2.4,-3.6,-1.2
2023021278,2024-04-13 00:00:00,20232024,CBJ,NSH,4,6,10,2,0,J. Greaves,J. Saros,8482982,8477424,31,31,37,35,72,-5.8,2.2,-3.6
2023021279,2024-04-13 00:00:00,20232024,BOS,PIT,6,4,10,2,0,L. Ullmark,A. Nedeljkovic,8476999,8477968,28,13,32,16,48,1.6,-3.4,-1.8
2023021280,2024-04-13 00:00:00,20232024,VAN,EDM,3,1,4,2,0,C. DeSmith,S. Skinner,8479193,8479973,32,24,33,26,59,8.4,0.8,9.2
2023021281,2024-04-13 00:00:00,20232024,ANA,LAK,1,3,4,2,0,L. Dostal,D. Rittich,8480843,8479496,25,28,28,29,57,-1.0,7.6,6.6
2023021282,2024-04-13 00:00:00,20232024,MIN,SJS,6,2,8,4,0,J. Wallstedt,M. Blackwood,8482661,8478406,27,32,29,38,67,5.4,-5.6,-0.2
2023021283,2024-04-14 00:00:00,20232024,SEA,STL,1,4,5,3,0,J. Daccord,J. Hofer,8478916,8480981,24,19,27,20,47,-1.2,5.8,4.6
2023021284,2024-04-14 00:00:00,20232024,COL,VGK,3,4,7,1,1,A. Georgiev,A. Hill,8480382,8478499,26,21,30,24,54,-1.8,2.2,0.4
2023021285,2024-04-14 00:00:00,20232024,CAR,CHI,4,2,6,2,0,P. Kochetkov,P. Mrazek,8481611,8475852,14,31,16,33,49,2.8,0.2,3.0
2023021286,2024-04-14 00:00:00,20232024,ARI,CGY,5,6,11,1,0,C. Ingram,D. Wolf,8478971,8481692,25,30,31,35,66,-7.0,0.0,-7.0
2023021287,2024-04-15 00:00:00,20232024,MTL,DET,4,5,9,1,1,S. Montembeault,A. Lyon,8478470,8479312,30,17,35,21,56,-3.0,-0.6,-3.6
2023021288,2024-04-15 00:00:00,20232024,NYI,NJD,4,1,5,3,0,S. Varlamov,J. Allen,8473575,8474596,23,15,24,19,43,6.6,-5.0,1.6
2023021289,2024-04-15 00:00:00,20232024,NSH,PIT,2,4,6,2,0,J. Saros,A. Nedeljkovic,8477424,8477968,34,28,38,30,68,-1.2,5.6,4.4
2023021290,2024-04-15 00:00:00,20232024,BUF,TBL,4,2,6,2,0,E. Comrie,A. Vasilevskiy,8477480,8476883,31,30,33,34,67,6.2,-2.0,4.2
2023021291,2024-04-15 00:00:00,20232024,BOS,WSH,0,2,2,2,0,J. Swayman,C. Lindgren,8480280,8479292,23,16,24,16,40,2.6,10.2,12.8
2023021292,2024-04-15 00:00:00,20232024,OTT,NYR,0,4,4,4,0,J. Korpisalo,I. Shesterkin,8476914,8478048,30,25,34,25,59,-2.0,12.0,10.0
2023021293,2024-04-15 00:00:00,20232024,SJS,EDM,2,9,11,7,0,D. Cooley,S. Skinner,8482445,8479973,14,19,22,21,43,-13.2,3.8,-9.4
2023021294,2024-04-15 00:00:00,20232024,MIN,LAK,3,1,4,2,0,F. Gustavsson,C. Talbot,8479406,8475660,23,25,24,28,52,6.6,-1.0,5.6
2023021295,2024-04-16 00:00:00,20232024,OTT,BOS,3,1,4,2,0,A. Forsberg,L. Ullmark,8476341,8476999,34,17,35,19,54,8.8,-0.6,8.2
2023021296,2024-04-16 00:00:00,20232024,CAR,CBJ,3,6,9,3,0,S. Martin,J. Greaves,8477484,8482982,19,38,25,41,66,-8.2,5.6,-2.6
2023021297,2024-04-16 00:00:00,20232024,TOR,FLA,2,5,7,3,0,J. Woll,A. Stolarz,8479361,8476932,37,24,41,26,67,-0.6,4.8,4.2
2023021298,2024-04-16 00:00:00,20232024,DET,MTL,5,4,9,1,1,J. Reimer,C. Primeau,8473503,8480051,29,36,33,40,73,1.8,0.2,2.0
2023021299,2024-04-16 00:00:00,20232024,WSH,PHI,2,1,3,1,0,C. Lindgren,S. Ersson,8479292,8481035,27,16,28,17,45,7.4,1.2,8.6
2023021300,2024-04-16 00:00:00,20232024,SEA,WPG,3,4,7,1,0,P. Grubauer,C. Hellebuyck,8475831,8476945,20,20,24,23,47,-4.0,2.0,-2.0
2023021301,2024-04-16 00:00:00,20232024,CHI,VGK,1,3,4,2,0,P. Mrazek,L. Thompson,8475852,8480313,34,22,36,23,59,2.8,6.4,9.2
2023021302,2024-04-16 00:00:00,20232024,CGY,VAN,1,4,5,3,0,J. Markstrom,T. Demko,8474593,8477967,27,39,31,40,71,-2.6,9.8,7.2
2023021303,2024-04-17 00:00:00,20232024,PIT,NYI,4,5,9,1,0,A. Nedeljkovic,I. Sorokin,8477968,8478009,27,40,32,44,76,-4.6,4.0,-0.6
2023021304,2024-04-17 00:00:00,20232024,TOR,TBL,4,6,10,2,0,M. Jones,M. Tomkins,8474889,8477035,26,34,32,38,70,-6.8,2.8,-4.0
2023021305,2024-04-17 00:00:00,20232024,STL,DAL,1,2,3,1,1,J. Binnington,J. Oettinger,8476412,8479979,36,25,37,26,63,6.2,7.0,13.2
2023021306,2024-04-17 00:00:00,20232024,EDM,ARI,2,5,7,3,0,C. Pickard,C. Ingram,8475717,8478971,19,28,23,30,53,-4.2,5.6,1.4
2023021307,2024-04-18 00:00:00,20232024,SEA,MIN,4,3,7,1,0,J. Daccord,M. Fleury,8478916,8470594,21,23,24,26,50,2.2,-1.4,0.8
2023021308,2024-04-18 00:00:00,20232024,VAN,WPG,2,4,6,2,0,T. Demko,L. Brossoit,8477967,8476316,22,18,25,20,45,-1.6,3.6,2.0
2023021309,2024-04-18 00:00:00,20232024,SJS,CGY,1,5,6,4,0,D. Cooley,D. Wolf,8482445,8481692,18,16,23,17,40,-6.4,5.2,-1.2
2023021310,2024-04-18 00:00:00,20232024,EDM,COL,1,5,6,4,0,S. Skinner,J. Annunen,8479973,8481020,9,25,13,26,39,-6.2,7.0,0.8
2023021311,2024-04-18 00:00:00,20232024,ANA,VGK,4,1,5,3,0,L. Dostal,A. Hill,8480843,8478499,32,19,33,22,55,8.4,-2.2,6.2
2023021312,2024-04-18 00:00:00,20232024,CHI,LAK,4,5,9,1,1,A. Soderblom,C. Talbot,8482821,8475660,30,9,35,13,48,-3.0,-2.2,-5.2
2023030121,2024-04-20 00:00:00,20232024,TOR,BOS,1,5,6,4,0,I. Samsonov,J. Swayman,8478492,8480280,20,35,24,36,60,-4.0,9.0,5.0
2023030141,2024-04-20 00:00:00,20232024,NYI,CAR,1,3,4,2,0,S. Varlamov,F. Andersen,8473575,8475883,23,33,25,34,59,0.6,8.6,9.2
2023030111,2024-04-21 00:00:00,20232024,TBL,FLA,2,3,5,1,0,A. Vasilevskiy,S. Bobrovsky,8476883,8475683,25,17,27,19,46,1.0,3.4,4.4
2023030131,2024-04-21 00:00:00,20232024,WSH,NYR,1,4,5,3,0,C. Lindgren,I. Shesterkin,8479292,8478048,27,20,31,21,52,-2.6,6.0,3.4
2023030161,2024-04-21 00:00:00,20232024,COL,WPG,6,7,13,1,0,A. Georgiev,C. Hellebuyck,8480382,8476945,16,40,23,46,69,-10.8,0.0,-10.8
2023030171,2024-04-21 00:00:00,20232024,NSH,VAN,2,4,6,2,0,J. Saros,T. Demko,8477424,8477967,17,22,20,24,44,-2.6,4.4,1.8
2023030122,2024-04-22 00:00:00,20232024,TOR,BOS,3,2,5,1,0,I. Samsonov,L. Ullmark,8478492,8476999,27,31,29,34,63,5.4,0.2,5.6
2023030142,2024-04-22 00:00:00,20232024,NYI,CAR,3,5,8,2,0,S. Varlamov,F. Andersen,8473575,8475883,34,9,38,12,50,-1.2,-0.2,-1.4
2023030151,2024-04-22 00:00:00,20232024,VGK,DAL,4,3,7,1,0,L. Thompson,J. Oettinger,8480313,8479979,26,11,29,15,44,3.2,-5.8,-2.6
2023030181,2024-04-22 00:00:00,20232024,LAK,EDM,4,7,11,3,0,C. Talbot,S. Skinner,8475660,8479973,38,33,44,37,81,-4.4,2.6,-1.8
2023030112,2024-04-23 00:00:00,20232024,TBL,FLA,2,3,5,1,1,A. Vasilevskiy,S. Bobrovsky,8476883,8475683,34,21,37,23,60,0.8,4.2,5.0
2023030132,2024-04-23 00:00:00,20232024,WSH,NYR,3,4,7,1,0,C. Lindgren,I. Shesterkin,8479292,8478048,24,22,28,25,53,-3.2,2.4,-0.8
2023030162,2024-04-23 00:00:00,20232024,COL,WPG,5,2,7,3,0,A. Georgiev,C. Hellebuyck,8480382,8476945,28,27,30,31,61,5.6,-2.6,3.0
2023030172,2024-04-23 00:00:00,20232024,NSH,VAN,4,1,5,3,0,J. Saros,C. DeSmith,8477424,8479193,17,12,18,15,33,5.4,-3.6,1.8
2023030123,2024-04-24 00:00:00,20232024,BOS,TOR,4,2,6,2,0,J. Swayman,I. Samsonov,8480280,8478492,28,30,30,33,63,5.6,0.0,5.6
2023030152,2024-04-24 00:00:00,20232024,VGK,DAL,3,1,4,2,0,L. Thompson,J. Oettinger,8480313,8479979,20,23,21,25,46,6.0,0.6,6.6
2023030182,2024-04-24 00:00:00,20232024,LAK,EDM,5,4,9,1,1,C. Talbot,S. Skinner,8475660,8479973,27,21,31,26,57,1.4,-5.8,-4.4
2023030113,2024-04-25 00:00:00,20232024,FLA,TBL,5,3,8,2,0,S. Bobrovsky,A. Vasilevskiy,8475683,8476883,26,26,29,30,59,3.2,-2.8,0.4
2023030143,2024-04-25 00:00:00,20232024,CAR,NYI,3,2,5,1,0,F. Andersen,I. Sorokin,8475883,8478009,29,11,31,14,45,5.8,-3.8,2.0
2023030133,2024-04-26 00:00:00,20232024,NYR,WSH,3,1,4,2,0,I. Shesterkin,C. Lindgren,8478048,8479292,29,19,30,22,52,7.8,-2.2,5.6
2023030163,2024-04-26 00:00:00,20232024,WPG,COL,2,6,8,4,0,C. Hellebuyck,A. Georgiev,8476945,8480382,34,22,39,24,63,-3.2,4.4,1.2
2023030173,2024-04-26 00:00:00,20232024,VAN,NSH,2,1,3,1,0,C. DeSmith,J. Saros,8479193,8477424,29,10,30,12,42,7.8,-2.0,5.8
2023030183,2024-04-26 00:00:00,20232024,EDM,LAK,6,1,7,5,0,S. Skinner,C. Talbot,8479973,8475660,27,34,28,40,68,7.4,-5.2,2.2
2023030114,2024-04-27 00:00:00,20232024,FLA,TBL,3,6,9,3,0,S. Bobrovsky,A. Vasilevskiy,8475683,8476883,26,22,32,25,57,-6.8,2.4,-4.4
2023030124,2024-04-27 00:00:00,20232024,BOS,TOR,3,1,4,2,0,J. Swayman,I. Samsonov,8480280,8478492,24,14,25,17,42,6.8,-3.2,3.6
2023030144,2024-04-27 00:00:00,20232024,CAR,NYI,2,3,5,1,1,F. Andersen,S. Varlamov,8475883,8473575,32,42,35,44,79,0.4,8.4,8.8
2023030153,2024-04-27 00:00:00,20232024,DAL,VGK,3,2,5,1,1,J. Oettinger,L. Thompson,8479979,8480313,32,43,34,46,80,6.4,2.6,9.0
2023030134,2024-04-28 00:00:00,20232024,NYR,WSH,4,2,6,2,0,I. Shesterkin,C. Lindgren,8478048,8479292,23,19,25,22,47,4.6,-2.2,2.4
2023030164,2024-04-28 00:00:00,20232024,WPG,COL,1,5,6,4,0,C. Hellebuyck,A. Georgiev,8476945,8480382,26,26,30,27,57,-2.8,7.2,4.4
2023030174,2024-04-28 00:00:00,20232024,VAN,NSH,4,3,7,1,1,A. Silovs,J. Saros,8481668,8477424,27,17,30,21,51,3.4,-4.6,-1.2
2023030184,2024-04-28 00:00:00,20232024,EDM,LAK,1,0,1,1,0,S. Skinner,D. Rittich,8479973,8479496,33,12,33,13,46,13.6,0.4,14.0
2023030115,2024-04-29 00:00:00,20232024,TBL,FLA,1,6,7,5,0,A. Vasilevskiy,S. Bobrovsky,8476883,8475683,33,31,37,32,69,-1.4,8.2,6.8
2023030154,2024-04-29 00:00:00,20232024,DAL,VGK,4,2,6,2,0,J. Oettinger,L. Thompson,8479979,8480313,32,28,34,31,65,6.4,-0.4,6.0
2023030125,2024-04-30 00:00:00,20232024,TOR,BOS,2,1,3,1,1,J. Woll,J. Swayman,8479361,8480280,27,31,28,33,61,7.4,2.2,9.6
2023030145,2024-04-30 00:00:00,20232024,NYI,CAR,3,6,9,3,0,S. Varlamov,F. Andersen,8473575,8475883,32,21,37,24,61,-3.6,2.2,-1.4
2023030165,2024-04-30 00:00:00,20232024,COL,WPG,6,3,9,3,0,A. Georgiev,C. Hellebuyck,8480382,8476945,34,27,36,31,67,4.8,-4.6,0.2
2023030175,2024-04-30 00:00:00,20232024,NSH,VAN,2,1,3,1,0,J. Saros,A. Silovs,8477424,8481668,19,20,20,22,42,5.8,0.0,5.8
2023030155,2024-05-01 00:00:00,20232024,VGK,DAL,2,3,5,1,0,A. Hill,J. Oettinger,8478499,8479979,22,25,25,27,52,-1.6,5.0,3.4
2023030185,2024-05-01 00:00:00,20232024,LAK,EDM,3,4,7,1,0,D. Rittich,S. Skinner,8479496,8479973,22,18,26,21,47,-3.6,1.6,-2.0
2023030126,2024-05-02 00:00:00,20232024,BOS,TOR,1,2,3,1,0,J. Swayman,J. Woll,8480280,8479361,24,22,26,23,49,0.8,6.4,7.2
2023030156,2024-05-03 00:00:00,20232024,DAL,VGK,0,2,2,2,0,J. Oettinger,A. Hill,8479979,8478499,28,23,29,23,52,3.6,11.6,15.2
2023030176,2024-05-03 00:00:00,20232024,VAN,NSH,1,0,1,1,0,A. Silovs,J. Saros,8481668,8477424,28,28,28,29,57,12.6,3.6,16.2
2023030127,2024-05-04 00:00:00,20232024,TOR,BOS,1,2,3,1,1,I. Samsonov,J. Swayman,8478492,8480280,30,30,32,31,63,2.0,8.0,10.0
2023030157,2024-05-05 00:00:00,20232024,VGK,DAL,1,2,3,1,0,A. Hill,J. Oettinger,8478499,8479979,22,22,24,23,47,0.4,6.4,6.8
2023030221,2024-05-05 00:00:00,20232024,CAR,NYR,3,4,7,1,0,F. Andersen,I. Shesterkin,8475883,8478048,19,22,23,25,48,-4.2,2.4,-1.8
2023030211,2024-05-06 00:00:00,20232024,BOS,FLA,5,1,6,4,0,J. Swayman,S. Bobrovsky,8480280,8475683,38,24,39,28,67,9.6,-3.2,6.4
2023030222,2024-05-07 00:00:00,20232024,CAR,NYR,3,4,7,1,1,F. Andersen,I. Shesterkin,8475883,8478048,35,54,39,57,96,-1.0,8.8,7.8
2023030231,2024-05-07 00:00:00,20232024,COL,DAL,4,3,7,1,1,A. Georgiev,J. Oettinger,8480382,8479979,19,22,22,26,48,1.8,-3.6,-1.8
2023030212,2024-05-08 00:00:00,20232024,BOS,FLA,1,6,7,5,0,J. Swayman,S. Bobrovsky,8480280,8475683,19,14,23,15,38,-4.2,4.8,0.6
2023030241,2024-05-08 00:00:00,20232024,EDM,VAN,4,5,9,1,0,S. Skinner,A. Silovs,8479973,8481668,19,14,24,18,42,-6.2,-1.2,-7.4
2023030223,2024-05-09 00:00:00,20232024,NYR,CAR,3,2,5,1,1,I. Shesterkin,P. Kochetkov,8478048,8481611,45,22,47,25,72,9.0,-1.6,7.4
2023030232,2024-05-09 00:00:00,20232024,COL,DAL,3,5,8,2,0,A. Georgiev,J. Oettinger,8480382,8479979,27,28,31,31,62,-2.6,3.6,1.0
2023030213,2024-05-10 00:00:00,20232024,FLA,BOS,6,2,8,4,0,S. Bobrovsky,J. Swayman,8475683,8480280,15,27,17,32,49,3.0,-4.6,-1.6
2023030242,2024-05-10 00:00:00,20232024,EDM,VAN,4,3,7,1,1,S. Skinner,A. Silovs,8479973,8481668,16,27,19,31,50,1.2,-2.6,-1.4
2023030224,2024-05-11 00:00:00,20232024,NYR,CAR,3,4,7,1,0,I. Shesterkin,F. Andersen,8478048,8475883,27,22,31,25,56,-2.6,2.4,-0.2
2023030233,2024-05-11 00:00:00,20232024,DAL,COL,4,1,5,3,0,J. Oettinger,A. Georgiev,8479979,8480382,28,19,29,21,50,7.6,-0.2,7.4
2023030214,2024-05-12 00:00:00,20232024,FLA,BOS,3,2,5,1,0,S. Bobrovsky,J. Swayman,8475683,8480280,16,38,18,41,59,3.2,1.6,4.8
2023030243,2024-05-12 00:00:00,20232024,VAN,EDM,4,3,7,1,0,A. Silovs,S. Skinner,8481668,8479973,42,11,45,15,60,6.4,-5.8,0.6
2023030225,2024-05-13 00:00:00,20232024,CAR,NYR,4,1,5,3,0,F. Andersen,I. Shesterkin,8475883,8478048,20,24,21,27,48,6.0,-1.2,4.8
2023030234,2024-05-13 00:00:00,20232024,DAL,COL,5,1,6,4,0,J. Oettinger,A. Georgiev,8479979,8480382,24,29,25,33,58,6.8,-2.2,4.6
2023030215,2024-05-14 00:00:00,20232024,BOS,FLA,2,1,3,1,0,J. Swayman,S. Bobrovsky,8480280,8475683,28,26,29,28,57,7.6,1.2,8.8
2023030244,2024-05-14 00:00:00,20232024,VAN,EDM,2,3,5,1,0,A. Silovs,C. Pickard,8481668,8475717,27,19,30,21,51,-0.6,3.8,3.2
2023030235,2024-05-15 00:00:00,20232024,COL,DAL,5,3,8,2,0,A. Georgiev,J. Oettinger,8480382,8479979,23,22,26,27,53,2.6,-5.6,-3.0
2023030226,2024-05-16 00:00:00,20232024,NYR,CAR,5,3,8,2,0,I. Shesterkin,F. Andersen,8478048,8475883,33,19,36,23,59,4.6,-4.2,0.4
2023030245,2024-05-16 00:00:00,20232024,EDM,VAN,2,3,5,1,0,C. Pickard,A. Silovs,8475717,8481668,32,21,35,23,58,0.4,4.2,4.6
2023030216,2024-05-17 00:00:00,20232024,FLA,BOS,2,1,3,1,0,S. Bobrovsky,J. Swayman,8475683,8480280,22,26,23,28,51,6.4,1.2,7.6
2023030236,2024-05-17 00:00:00,20232024,DAL,COL,2,1,3,1,1,J. Oettinger,A. Georgiev,8479979,8480382,29,36,30,38,68,7.8,3.2,11.0
2023030246,2024-05-18 00:00:00,20232024,VAN,EDM,1,5,6,4,0,A. Silovs,S. Skinner,8481668,8479973,22,14,27,15,42,-5.6,4.8,-0.8
2023030247,2024-05-20 00:00:00,20232024,EDM,VAN,3,2,5,1,0,S. Skinner,A. Silovs,8479973,8481668,15,26,17,29,46,3.0,-0.8,2.2
2023030311,2024-05-22 00:00:00,20232024,FLA,NYR,3,0,3,3,0,S. Bobrovsky,I. Shesterkin,8475683,8478048,24,25,24,26,50,11.8,1.0,12.8
2023030321,2024-05-23 00:00:00,20232024,EDM,DAL,3,2,5,1,1,S. Skinner,J. Oettinger,8479973,8479979,31,35,33,38,71,6.2,1.0,7.2
2023030312,2024-05-24 00:00:00,20232024,FLA,NYR,1,2,3,1,1,S. Bobrovsky,I. Shesterkin,8475683,8478048,28,26,30,27,57,1.6,7.2,8.8
2023030322,2024-05-25 00:00:00,20232024,EDM,DAL,1,3,4,2,0,S. Skinner,J. Oettinger,8479973,8479979,22,28,24,29,53,0.4,7.6,8.0
2023030313,2024-05-26 00:00:00,20232024,NYR,FLA,5,4,9,1,1,I. Shesterkin,S. Bobrovsky,8478048,8475683,33,18,37,23,60,2.6,-6.4,-3.8
2023030323,2024-05-27 00:00:00,20232024,DAL,EDM,5,3,8,2,0,J. Oettinger,S. Skinner,8479979,8479973,28,17,30,21,51,3.6,-4.6,-1.0
2023030314,2024-05-28 00:00:00,20232024,NYR,FLA,2,3,5,1,1,I. Shesterkin,S. Bobrovsky,8478048,8475683,37,21,40,23,63,1.4,4.2,5.6
2023030324,2024-05-29 00:00:00,20232024,DAL,EDM,2,5,7,3,0,J. Oettinger,S. Skinner,8479979,8479973,24,20,28,22,50,-3.2,4.0,0.8
2023030315,2024-05-30 00:00:00,20232024,FLA,NYR,3,2,5,1,0,S. Bobrovsky,I. Shesterkin,8475683,8478048,25,34,27,36,63,5.0,2.8,7.8
2023030325,2024-05-31 00:00:00,20232024,EDM,DAL,3,1,4,2,0,S. Skinner,J. Oettinger,8479973,8479979,19,23,20,26,46,5.8,-1.4,4.4
2023030316,2024-06-01 00:00:00,20232024,NYR,FLA,1,2,3,1,0,I. Shesterkin,S. Bobrovsky,8478048,8475683,32,23,34,24,58,2.4,6.6,9.0
2023030326,2024-06-02 00:00:00,20232024,DAL,EDM,1,2,3,1,0,J. Oettinger,S. Skinner,8479979,8479973,8,33,10,34,44,-2.4,8.6,6.2
2023030411,2024-06-08 00:00:00,20232024,EDM,FLA,0,3,3,3,0,S. Skinner,S. Bobrovsky,8479973,8475683,15,32,17,32,49,-1.0,13.4,12.4
2023030412,2024-06-10 00:00:00,20232024,EDM,FLA,1,4,5,3,0,S. Skinner,S. Bobrovsky,8479973,8475683,25,18,28,19,47,-1.0,5.6,4.6
2023030413,2024-06-13 00:00:00,20232024,FLA,EDM,4,3,7,1,0,S. Bobrovsky,S. Skinner,8475683,8479973,32,19,35,23,58,4.4,-4.2,0.2
2023030414,2024-06-15 00:00:00,20232024,FLA,EDM,1,8,9,7,0,S. Bobrovsky,S. Skinner,8475683,8479973,11,32,16,33,49,-7.8,8.4,0.6
2023030415,2024-06-18 00:00:00,20232024,EDM,FLA,5,3,8,2,0,S. Skinner,S. Bobrovsky,8479973,8475683,29,19,32,23,55,3.8,-4.2,-0.4
2023030416,2024-06-21 00:00:00,20232024,FLA,EDM,1,5,6,4,0,S. Bobrovsky,S. Skinner,8475683,8479973,16,20,19,21,40,-2.8,6.0,3.2
2023030417,2024-06-24 00:00:00,20232024,EDM,FLA,1,2,3,1,0,S. Skinner,S. Bobrovsky,8479973,8475683,19,23,21,24,45,-0.2,6.6,6.4
2024020001,2024-10-04 00:00:00,20242025,NJD,BUF,4,1,5,3,0,J. Markstrom,U. Luukkonen,8474593,8480045,30,19,31,22,53,8.0,-2.2,5.8
2024020002,2024-10-05 00:00:00,20242025,BUF,NJD,1,3,4,2,0,D. Levi,J. Allen,8482221,8474596,34,17,37,18,55,0.8,5.4,6.2
2024020003,2024-10-08 00:00:00,20242025,STL,SEA,3,2,5,1,0,J. Binnington,P. Grubauer,8476412,8475831,30,22,32,25,57,6.0,-1.6,4.4
2024020004,2024-10-08 00:00:00,20242025,BOS,FLA,4,6,10,2,0,J. Korpisalo,S. Bobrovsky,8476914,8475683,29,24,35,28,63,-6.2,0.8,-5.4
2024020005,2024-10-08 00:00:00,20242025,CHI,UTA,2,5,7,3,0,P. Mrazek,C. Ingram,8475852,8478971,22,24,26,26,52,-3.6,4.8,1.2
2024020006,2024-10-09 00:00:00,20242025,TOR,MTL,0,1,1,1,0,A. Stolarz,S. Montembeault,8476932,8478470,26,48,27,48,75,3.2,16.6,19.8
2024020007,2024-10-09 00:00:00,20242025,NYR,PIT,6,0,6,6,0,I. Shesterkin,T. Jarry,8478048,8477465,31,34,31,40,71,13.2,-5.2,8.0
2024020008,2024-10-09 00:00:00,20242025,WPG,EDM,6,0,6,6,0,C. Hellebuyck,S. Skinner,8476945,8479973,30,8,30,13,43,13.0,-8.4,4.6
2024020009,2024-10-09 00:00:00,20242025,CGY,VAN,6,5,11,1,1,D. Vladar,A. Silovs,8478435,8481668,19,20,24,26,50,-2.2,-7.0,-9.2
2024020010,2024-10-09 00:00:00,20242025,COL,VGK,4,8,12,4,0,A. Georgiev,A. Hill,8480382,8478499,11,28,16,32,48,-7.8,1.6,-6.2
2024020011,2024-10-10 00:00:00,20242025,MTL,BOS,4,6,10,2,0,C. Primeau,J. Swayman,8480051,8480280,23,20,29,24,53,-7.4,0.0,-7.4
2024020012,2024-10-10 00:00:00,20242025,LAK,BUF,3,1,4,2,0,D. Kuemper,U. Luukkonen,8475311,8480045,32,20,33,22,55,8.4,0.0,8.4
2024020013,2024-10-10 00:00:00,20242025,FLA,OTT,1,3,4,2,0,S. Bobrovsky,L. Ullmark,8475683,8476999,28,31,30,32,62,1.6,8.2,9.8
2024020014,2024-10-10 00:00:00,20242025,PIT,DET,6,3,9,3,0,J. Blomqvist,V. Husso,8482446,8478024,29,10,32,14,46,3.8,-6.0,-2.2
2024020015,2024-10-10 00:00:00,20242025,TOR,NJD,4,2,6,2,0,D. Hildeby,J. Markstrom,8483710,8474593,21,18,23,22,45,4.2,-4.4,-0.2
2024020016,2024-10-10 00:00:00,20242025,UTA,NYI,5,4,9,1,1,C. Ingram,S. Varlamov,8478971,8473575,23,21,27,26,53,0.6,-4.8,-4.2
2024020017,2024-10-10 00:00:00,20242025,DAL,NSH,4,3,7,1,0,J. Oettinger,S. Wedgewood,8479979,8475809,33,16,36,20,56,4.6,-4.8,-0.2
2024020018,2024-10-10 00:00:00,20242025,CBJ,MIN,2,3,5,1,0,E. Merzlikins,F. Gustavsson,8478007,8479406,23,31,26,33,59,-1.4,6.2,4.8
2024020019,2024-10-10 00:00:00,20242025,STL,SJS,5,4,9,1,1,J. Hofer,M. Blackwood,8480981,8478406,25,35,29,40,69,1.0,-2.0,-1.0
2024020020,2024-10-11 00:00:00,20242025,TBL,CAR,4,1,5,3,0,A. Vasilevskiy,F. Andersen,8476883,8475883,20,19,21,21,42,6.0,-0.2,5.8
2024020021,2024-10-11 00:00:00,20242025,CHI,WPG,1,2,3,1,1,A. Soderblom,C. Hellebuyck,8482821,8476945,33,25,35,26,61,3.6,7.0,10.6
2024020022,2024-10-11 00:00:00,20242025,PHI,VAN,3,2,5,1,1,S. Ersson,K. Lankinen,8481035,8480947,24,29,26,31,57,4.8,2.8,7.6
2024020023,2024-10-11 00:00:00,20242025,STL,VGK,3,4,7,1,0,J. Binnington,A. Hill,8476412,8478499,24,19,28,22,50,-3.2,1.8,-1.4
2024020024,2024-10-12 00:00:00,20242025,LAK,BOS,1,2,3,1,1,D. Kuemper,J. Swayman,8475311,8480280,24,33,26,34,60,1.8,8.6,10.4
2024020025,2024-10-12 00:00:00,20242025,FLA,BUF,2,5,7,3,0,S. Knight,D. Levi,8481519,8482221,22,23,26,25,51,-3.6,4.6,1.0
2024020026,2024-10-12 00:00:00,20242025,PIT,TOR,2,4,6,2,0,J. Blomqvist,A. Stolarz,8482446,8476932,29,21,32,23,55,-0.2,4.2,4.0
2024020027,2024-10-12 00:00:00,20242025,OTT,MTL,1,4,5,3,0,L. Ullmark,S. Montembeault,8476999,8478470,22,24,26,25,51,-3.6,6.8,3.2
2024020028,2024-10-12 00:00:00,20242025,NSH,DET,0,3,3,3,0,J. Saros,C. Talbot,8477424,8475660,19,42,21,42,63,-0.2,15.4,15.2
2024020030,2024-10-12 00:00:00,20242025,UTA,NYR,6,5,11,1,1,C. Ingram,I. Shesterkin,8478971,8478048,29,20,34,26,60,-0.2,-7.0,-7.2
2024020031,2024-10-12 00:00:00,20242025,NJD,WSH,5,3,8,2,0,J. Markstrom,C. Lindgren,8474593,8479292,29,28,32,32,64,3.8,-2.4,1.4
2024020032,2024-10-12 00:00:00,20242025,NYI,DAL,0,3,3,3,0,S. Varlamov,J. Oettinger,8473575,8479979,24,34,26,34,60,0.8,13.8,14.6
2024020033,2024-10-12 00:00:00,20242025,SEA,MIN,5,4,9,1,1,J. Daccord,M. Fleury,8478916,8470594,34,30,38,34,72,2.8,-1.0,1.8
2024020034,2024-10-12 00:00:00,20242025,CBJ,COL,6,4,10,2,0,D. Tarasov,A. Georgiev,8480193,8480382,26,6,30,9,39,1.2,-4.8,-3.6
2024020035,2024-10-12 00:00:00,20242025,PHI,CGY,3,6,9,3,0,I. Fedotov,D. Wolf,8478905,8481692,26,37,31,40,71,-4.8,5.4,0.6
2024020036,2024-10-12 00:00:00,20242025,CHI,EDM,5,2,7,3,0,P. Mrazek,C. Pickard,8475852,8475717,36,15,38,20,58,7.2,-7.0,0.2
2024020037,2024-10-12 00:00:00,20242025,ANA,SJS,2,0,2,2,0,L. Dostal,V. Vanecek,8480843,8477970,30,28,30,29,59,13.0,3.6,16.6
2024020038,2024-10-13 00:00:00,20242025,MIN,WPG,1,2,3,1,1,F. Gustavsson,C. Hellebuyck,8479406,8476945,33,26,35,27,62,3.6,7.2,10.8
2024020039,2024-10-13 00:00:00,20242025,SEA,DAL,0,2,2,2,0,P. Grubauer,C. DeSmith,8475831,8479193,21,25,23,25,48,0.2,12.0,12.2
2024020040,2024-10-13 00:00:00,20242025,CGY,EDM,4,1,5,3,0,D. Vladar,S. Skinner,8478435,8479973,25,25,26,28,54,7.0,-1.0,6.0
2024020041,2024-10-13 00:00:00,20242025,ANA,VGK,1,3,4,2,0,J. Reimer,I. Samsonov,8473503,8478492,29,22,32,23,55,-0.2,6.4,6.2
2024020042,2024-10-14 00:00:00,20242025,FLA,BOS,4,3,7,1,0,S. Bobrovsky,J. Swayman,8475683,8480280,24,22,27,26,53,2.8,-3.6,-0.8
2024020043,2024-10-14 00:00:00,20242025,LAK,OTT,7,8,15,1,1,D. Kuemper,A. Forsberg,8475311,8476341,33,6,41,9,50,-8.4,-4.8,-13.2
2024020044,2024-10-14 00:00:00,20242025,UTA,NJD,0,3,3,3,0,K. Vejmelka,J. Allen,8478872,8474596,29,20,32,20,52,-0.2,11.0,10.8
2024020045,2024-10-14 00:00:00,20242025,DET,NYR,1,4,5,3,0,A. Lyon,I. Shesterkin,8479312,8478048,24,31,27,32,59,-1.2,8.2,7.0
2024020046,2024-10-14 00:00:00,20242025,PIT,MTL,6,3,9,3,0,T. Jarry,S. Montembeault,8477465,8478470,25,24,28,29,57,3.0,-5.2,-2.2
2024020047,2024-10-14 00:00:00,20242025,NYI,COL,6,2,8,4,0,I. Sorokin,A. Georgiev,8478009,8480382,32,31,34,36,70,6.4,-3.8,2.6
2024020048,2024-10-15 00:00:00,20242025,VAN,TBL,1,4,5,3,0,A. Silovs,A. Vasilevskiy,8481668,8476883,23,26,26,27,53,-1.4,7.2,5.8
2024020049,2024-10-15 00:00:00,20242025,VGK,WSH,2,4,6,2,0,A. Hill,L. Thompson,8478499,8480313,18,24,22,26,48,-4.4,4.8,0.4
2024020050,2024-10-15 00:00:00,20242025,NJD,CAR,2,4,6,2,0,J. Markstrom,P. Kochetkov,8474593,8481611,27,24,30,26,56,-0.6,4.8,4.2
2024020051,2024-10-15 00:00:00,20242025,FLA,CBJ,4,3,7,1,0,S. Knight,E. Merzlikins,8481519,8478007,35,18,38,22,60,5.0,-4.4,0.6
2024020052,2024-10-15 00:00:00,20242025,MIN,STL,4,1,5,3,0,F. Gustavsson,J. Binnington,8479406,8476412,27,23,28,26,54,7.4,-1.4,6.0
2024020053,2024-10-15 00:00:00,20242025,SEA,NSH,7,3,10,4,0,J. Daccord,J. Saros,8478916,8477424,30,28,33,34,67,4.0,-6.4,-2.4
2024020054,2024-10-15 00:00:00,20242025,SJS,DAL,2,3,5,1,1,M. Blackwood,J. Oettinger,8478406,8479979,36,25,38,27,65,4.2,5.0,9.2
2024020055,2024-10-15 00:00:00,20242025,CHI,CGY,1,3,4,2,0,P. Mrazek,D. Wolf,8475852,8481692,24,31,26,32,58,0.8,8.2,9.0
2024020056,2024-10-15 00:00:00,20242025,PHI,EDM,3,4,7,1,1,S. Ersson,S. Skinner,8481035,8479973,27,27,31,30,61,-1.6,3.4,1.8
2024020057,2024-10-16 00:00:00,20242025,BUF,PIT,5,6,11,1,1,U. Luukkonen,T. Jarry,8480045,8477465,37,2,43,5,48,-3.6,-5.6,-9.2
2024020058,2024-10-16 00:00:00,20242025,LAK,TOR,2,6,8,4,0,D. Rittich,A. Stolarz,8479496,8476932,10,32,14,34,48,-6.0,6.4,0.4
2024020059,2024-10-16 00:00:00,20242025,BOS,COL,5,3,8,2,0,J. Korpisalo,A. Georgiev,8476914,8480382,22,21,25,25,50,2.4,-3.8,-1.4
2024020060,2024-10-16 00:00:00,20242025,UTA,ANA,4,5,9,1,1,C. Ingram,L. Dostal,8478971,8480843,29,26,34,30,64,-3.2,1.2,-2.0
2024020061,2024-10-17 00:00:00,20242025,LAK,MTL,4,1,5,3,0,D. Rittich,S. Montembeault,8479496,8478470,26,28,27,31,58,7.2,-0.4,6.8
2024020062,2024-10-17 00:00:00,20242025,NJD,OTT,3,1,4,2,0,J. Markstrom,A. Forsberg,8474593,8476341,30,32,31,35,66,8.0,0.4,8.4
2024020063,2024-10-17 00:00:00,20242025,NYR,DET,5,2,7,3,0,J. Quick,C. Talbot,8471734,8475660,29,14,31,19,50,5.8,-7.2,-1.4
2024020064,2024-10-17 00:00:00,20242025,VGK,TBL,3,4,7,1,0,A. Hill,A. Vasilevskiy,8478499,8476883,21,22,25,25,50,-3.8,2.4,-1.4
2024020065,2024-10-17 00:00:00,20242025,VAN,FLA,3,2,5,1,1,K. Lankinen,S. Bobrovsky,8480947,8475683,26,30,28,33,61,5.2,1.0,6.2
2024020066,2024-10-17 00:00:00,20242025,DAL,WSH,2,3,5,1,0,C. DeSmith,C. Lindgren,8479193,8479292,23,22,26,24,50,-1.4,4.4,3.0
2024020067,2024-10-17 00:00:00,20242025,BUF,CBJ,4,6,10,2,0,D. Levi,D. Tarasov,8482221,8480193,19,20,25,24,49,-8.2,0.0,-8.2
2024020068,2024-10-17 00:00:00,20242025,NYI,STL,0,1,1,1,1,I. Sorokin,J. Hofer,8478009,8480981,29,34,30,34,64,4.8,13.8,18.6
2024020069,2024-10-17 00:00:00,20242025,EDM,NSH,4,2,6,2,0,C. Pickard,J. Saros,8475717,8477424,25,32,27,35,62,5.0,0.4,5.4
2024020070,2024-10-17 00:00:00,20242025,SJS,CHI,2,4,6,2,0,V. Vanecek,P. Mrazek,8477970,8475852,23,20,27,22,49,-3.4,4.0,0.6
2024020071,2024-10-17 00:00:00,20242025,PHI,SEA,4,6,10,2,0,I. Fedotov,P. Grubauer,8478905,8475831,19,21,24,25,49,-6.2,0.2,-6.0
2024020072,2024-10-18 00:00:00,20242025,CAR,PIT,4,1,5,3,0,F. Andersen,J. Blomqvist,8475883,8482446,25,34,26,38,64,7.0,-1.2,5.8
2024020073,2024-10-18 00:00:00,20242025,SJS,WPG,3,8,11,5,0,M. Blackwood,C. Hellebuyck,8478406,8476945,13,19,18,22,40,-7.4,1.8,-5.6
2024020074,2024-10-18 00:00:00,20242025,ANA,COL,3,4,7,1,1,L. Dostal,A. Georgiev,8480843,8480382,45,16,49,19,68,2.0,1.2,3.2
2024020075,2024-10-19 00:00:00,20242025,TBL,OTT,4,5,9,1,0,A. Vasilevskiy,A. Forsberg,8476883,8476341,23,25,28,29,57,-5.4,1.0,-4.4
2024020076,2024-10-19 00:00:00,20242025,DET,NSH,5,2,7,3,0,A. Lyon,J. Saros,8479312,8477424,37,19,39,22,61,7.4,-2.2,5.2
2024020077,2024-10-19 00:00:00,20242025,EDM,DAL,1,4,5,3,0,S. Skinner,J. Oettinger,8479973,8479979,20,30,23,31,54,-2.0,8.0,6.0
2024020078,2024-10-19 00:00:00,20242025,VGK,FLA,3,4,7,1,1,I. Samsonov,S. Bobrovsky,8478492,8475683,45,23,49,26,75,2.0,2.6,4.6
2024020079,2024-10-19 00:00:00,20242025,NYR,TOR,4,1,5,3,0,I. Shesterkin,A. Stolarz,8478048,8476932,34,25,35,27,62,8.8,1.0,9.8
2024020080,2024-10-19 00:00:00,20242025,WSH,NJD,6,5,11,1,1,L. Thompson,J. Markstrom,8480313,8474593,26,31,31,37,68,-0.8,-4.8,-5.6
2024020081,2024-10-19 00:00:00,20242025,MTL,NYI,3,4,7,1,1,C. Primeau,S. Varlamov,8480051,8473575,33,21,36,24,60,1.6,2.2,3.8
2024020082,2024-10-19 00:00:00,20242025,VAN,PHI,3,0,3,3,0,K. Lankinen,S. Ersson,8480947,8481035,26,29,26,32,58,12.2,-0.2,12.0
2024020083,2024-10-19 00:00:00,20242025,MIN,CBJ,3,1,4,2,0,F. Gustavsson,D. Tarasov,8479406,8480193,23,31,24,34,58,6.6,0.2,6.8
2024020084,2024-10-19 00:00:00,20242025,CAR,STL,3,4,7,1,0,P. Kochetkov,J. Hofer,8481611,8480981,15,37,19,40,59,-5.0,5.4,0.4
2024020085,2024-10-19 00:00:00,20242025,BUF,CHI,4,2,6,2,0,U. Luukkonen,A. Soderblom,8480045,8482821,35,18,37,21,58,7.0,-2.4,4.6
2024020086,2024-10-19 00:00:00,20242025,BOS,UTA,1,2,3,1,1,J. Swayman,C. Ingram,8480280,8478971,30,21,32,22,54,3.0,6.2,9.2
2024020087,2024-10-19 00:00:00,20242025,CGY,SEA,1,2,3,1,1,D. Vladar,J. Daccord,8478435,8478916,21,21,23,22,45,1.2,6.2,7.4
2024020088,2024-10-20 00:00:00,20242025,PIT,WPG,3,6,9,3,0,A. Nedeljkovic,E. Comrie,8477968,8477480,31,39,36,42,78,-3.8,5.8,2.0
2024020089,2024-10-20 00:00:00,20242025,COL,SJS,4,1,5,3,0,J. Annunen,V. Vanecek,8481020,8477970,25,18,26,21,47,7.0,-2.4,4.6
2024020090,2024-10-20 00:00:00,20242025,LAK,ANA,4,1,5,3,0,D. Rittich,L. Dostal,8479496,8480843,13,32,14,34,48,4.6,2.4,7.0
2024020091,2024-10-21 00:00:00,20242025,TBL,TOR,2,5,7,3,0,A. Vasilevskiy,A. Stolarz,8476883,8476932,10,32,14,34,48,-6.0,6.4,0.4
2024020092,2024-10-22 00:00:00,20242025,WSH,PHI,4,1,5,3,0,C. Lindgren,S. Ersson,8479292,8481035,17,25,18,29,47,5.4,-3.0,2.4
2024020093,2024-10-22 00:00:00,20242025,MIN,FLA,5,1,6,4,0,F. Gustavsson,S. Bobrovsky,8479406,8475683,24,11,25,16,41,6.8,-7.8,-1.0
2024020094,2024-10-22 00:00:00,20242025,TBL,NJD,8,5,13,3,0,J. Johansson,J. Allen,8477992,8474596,30,29,35,37,72,0.0,-10.2,-10.2
2024020095,2024-10-22 00:00:00,20242025,DAL,BUF,2,4,6,2,0,J. Oettinger,U. Luukkonen,8479979,8480045,21,28,24,30,54,-1.8,5.6,3.8
2024020096,2024-10-22 00:00:00,20242025,NYR,MTL,7,2,9,5,0,I. Shesterkin,S. Montembeault,8478048,8478470,21,6,23,10,33,4.2,-6.8,-2.6
2024020097,2024-10-22 00:00:00,20242025,TOR,CBJ,2,6,8,4,0,D. Hildeby,D. Tarasov,8483710,8480193,32,26,38,28,66,-5.6,5.2,-0.4
2024020098,2024-10-22 00:00:00,20242025,DET,NYI,1,0,1,1,0,A. Lyon,I. Sorokin,8479312,8478009,30,10,30,11,41,13.0,0.0,13.0
2024020099,2024-10-22 00:00:00,20242025,WPG,STL,3,2,5,1,0,C. Hellebuyck,J. Binnington,8476945,8476412,27,21,29,24,53,5.4,-1.8,3.6
2024020100,2024-10-22 00:00:00,20242025,VAN,CHI,6,3,9,3,0,K. Lankinen,P. Mrazek,8480947,8475852,31,24,34,30,64,4.2,-7.2,-3.0
2024020101,2024-10-22 00:00:00,20242025,BOS,NSH,0,4,4,4,0,J. Swayman,J. Saros,8480280,8477424,38,33,41,33,74,1.6,13.6,15.2
2024020102,2024-10-22 00:00:00,20242025,PIT,CGY,3,4,7,1,1,A. Nedeljkovic,D. Wolf,8477968,8481692,22,35,25,38,63,-0.6,5.0,4.4
2024020103,2024-10-22 00:00:00,20242025,CAR,EDM,3,2,5,1,1,F. Andersen,S. Skinner,8475883,8479973,33,30,35,33,68,6.6,1.0,7.6
2024020104,2024-10-22 00:00:00,20242025,OTT,UTA,4,0,4,4,0,A. Forsberg,C. Ingram,8476341,8478971,31,4,31,8,39,13.2,-7.2,6.0
2024020105,2024-10-22 00:00:00,20242025,SJS,ANA,1,3,4,2,0,M. Blackwood,L. Dostal,8478406,8480843,37,27,39,28,67,3.4,7.4,10.8
2024020106,2024-10-22 00:00:00,20242025,COL,SEA,3,2,5,1,0,J. Annunen,P. Grubauer,8481020,8475831,25,25,27,28,55,5.0,-1.0,4.0
2024020107,2024-10-22 00:00:00,20242025,LAK,VGK,1,6,7,5,0,D. Rittich,I. Samsonov,8479496,8478492,24,34,30,35,65,-7.2,8.8,1.6
2024020108,2024-10-23 00:00:00,20242025,PHI,WSH,3,6,9,3,0,I. Fedotov,L. Thompson,8478905,8480313,19,26,23,29,52,-4.2,3.2,-1.0
2024020109,2024-10-24 00:00:00,20242025,DAL,BOS,5,2,7,3,0,C. DeSmith,J. Swayman,8479193,8480280,25,27,27,31,58,5.0,-2.6,2.4
2024020110,2024-10-24 00:00:00,20242025,STL,TOR,5,1,6,4,0,J. Binnington,J. Woll,8476412,8479361,40,22,41,26,67,10.0,-3.6,6.4
2024020111,2024-10-24 00:00:00,20242025,NJD,DET,3,5,8,2,0,J. Markstrom,C. Talbot,8474593,8475660,15,37,19,40,59,-5.0,5.4,0.4
2024020112,2024-10-24 00:00:00,20242025,MIN,TBL,4,2,6,2,0,M. Fleury,A. Vasilevskiy,8470594,8476883,24,14,26,17,43,4.8,-3.2,1.6
2024020113,2024-10-24 00:00:00,20242025,FLA,NYR,3,1,4,2,0,S. Bobrovsky,I. Shesterkin,8475683,8478048,24,26,25,29,54,6.8,-0.8,6.0
2024020114,2024-10-24 00:00:00,20242025,CAR,CGY,4,2,6,2,0,P. Kochetkov,D. Vladar,8481611,8478435,30,39,32,42,74,6.0,1.8,7.8
2024020115,2024-10-24 00:00:00,20242025,COL,UTA,5,1,6,4,0,J. Annunen,K. Vejmelka,8481020,8478872,25,21,26,26,52,7.0,-5.8,1.2
2024020116,2024-10-24 00:00:00,20242025,WPG,SEA,4,3,7,1,1,C. Hellebuyck,J. Daccord,8476945,8478916,29,32,32,36,68,3.8,-0.6,3.2
2024020117,2024-10-24 00:00:00,20242025,SJS,LAK,2,3,5,1,0,M. Blackwood,D. Rittich,8478406,8479496,27,24,30,26,56,-0.6,4.8,4.2
2024020118,2024-10-25 00:00:00,20242025,OTT,VGK,4,6,10,2,0,L. Ullmark,A. Hill,8476999,8478499,22,35,27,39,66,-5.6,3.0,-2.6
2024020119,2024-10-25 00:00:00,20242025,NYI,NJD,4,3,7,1,1,I. Sorokin,J. Allen,8478009,8474596,33,26,36,30,66,4.6,-1.8,2.8
2024020120,2024-10-25 00:00:00,20242025,NSH,CHI,3,2,5,1,0,J. Saros,P. Mrazek,8477424,8475852,27,31,29,34,63,5.4,0.2,5.6
2024020121,2024-10-25 00:00:00,20242025,PIT,EDM,0,4,4,4,0,J. Blomqvist,S. Skinner,8482446,8479973,46,27,50,27,77,1.2,12.4,13.6
2024020122,2024-10-26 00:00:00,20242025,DET,BUF,3,5,8,2,0,A. Lyon,U. Luukkonen,8479312,8480045,34,22,38,25,63,-1.2,2.4,1.2
2024020123,2024-10-26 00:00:00,20242025,MIN,PHI,5,7,12,2,0,F. Gustavsson,S. Ersson,8479406,8481035,16,21,22,26,48,-8.8,-1.8,-10.6
2024020124,2024-10-26 00:00:00,20242025,UTA,LAK,2,3,5,1,0,C. Ingram,D. Kuemper,8478971,8475311,20,24,23,26,49,-2.0,4.8,2.8
2024020125,2024-10-26 00:00:00,20242025,TOR,BOS,3,4,7,1,1,A. Stolarz,J. Swayman,8476932,8480280,30,20,34,23,57,-1.0,2.0,1.0
2024020126,2024-10-26 00:00:00,20242025,STL,MTL,2,5,7,3,0,J. Binnington,S. Montembeault,8476412,8478470,21,29,25,31,56,-3.8,5.8,2.0
2024020127,2024-10-26 00:00:00,20242025,WSH,TBL,0,3,3,3,0,C. Lindgren,A. Vasilevskiy,8479292,8476883,18,32,21,32,53,-2.4,13.4,11.0
2024020128,2024-10-26 00:00:00,20242025,ANA,NYR,1,2,3,1,0,L. Dostal,J. Quick,8480843,8471734,30,32,32,33,65,2.0,8.4,10.4
2024020129,2024-10-26 00:00:00,20242025,WPG,CGY,5,3,8,2,0,E. Comrie,D. Wolf,8477480,8481692,26,30,29,34,63,3.2,-2.0,1.2
2024020130,2024-10-26 00:00:00,20242025,FLA,NYI,6,3,9,3,0,S. Knight,S. Varlamov,8481519,8473575,25,23,28,28,56,3.0,-5.4,-2.4
2024020131,2024-10-26 00:00:00,20242025,CBJ,NSH,3,4,7,1,1,D. Tarasov,S. Wedgewood,8480193,8475809,29,25,33,28,61,-1.2,3.0,1.8
2024020132,2024-10-26 00:00:00,20242025,CHI,DAL,2,4,6,2,0,P. Mrazek,J. Oettinger,8475852,8479979,26,22,29,24,53,-0.8,4.4,3.6
2024020133,2024-10-26 00:00:00,20242025,PIT,VAN,3,4,7,1,0,A. Nedeljkovic,K. Lankinen,8477968,8480947,30,21,34,24,58,-2.0,2.2,0.2
2024020134,2024-10-26 00:00:00,20242025,SJS,VGK,3,7,10,4,0,V. Vanecek,I. Samsonov,8477970,8478492,35,23,42,26,68,-7.0,2.6,-4.4
2024020135,2024-10-26 00:00:00,20242025,CAR,SEA,4,1,5,3,0,F. Andersen,J. Daccord,8475883,8478916,18,35,19,38,57,5.6,1.0,6.6
2024020136,2024-10-27 00:00:00,20242025,EDM,DET,3,2,5,1,1,C. Pickard,C. Talbot,8475717,8475660,24,31,26,34,60,4.8,1.2,6.0
2024020137,2024-10-27 00:00:00,20242025,ANA,NJD,2,6,8,4,0,J. Reimer,J. Markstrom,8473503,8474593,28,24,34,26,60,-6.4,4.8,-1.6
2024020138,2024-10-27 00:00:00,20242025,MTL,PHI,4,3,7,1,0,C. Primeau,A. Kolosov,8480051,8482783,23,20,26,24,50,2.6,-4.0,-1.4
2024020139,2024-10-27 00:00:00,20242025,OTT,COL,4,5,9,1,0,A. Forsberg,J. Annunen,8476341,8481020,25,26,29,30,59,-3.0,1.2,-1.8
2024020140,2024-10-28 00:00:00,20242025,FLA,BUF,5,2,7,3,0,S. Bobrovsky,U. Luukkonen,8475683,8480045,26,26,28,31,59,5.2,-4.8,0.4
2024020141,2024-10-28 00:00:00,20242025,NSH,TBL,2,3,5,1,1,J. Saros,A. Vasilevskiy,8477424,8476883,24,35,27,37,64,-0.2,7.0,6.8
2024020142,2024-10-28 00:00:00,20242025,EDM,CBJ,1,6,7,5,0,S. Skinner,E. Merzlikins,8479973,8478007,19,31,25,32,57,-8.2,8.2,0.0
2024020143,2024-10-28 00:00:00,20242025,TOR,WPG,6,4,10,2,0,A. Stolarz,C. Hellebuyck,8476932,8476945,19,30,23,35,58,-0.2,-4.0,-4.2
2024020144,2024-10-28 00:00:00,20242025,CHI,COL,5,2,7,3,0,P. Mrazek,A. Georgiev,8475852,8480382,24,21,26,24,50,4.8,-1.8,3.0
2024020145,2024-10-28 00:00:00,20242025,SJS,UTA,5,4,9,1,1,M. Blackwood,C. Ingram,8478406,8478971,19,41,23,46,69,-0.2,-0.8,-1.0
2024020146,2024-10-28 00:00:00,20242025,CAR,VAN,4,3,7,1,1,P. Kochetkov,K. Lankinen,8481611,8480947,24,28,27,32,59,2.8,-1.4,1.4
2024020147,2024-10-28 00:00:00,20242025,CGY,VGK,0,5,5,5,0,D. Vladar,A. Hill,8478435,8478499,33,16,38,16,54,-3.4,10.2,6.8
2024020148,2024-10-29 00:00:00,20242025,PHI,BOS,2,0,2,2,0,S. Ersson,J. Korpisalo,8481035,8476914,25,17,25,18,43,12.0,1.4,13.4
2024020149,2024-10-29 00:00:00,20242025,SEA,MTL,8,2,10,6,0,J. Daccord,S. Montembeault,8478916,8478470,28,5,30,10,40,5.6,-9.0,-3.4
2024020150,2024-10-29 00:00:00,20242025,STL,OTT,1,8,9,7,0,J. Hofer,L. Ullmark,8480981,8476999,16,26,21,27,48,-6.8,7.2,0.4
2024020151,2024-10-29 00:00:00,20242025,NYR,WSH,3,5,8,2,0,I. Shesterkin,L. Thompson,8478048,8480313,41,16,45,19,64,0.2,1.2,1.4
2024020152,2024-10-29 00:00:00,20242025,ANA,NYI,3,1,4,2,0,L. Dostal,I. Sorokin,8480843,8478009,40,19,41,21,62,10.0,-0.2,9.8
2024020153,2024-10-29 00:00:00,20242025,MIN,PIT,5,3,8,2,0,M. Fleury,J. Blomqvist,8470594,8482446,26,35,29,39,68,3.2,-1.0,2.2
2024020154,2024-10-29 00:00:00,20242025,LAK,SJS,2,4,6,2,0,D. Rittich,V. Vanecek,8479496,8477970,17,26,20,28,48,-2.6,5.2,2.6
2024020155,2024-10-30 00:00:00,20242025,NYI,CBJ,0,2,2,2,0,S. Varlamov,E. Merzlikins,8473575,8478007,24,26,25,26,51,2.8,12.2,15.0
2024020156,2024-10-30 00:00:00,20242025,WPG,DET,6,2,8,4,0,C. Hellebuyck,A. Lyon,8476945,8479312,19,23,21,29,50,3.8,-7.4,-3.6
2024020157,2024-10-30 00:00:00,20242025,TBL,COL,5,2,7,3,0,A. Vasilevskiy,K. Kahkonen,8476883,8478039,33,16,35,20,55,6.6,-4.8,1.8
2024020158,2024-10-30 00:00:00,20242025,CGY,UTA,1,5,6,4,0,D. Wolf,C. Ingram,8481692,8478971,23,30,28,31,59,-5.4,8.0,2.6
2024020159,2024-10-30 00:00:00,20242025,NJD,VAN,6,0,6,6,0,J. Markstrom,A. Silovs,8474593,8481668,20,16,20,22,42,11.0,-8.8,2.2
2024020160,2024-10-30 00:00:00,20242025,VGK,LAK,3,6,9,3,0,I. Samsonov,D. Kuemper,8478492,8475311,21,23,27,26,53,-7.8,2.6,-5.2
2024020161,2024-10-31 00:00:00,20242025,SEA,TOR,1,4,5,3,0,J. Daccord,J. Woll,8478916,8479361,26,24,29,25,54,-0.8,6.8,6.0
2024020162,2024-10-31 00:00:00,20242025,STL,PHI,1,2,3,1,0,J. Binnington,S. Ersson,8476412,8481035,19,20,21,21,42,-0.2,6.0,5.8
2024020163,2024-10-31 00:00:00,20242025,ANA,PIT,1,2,3,1,1,L. Dostal,A. Nedeljkovic,8480843,8477968,43,22,45,23,68,5.6,6.4,12.0
2024020164,2024-10-31 00:00:00,20242025,MTL,WSH,3,6,9,3,0,C. Primeau,C. Lindgren,8480051,8479292,28,12,34,15,49,-6.4,0.4,-6.0
2024020165,2024-10-31 00:00:00,20242025,BOS,CAR,2,8,10,6,0,J. Swayman,P. Kochetkov,8480280,8481611,16,13,22,15,37,-8.8,2.6,-6.2
2024020166,2024-10-31 00:00:00,20242025,EDM,NSH,5,1,6,4,0,C. Pickard,J. Saros,8475717,8477424,26,24,27,29,56,7.2,-5.2,2.0
2024020167,2024-10-31 00:00:00,20242025,CHI,SJS,2,3,5,1,0,P. Mrazek,M. Blackwood,8475852,8478406,26,27,29,29,58,-0.8,5.4,4.6
2024020168,2024-11-01 00:00:00,20242025,FLA,DAL,6,4,10,2,0,S. Bobrovsky,J. Oettinger,8475683,8479979,32,22,36,28,64,2.4,-7.6,-5.2
2024020169,2024-11-01 00:00:00,20242025,NYI,BUF,4,3,7,1,0,I. Sorokin,D. Levi,8478009,8482221,32,32,35,36,71,4.4,-1.6,2.8
2024020170,2024-11-01 00:00:00,20242025,OTT,NYR,1,2,3,1,0,L. Ullmark,I. Shesterkin,8476999,8478048,16,40,18,41,59,-0.8,10.0,9.2
2024020171,2024-11-01 00:00:00,20242025,WPG,CBJ,6,2,8,4,0,E. Comrie,E. Merzlikins,8477480,8478007,20,38,22,44,66,4.0,-4.4,-0.4
2024020172,2024-11-01 00:00:00,20242025,TBL,MIN,3,5,8,2,0,A. Vasilevskiy,F. Gustavsson,8476883,8479406,17,27,20,30,50,-2.6,3.4,0.8
2024020173,2024-11-01 00:00:00,20242025,NJD,CGY,0,3,3,3,0,J. Markstrom,D. Vladar,8474593,8478435,29,22,31,22,53,1.8,11.4,13.2
2024020174,2024-11-02 00:00:00,20242025,DAL,FLA,2,4,6,2,0,C. DeSmith,S. Knight,8479193,8481519,21,23,24,25,49,-1.8,4.6,2.8
2024020175,2024-11-02 00:00:00,20242025,BOS,PHI,3,0,3,3,0,J. Korpisalo,S. Ersson,8476914,8481035,20,8,20,8,28,11.0,4.6,15.6
2024020176,2024-11-02 00:00:00,20242025,CHI,LAK,4,3,7,1,1,P. Mrazek,D. Kuemper,8475852,8475311,37,18,40,21,61,5.4,-1.4,4.0
2024020177,2024-11-02 00:00:00,20242025,CBJ,WSH,2,7,9,5,0,D. Tarasov,L. Thompson,8480193,8480313,15,34,22,36,58,-11.0,6.8,-4.2
2024020178,2024-11-02 00:00:00,20242025,SEA,OTT,0,3,3,3,0,P. Grubauer,A. Forsberg,8475831,8476341,20,22,22,22,44,0.0,11.4,11.4
2024020179,2024-11-02 00:00:00,20242025,BUF,DET,1,2,3,1,0,U. Luukkonen,C. Talbot,8480045,8475660,21,31,23,32,55,0.2,8.2,8.4
2024020180,2024-11-02 00:00:00,20242025,MTL,PIT,1,3,4,2,0,S. Montembeault,A. Nedeljkovic,8478470,8477968,21,25,23,26,49,0.2,7.0,7.2
2024020181,2024-11-02 00:00:00,20242025,TOR,STL,2,4,6,2,0,J. Woll,J. Binnington,8479361,8476412,20,35,23,37,60,-2.0,7.0,5.0
2024020182,2024-11-02 00:00:00,20242025,COL,NSH,2,5,7,3,0,J. Annunen,J. Saros,8481020,8477424,21,29,24,31,55,-1.8,5.8,4.0
2024020183,2024-11-02 00:00:00,20242025,UTA,VGK,3,4,7,1,1,C. Ingram,A. Hill,8478971,8478499,31,16,35,19,54,-0.8,1.2,0.4
2024020184,2024-11-02 00:00:00,20242025,VAN,SJS,3,2,5,1,0,K. Lankinen,M. Blackwood,8480947,8478406,21,25,23,28,51,4.2,-1.0,3.2
2024020185,2024-11-03 00:00:00,20242025,NYI,NYR,2,5,7,3,0,I. Sorokin,I. Shesterkin,8478009,8478048,35,35,39,37,76,-1.0,7.0,6.0
2024020186,2024-11-03 00:00:00,20242025,TBL,WPG,4,7,11,3,0,J. Johansson,C. Hellebuyck,8477992,8476945,27,26,32,30,62,-4.6,1.2,-3.4
2024020187,2024-11-03 00:00:00,20242025,SEA,BOS,0,2,2,2,0,J. Daccord,J. Swayman,8478916,8480280,31,23,33,23,56,2.2,11.6,13.8
2024020188,2024-11-03 00:00:00,20242025,WSH,CAR,2,4,6,2,0,C. Lindgren,P. Kochetkov,8479292,8481611,41,19,44,21,65,2.2,3.8,6.0
2024020189,2024-11-03 00:00:00,20242025,TOR,MIN,1,2,3,1,1,A. Stolarz,F. Gustavsson,8476932,8479406,31,27,33,28,61,3.2,7.4,10.6
2024020190,2024-11-03 00:00:00,20242025,EDM,CGY,4,2,6,2,0,S. Skinner,D. Vladar,8479973,8478435,29,27,31,30,61,5.8,-0.6,5.2
2024020191,2024-11-03 00:00:00,20242025,CHI,ANA,4,2,6,2,0,A. Soderblom,L. Dostal,8482821,8480843,38,25,40,29,69,7.6,-3.0,4.6
2024020192,2024-11-04 00:00:00,20242025,LAK,NSH,3,0,3,3,0,D. Kuemper,J. Saros,8475311,8477424,16,24,16,26,42,10.2,0.8,11.0
2024020193,2024-11-04 00:00:00,20242025,NJD,EDM,3,0,3,3,0,J. Allen,C. Pickard,8474596,8475717,31,13,31,16,47,13.2,-3.4,9.8
2024020194,2024-11-05 00:00:00,20242025,OTT,BUF,1,5,6,4,0,L. Ullmark,U. Luukkonen,8476999,8480045,29,37,34,38,72,-4.2,9.4,5.2
2024020195,2024-11-05 00:00:00,20242025,BOS,TOR,0,4,4,4,0,J. Swayman,A. Stolarz,8480280,8476932,23,29,26,29,55,-1.4,12.8,11.4
2024020196,2024-11-05 00:00:00,20242025,CGY,MTL,3,2,5,1,1,D. Wolf,S. Montembeault,8481692,8478470,22,32,24,35,59,4.4,1.4,5.8
2024020197,2024-11-05 00:00:00,20242025,PHI,CAR,4,6,10,2,0,A. Kolosov,P. Kochetkov,8482783,8481611,29,12,34,16,50,-4.2,-1.6,-5.8
2024020198,2024-11-05 00:00:00,20242025,PIT,NYI,3,4,7,1,1,A. Nedeljkovic,I. Sorokin,8477968,8478009,23,32,26,35,61,-0.4,4.4,4.0
2024020199,2024-11-05 00:00:00,20242025,TBL,STL,2,3,5,1,0,A. Vasilevskiy,J. Binnington,8476883,8476412,20,21,23,23,46,-2.0,4.2,2.2
2024020200,2024-11-05 00:00:00,20242025,LAK,MIN,5,1,6,4,0,D. Rittich,F. Gustavsson,8479496,8479406,23,23,24,27,51,6.6,-3.4,3.2
2024020201,2024-11-05 00:00:00,20242025,UTA,WPG,0,3,3,3,0,K. Vejmelka,C. Hellebuyck,8478872,8476945,25,21,27,21,48,1.0,11.2,12.2
2024020202,2024-11-05 00:00:00,20242025,SEA,COL,3,6,9,3,0,P. Grubauer,J. Annunen,8475831,8481020,26,17,31,20,51,-4.8,1.4,-3.4
2024020203,2024-11-05 00:00:00,20242025,VAN,ANA,5,1,6,4,0,K. Lankinen,L. Dostal,8480947,8480843,21,32,22,37,59,6.2,-3.6,2.6
2024020204,2024-11-05 00:00:00,20242025,CBJ,SJS,1,2,3,1,1,E. Merzlikins,V. Vanecek,8478007,8477970,25,49,27,50,77,2.0,11.8,13.8
2024020205,2024-11-06 00:00:00,20242025,NSH,WSH,2,3,5,1,0,J. Saros,L. Thompson,8477424,8480313,33,33,36,35,71,0.6,6.6,7.2
2024020206,2024-11-06 00:00:00,20242025,DET,CHI,4,1,5,3,0,C. Talbot,P. Mrazek,8475660,8475852,28,21,29,24,53,7.6,-1.8,5.8
2024020207,2024-11-06 00:00:00,20242025,VGK,EDM,4,2,6,2,0,A. Hill,S. Skinner,8478499,8479973,27,31,29,34,63,5.4,0.2,5.6
2024020208,2024-11-07 00:00:00,20242025,CGY,BOS,3,4,7,1,1,D. Wolf,J. Korpisalo,8481692,8476914,34,34,38,37,75,-0.2,4.8,4.6
2024020209,2024-11-07 00:00:00,20242025,NYI,OTT,4,2,6,2,0,S. Varlamov,A. Forsberg,8473575,8476341,28,21,30,24,54,5.6,-1.8,3.8
2024020210,2024-11-07 00:00:00,20242025,PHI,TBL,2,1,3,1,1,I. Fedotov,A. Vasilevskiy,8478905,8476883,22,30,23,31,54,6.4,5.0,11.4
2024020211,2024-11-07 00:00:00,20242025,NSH,FLA,2,6,8,4,0,S. Wedgewood,S. Bobrovsky,8475809,8475683,28,16,34,18,52,-6.4,3.2,-3.2
2024020212,2024-11-07 00:00:00,20242025,MTL,NJD,3,5,8,2,0,S. Montembeault,J. Markstrom,8478470,8474593,22,21,26,24,50,-3.6,2.2,-1.4
2024020213,2024-11-07 00:00:00,20242025,BUF,NYR,6,1,7,5,0,U. Luukkonen,I. Shesterkin,8480045,8478048,25,7,26,12,38,7.0,-8.6,-1.6
2024020214,2024-11-07 00:00:00,20242025,PIT,CAR,1,5,6,4,0,A. Nedeljkovic,P. Kochetkov,8477968,8481611,13,35,18,36,54,-7.4,9.0,1.6
2024020215,2024-11-07 00:00:00,20242025,UTA,STL,4,2,6,2,0,C. Ingram,J. Hofer,8478971,8480981,13,27,15,30,45,2.6,-0.6,2.0
2024020216,2024-11-07 00:00:00,20242025,CHI,DAL,1,3,4,2,0,A. Soderblom,J. Oettinger,8482821,8479979,37,25,39,26,65,3.4,7.0,10.4
2024020217,2024-11-07 00:00:00,20242025,COL,WPG,0,1,1,1,0,A. Georgiev,C. Hellebuyck,8480382,8476945,27,35,28,35,63,3.4,14.0,17.4
2024020218,2024-11-07 00:00:00,20242025,VAN,LAK,4,2,6,2,0,K. Lankinen,D. Kuemper,8480947,8475311,26,20,28,22,50,5.2,-2.0,3.2
2024020219,2024-11-07 00:00:00,20242025,MIN,SJS,5,2,7,3,0,M. Fleury,V. Vanecek,8470594,8477970,24,26,26,30,56,4.8,-2.8,2.0
2024020220,2024-11-08 00:00:00,20242025,DET,TOR,1,3,4,2,0,C. Talbot,A. Stolarz,8475660,8476932,17,21,19,22,41,-0.6,6.2,5.6
2024020221,2024-11-08 00:00:00,20242025,PIT,WSH,4,2,6,2,0,J. Blomqvist,C. Lindgren,8482446,8479292,32,28,34,31,65,6.4,-0.4,6.0
2024020222,2024-11-08 00:00:00,20242025,MIN,ANA,5,2,7,3,0,F. Gustavsson,L. Dostal,8479406,8480843,33,26,35,31,66,6.6,-4.8,1.8
2024020223,2024-11-08 00:00:00,20242025,VGK,SEA,3,4,7,1,1,A. Hill,J. Daccord,8478499,8478916,28,21,32,24,56,-1.4,2.2,0.8
2024020224,2024-11-09 00:00:00,20242025,CGY,BUF,2,3,5,1,1,D. Vladar,U. Luukkonen,8478435,8480045,17,24,19,26,45,0.4,4.8,5.2
2024020225,2024-11-09 00:00:00,20242025,PHI,FLA,3,4,7,1,1,S. Ersson,S. Bobrovsky,8481035,8475683,28,34,31,37,68,0.6,4.8,5.4
2024020226,2024-11-09 00:00:00,20242025,OTT,BOS,3,2,5,1,1,L. Ullmark,J. Swayman,8476999,8480280,14,31,16,34,50,2.8,1.2,4.0
2024020227,2024-11-09 00:00:00,20242025,MTL,TOR,1,4,5,3,0,S. Montembeault,J. Woll,8478470,8479361,23,20,27,21,48,-3.4,6.0,2.6
2024020228,2024-11-09 00:00:00,20242025,NYR,DET,4,0,4,4,0,J. Quick,V. Husso,8471734,8478024,37,20,37,23,60,14.4,-2.0,12.4
2024020229,2024-11-09 00:00:00,20242025,WSH,STL,8,1,9,7,0,L. Thompson,J. Binnington,8480313,8476412,24,19,25,27,52,6.8,-12.2,-5.4
2024020230,2024-11-09 00:00:00,20242025,DAL,WPG,1,4,5,3,0,J. Oettinger,C. Hellebuyck,8479979,8476945,11,32,15,33,48,-5.8,8.4,2.6
2024020231,2024-11-09 00:00:00,20242025,NJD,NYI,4,3,7,1,1,J. Markstrom,I. Sorokin,8474593,8478009,19,29,22,33,55,1.8,-1.2,0.6
2024020232,2024-11-09 00:00:00,20242025,UTA,NSH,0,4,4,4,0,C. Ingram,J. Saros,8478971,8477424,17,27,20,27,47,-2.6,12.4,9.8
2024020233,2024-11-09 00:00:00,20242025,CAR,COL,4,6,10,2,0,S. Martin,A. Georgiev,8477484,8480382,23,27,28,31,59,-5.4,1.4,-4.0
2024020234,2024-11-09 00:00:00,20242025,CBJ,LAK,2,5,7,3,0,E. Merzlikins,D. Rittich,8478007,8479496,18,24,22,26,48,-4.4,4.8,0.4
2024020235,2024-11-09 00:00:00,20242025,EDM,VAN,7,3,10,4,0,S. Skinner,K. Lankinen,8479973,8480947,17,20,20,27,47,1.4,-10.0,-8.6
2024020236,2024-11-10 00:00:00,20242025,SJS,NJD,1,0,1,1,0,M. Blackwood,J. Allen,8478406,8474596,44,26,44,27,71,15.8,3.2,19.0
2024020237,2024-11-10 00:00:00,20242025,MIN,CHI,1,2,3,1,1,F. Gustavsson,P. Mrazek,8479406,8475852,20,32,22,33,55,1.0,8.4,9.4
2024020238,2024-11-10 00:00:00,20242025,CBJ,ANA,2,4,6,2,0,D. Tarasov,J. Gibson,8480193,8476434,26,38,29,40,69,-0.8,7.6,6.8
2024020239,2024-11-11 00:00:00,20242025,MTL,BUF,7,5,12,2,0,C. Primeau,U. Luukkonen,8480051,8480045,9,14,14,18,32,-8.2,-5.2,-13.4
2024020240,2024-11-11 00:00:00,20242025,SJS,PHI,3,4,7,1,1,V. Vanecek,S. Ersson,8477970,8481035,40,28,43,31,74,3.0,3.6,6.6
2024020241,2024-11-11 00:00:00,20242025,DAL,PIT,7,1,8,6,0,J. Oettinger,J. Blomqvist,8479979,8482446,20,5,21,8,29,6.0,-5.0,1.0
2024020242,2024-11-11 00:00:00,20242025,LAK,CGY,1,3,4,2,0,D. Kuemper,D. Wolf,8475311,8481692,25,28,27,29,56,1.0,7.6,8.6
2024020243,2024-11-11 00:00:00,20242025,NSH,COL,2,3,5,1,1,J. Saros,A. Georgiev,8477424,8480382,29,28,32,30,62,0.8,5.6,6.4
2024020244,2024-11-11 00:00:00,20242025,CAR,VGK,5,2,7,3,0,P. Kochetkov,A. Hill,8481611,8478499,30,17,32,21,53,6.0,-4.6,1.4
2024020245,2024-11-12 00:00:00,20242025,OTT,TOR,3,0,3,3,0,L. Ullmark,A. Stolarz,8476999,8476932,27,38,27,41,68,12.4,1.6,14.0
2024020246,2024-11-12 00:00:00,20242025,NJD,FLA,4,1,5,3,0,J. Markstrom,S. Knight,8474593,8481519,34,20,35,23,58,8.8,-2.0,6.8
2024020247,2024-11-12 00:00:00,20242025,WPG,NYR,6,3,9,3,0,C. Hellebuyck,I. Shesterkin,8476945,8478048,33,27,36,32,68,4.6,-4.6,0.0
2024020248,2024-11-12 00:00:00,20242025,BOS,STL,3,2,5,1,0,J. Swayman,J. Binnington,8480280,8476412,20,27,22,30,52,4.0,-0.6,3.4
2024020249,2024-11-12 00:00:00,20242025,NYI,EDM,3,4,7,1,1,I. Sorokin,S. Skinner,8478009,8479973,38,19,42,22,64,0.6,1.8,2.4
2024020250,2024-11-12 00:00:00,20242025,CGY,VAN,1,3,4,2,0,D. Vladar,K. Lankinen,8478435,8480947,29,28,32,29,61,-0.2,7.6,7.4
2024020251,2024-11-12 00:00:00,20242025,CBJ,SEA,2,5,7,3,0,E. Merzlikins,J. Daccord,8478007,8478916,28,38,32,40,72,-2.4,7.6,5.2
2024020252,2024-11-13 00:00:00,20242025,DET,PIT,3,2,5,1,1,C. Talbot,A. Nedeljkovic,8475660,8477968,31,28,33,31,64,6.2,0.6,6.8
2024020253,2024-11-13 00:00:00,20242025,TOR,WSH,4,3,7,1,1,J. Woll,L. Thompson,8479361,8480313,24,30,27,34,61,2.8,-1.0,1.8
2024020254,2024-11-13 00:00:00,20242025,CAR,UTA,1,4,5,3,0,P. Kochetkov,K. Vejmelka,8481611,8478872,15,49,18,50,68,-3.0,11.8,8.8
2024020255,2024-11-13 00:00:00,20242025,LAK,COL,2,4,6,2,0,D. Kuemper,A. Georgiev,8475311,8480382,18,13,20,15,35,-0.4,2.6,2.2
2024020256,2024-11-13 00:00:00,20242025,VGK,ANA,3,2,5,1,0,A. Hill,L. Dostal,8478499,8480843,22,36,24,39,63,4.4,1.2,5.6
2024020257,2024-11-14 00:00:00,20242025,STL,BUF,3,4,7,1,1,J. Binnington,D. Levi,8476412,8482221,29,24,33,27,60,-1.2,2.8,1.6
2024020258,2024-11-14 00:00:00,20242025,PHI,OTT,5,4,9,1,1,I. Fedotov,L. Ullmark,8478905,8476999,33,14,37,19,56,2.6,-6.2,-3.6
2024020259,2024-11-14 00:00:00,20242025,WPG,TBL,1,4,5,3,0,E. Comrie,A. Vasilevskiy,8477480,8476883,25,23,28,24,52,-1.0,6.6,5.6
2024020260,2024-11-14 00:00:00,20242025,NJD,FLA,6,2,8,4,0,J. Allen,S. Bobrovsky,8474596,8475683,25,23,27,28,55,5.0,-5.4,-0.4
2024020261,2024-11-14 00:00:00,20242025,SJS,NYR,2,3,5,1,0,M. Blackwood,I. Shesterkin,8478406,8478048,32,25,35,27,62,0.4,5.0,5.4
2024020262,2024-11-14 00:00:00,20242025,BOS,DAL,2,7,9,5,0,J. Swayman,J. Oettinger,8480280,8479979,31,23,38,25,63,-7.8,4.6,-3.2
2024020263,2024-11-14 00:00:00,20242025,MTL,MIN,0,3,3,3,0,S. Montembeault,F. Gustavsson,8478470,8479406,25,19,27,19,46,1.0,10.8,11.8
2024020264,2024-11-14 00:00:00,20242025,NSH,EDM,2,3,5,1,1,S. Wedgewood,C. Pickard,8475809,8475717,31,20,34,22,56,1.2,4.0,5.2
2024020265,2024-11-14 00:00:00,20242025,NYI,VAN,5,2,7,3,0,S. Varlamov,K. Lankinen,8473575,8480947,24,27,26,31,57,4.8,-2.6,2.2
2024020266,2024-11-14 00:00:00,20242025,CHI,SEA,1,3,4,2,0,P. Mrazek,J. Daccord,8475852,8478916,23,18,25,19,44,0.6,5.6,6.2
2024020267,2024-11-15 00:00:00,20242025,PIT,CBJ,2,6,8,4,0,T. Jarry,E. Merzlikins,8477465,8478007,33,21,38,23,61,-3.4,4.2,0.8
2024020268,2024-11-15 00:00:00,20242025,WSH,COL,5,2,7,3,0,C. Lindgren,J. Annunen,8479292,8481020,17,3,19,6,25,3.4,-5.4,-2.0
2024020269,2024-11-15 00:00:00,20242025,NSH,CGY,0,2,2,2,0,J. Saros,D. Wolf,8477424,8481692,31,29,32,29,61,4.2,12.8,17.0
2024020270,2024-11-15 00:00:00,20242025,VGK,UTA,4,2,6,2,0,A. Hill,K. Vejmelka,8478499,8478872,30,25,32,28,60,6.0,-1.0,5.0
2024020271,2024-11-15 00:00:00,20242025,DET,ANA,4,6,10,2,0,A. Lyon,J. Gibson,8479312,8476434,23,21,28,25,53,-5.4,0.2,-5.2
2024020272,2024-11-16 00:00:00,20242025,STL,BOS,3,2,5,1,1,J. Binnington,J. Korpisalo,8476412,8476914,16,28,18,31,49,3.2,0.6,3.8
2024020273,2024-11-16 00:00:00,20242025,NYI,SEA,2,3,5,1,0,I. Sorokin,J. Daccord,8478009,8478916,24,22,27,24,51,-1.2,4.4,3.2
2024020274,2024-11-16 00:00:00,20242025,EDM,TOR,3,4,7,1,1,S. Skinner,A. Stolarz,8479973,8476932,18,27,22,30,52,-3.4,3.4,0.0
2024020275,2024-11-16 00:00:00,20242025,CBJ,MTL,1,5,6,4,0,D. Tarasov,S. Montembeault,8480193,8478470,25,25,30,26,56,-5.0,7.0,2.0
2024020276,2024-11-16 00:00:00,20242025,NJD,TBL,0,4,4,4,0,J. Markstrom,A. Vasilevskiy,8474593,8476883,23,29,26,29,55,-1.4,12.8,11.4
2024020277,2024-11-16 00:00:00,20242025,WPG,FLA,0,5,5,5,0,C. Hellebuyck,S. Bobrovsky,8476945,8475683,26,27,31,27,58,-4.8,12.4,7.6
2024020278,2024-11-16 00:00:00,20242025,BUF,PHI,2,5,7,3,0,D. Levi,I. Fedotov,8482221,8478905,27,23,31,25,56,-2.6,4.6,2.0
2024020279,2024-11-16 00:00:00,20242025,SJS,PIT,3,4,7,1,1,V. Vanecek,A. Nedeljkovic,8477970,8477968,8,26,10,29,39,-2.4,3.2,0.8
2024020280,2024-11-16 00:00:00,20242025,OTT,CAR,0,4,4,4,0,A. Forsberg,S. Martin,8476341,8477484,24,24,27,24,51,-1.2,11.8,10.6
2024020281,2024-11-16 00:00:00,20242025,DAL,MIN,2,1,3,1,0,J. Oettinger,F. Gustavsson,8479979,8479406,22,38,23,40,63,6.4,3.6,10.0
2024020282,2024-11-16 00:00:00,20242025,DET,LAK,1,4,5,3,0,C. Talbot,D. Rittich,8475660,8479496,37,17,40,18,58,1.4,5.4,6.8
2024020283,2024-11-16 00:00:00,20242025,CHI,VAN,1,4,5,3,0,A. Soderblom,A. Silovs,8482821,8481668,29,28,31,29,60,1.8,7.6,9.4
2024020284,2024-11-17 00:00:00,20242025,STL,CAR,1,4,5,3,0,J. Hofer,P. Kochetkov,8480981,8481611,20,29,24,30,54,-4.0,7.8,3.8
2024020285,2024-11-17 00:00:00,20242025,NSH,VAN,5,3,8,2,0,J. Saros,K. Lankinen,8477424,8480947,24,17,27,21,48,2.8,-4.6,-1.8
2024020286,2024-11-17 00:00:00,20242025,WSH,VGK,5,2,7,3,0,L. Thompson,I. Samsonov,8480313,8478492,40,20,42,24,66,8.0,-4.0,4.0
2024020287,2024-11-17 00:00:00,20242025,NYR,SEA,2,0,2,2,0,J. Quick,P. Grubauer,8471734,8475831,24,21,24,23,47,11.8,0.2,12.0
2024020288,2024-11-18 00:00:00,20242025,CBJ,BOS,5,1,6,4,0,E. Merzlikins,J. Swayman,8478007,8480280,28,23,29,28,57,7.6,-5.4,2.2
2024020289,2024-11-18 00:00:00,20242025,COL,PHI,3,2,5,1,0,J. Annunen,A. Kolosov,8481020,8482783,24,26,26,29,55,4.8,-0.8,4.0
2024020290,2024-11-18 00:00:00,20242025,EDM,MTL,0,3,3,3,0,C. Pickard,S. Montembeault,8475717,8478470,22,30,24,30,54,0.4,13.0,13.4
2024020291,2024-11-18 00:00:00,20242025,ANA,DAL,4,2,6,2,0,L. Dostal,C. DeSmith,8480843,8479193,34,23,36,27,63,6.8,-3.4,3.4
2024020292,2024-11-18 00:00:00,20242025,WSH,UTA,6,2,8,4,0,C. Lindgren,C. Ingram,8479292,8478971,24,9,26,13,39,4.8,-6.2,-1.4
2024020293,2024-11-18 00:00:00,20242025,DET,SJS,4,5,9,1,1,C. Talbot,M. Blackwood,8475660,8478406,29,17,34,20,54,-3.2,-0.6,-3.8
2024020294,2024-11-19 00:00:00,20242025,EDM,OTT,5,2,7,3,0,S. Skinner,L. Ullmark,8479973,8476999,27,26,29,31,60,5.4,-4.8,0.6
2024020295,2024-11-19 00:00:00,20242025,TBL,PIT,3,2,5,1,1,A. Vasilevskiy,T. Jarry,8476883,8477465,17,32,19,35,54,3.4,1.4,4.8
2024020296,2024-11-19 00:00:00,20242025,MIN,STL,4,2,6,2,0,F. Gustavsson,J. Binnington,8479406,8476412,22,24,24,27,51,4.4,-1.2,3.2
2024020297,2024-11-19 00:00:00,20242025,FLA,WPG,3,6,9,3,0,S. Bobrovsky,C. Hellebuyck,8475683,8476945,21,20,25,23,48,-3.8,2.0,-1.8
2024020298,2024-11-19 00:00:00,20242025,ANA,CHI,3,2,5,1,0,J. Gibson,A. Soderblom,8476434,8482821,18,21,20,24,44,3.6,-1.8,1.8
2024020299,2024-11-19 00:00:00,20242025,NYI,CGY,1,2,3,1,1,S. Varlamov,D. Wolf,8473575,8481692,30,28,31,29,60,5.0,7.6,12.6
2024020300,2024-11-19 00:00:00,20242025,NYR,VAN,4,3,7,1,0,I. Shesterkin,A. Silovs,8478048,8481668,21,29,24,33,57,2.2,-2.2,0.0
2024020301,2024-11-20 00:00:00,20242025,VGK,TOR,0,3,3,3,0,A. Hill,J. Woll,8478499,8479361,23,31,25,31,56,0.6,13.2,13.8
2024020302,2024-11-20 00:00:00,20242025,CAR,PHI,4,1,5,3,0,P. Kochetkov,I. Fedotov,8481611,8478905,18,33,19,37,56,5.6,-1.4,4.2
2024020303,2024-11-20 00:00:00,20242025,SJS,DAL,2,5,7,3,0,M. Blackwood,J. Oettinger,8478406,8479979,26,21,29,23,52,-0.8,4.2,3.4
2024020304,2024-11-20 00:00:00,20242025,NSH,SEA,0,3,3,3,0,J. Saros,J. Daccord,8477424,8478916,34,24,36,24,60,2.8,11.8,14.6
2024020305,2024-11-20 00:00:00,20242025,BUF,LAK,1,0,1,1,0,U. Luukkonen,D. Rittich,8480045,8479496,23,18,23,19,42,11.6,1.6,13.2
2024020306,2024-11-21 00:00:00,20242025,UTA,BOS,0,1,1,1,0,K. Vejmelka,J. Korpisalo,8478872,8476914,30,22,31,22,53,4.0,11.4,15.4
2024020307,2024-11-21 00:00:00,20242025,VGK,OTT,3,2,5,1,0,I. Samsonov,L. Ullmark,8478492,8476999,38,29,40,32,72,7.6,-0.2,7.4
2024020308,2024-11-21 00:00:00,20242025,NYI,DET,1,2,3,1,0,I. Sorokin,A. Lyon,8478009,8479312,29,22,31,23,54,1.8,6.4,8.2
2024020309,2024-11-21 00:00:00,20242025,CAR,NJD,2,4,6,2,0,S. Martin,J. Markstrom,8477484,8474593,17,20,21,22,43,-4.6,4.0,-0.6
2024020310,2024-11-21 00:00:00,20242025,COL,WSH,2,1,3,1,0,A. Georgiev,L. Thompson,8480382,8480313,28,25,29,27,56,7.6,1.0,8.6
2024020311,2024-11-21 00:00:00,20242025,TBL,CBJ,6,7,13,1,1,J. Johansson,E. Merzlikins,8477992,8478007,36,24,43,30,73,-5.8,-3.2,-9.0
2024020312,2024-11-21 00:00:00,20242025,SJS,STL,2,3,5,1,1,Y. Askarov,J. Binnington,8482137,8476412,29,22,31,24,55,2.8,4.4,7.2
2024020313,2024-11-21 00:00:00,20242025,FLA,CHI,1,3,4,2,0,S. Knight,P. Mrazek,8481519,8475852,17,32,19,33,52,-0.6,8.4,7.8
2024020314,2024-11-21 00:00:00,20242025,NYR,CGY,2,3,5,1,0,I. Shesterkin,D. Wolf,8478048,8481692,46,27,49,29,78,3.2,5.4,8.6
2024020315,2024-11-21 00:00:00,20242025,MIN,EDM,5,3,8,2,0,M. Fleury,S. Skinner,8470594,8479973,28,21,31,26,57,3.6,-5.8,-2.2
2024020316,2024-11-22 00:00:00,20242025,WPG,PIT,4,1,5,3,0,C. Hellebuyck,T. Jarry,8476945,8477465,17,26,18,29,47,5.4,-0.8,4.6
2024020317,2024-11-22 00:00:00,20242025,BUF,ANA,3,2,5,1,1,U. Luukkonen,J. Gibson,8480045,8476434,22,30,24,32,56,4.4,1.0,5.4
2024020318,2024-11-23 00:00:00,20242025,CHI,PHI,2,3,5,1,1,P. Mrazek,A. Kolosov,8475852,8482783,34,19,37,21,58,1.8,3.8,5.6
2024020319,2024-11-23 00:00:00,20242025,MIN,CGY,3,4,7,1,1,F. Gustavsson,D. Vladar,8479406,8478435,28,20,31,23,54,0.6,2.0,2.6
2024020320,2024-11-23 00:00:00,20242025,SEA,LAK,1,2,3,1,0,J. Daccord,D. Rittich,8478916,8479496,19,19,21,20,41,-0.2,5.8,5.6
2024020321,2024-11-23 00:00:00,20242025,COL,FLA,7,4,11,3,0,A. Georgiev,S. Bobrovsky,8480382,8475683,27,18,31,24,55,1.4,-8.4,-7.0
2024020322,2024-11-23 00:00:00,20242025,VGK,MTL,6,2,8,4,0,A. Hill,S. Montembeault,8478499,8478470,15,20,17,25,42,3.0,-6.0,-3.0
2024020323,2024-11-23 00:00:00,20242025,VAN,OTT,4,3,7,1,0,K. Lankinen,L. Ullmark,8480947,8476999,26,17,29,21,50,3.2,-4.6,-1.4
2024020324,2024-11-23 00:00:00,20242025,BOS,DET,2,1,3,1,0,J. Swayman,C. Talbot,8480280,8475660,19,27,20,29,49,5.8,1.4,7.2
2024020325,2024-11-23 00:00:00,20242025,DAL,TBL,4,2,6,2,0,J. Oettinger,A. Vasilevskiy,8479979,8476883,27,24,29,28,57,5.4,-3.2,2.2
2024020326,2024-11-23 00:00:00,20242025,UTA,PIT,6,1,7,5,0,K. Vejmelka,A. Nedeljkovic,8478872,8477968,27,24,28,30,58,7.4,-7.2,0.2
2024020327,2024-11-23 00:00:00,20242025,NJD,WSH,3,2,5,1,0,J. Allen,C. Lindgren,8474596,8479292,24,30,25,33,58,4.8,0.0,4.8
2024020328,2024-11-23 00:00:00,20242025,CAR,CBJ,4,5,9,1,1,P. Kochetkov,E. Merzlikins,8481611,8478007,27,32,31,36,67,-2.6,2.4,-0.2
2024020329,2024-11-23 00:00:00,20242025,WPG,NSH,1,4,5,3,0,E. Comrie,J. Saros,8477480,8477424,32,23,35,24,59,0.4,6.6,7.0
2024020330,2024-11-23 00:00:00,20242025,STL,NYI,1,3,4,2,0,J. Binnington,I. Sorokin,8476412,8478009,28,24,30,25,55,1.6,6.8,8.4
2024020331,2024-11-23 00:00:00,20242025,BUF,SJS,4,2,6,2,0,J. Reimer,M. Blackwood,8473503,8478406,31,27,33,30,63,6.2,-0.6,5.6
2024020332,2024-11-23 00:00:00,20242025,NYR,EDM,2,6,8,4,0,J. Quick,S. Skinner,8471734,8479973,34,32,40,34,74,-5.2,6.4,1.2
2024020333,2024-11-24 00:00:00,20242025,UTA,TOR,2,3,5,1,0,K. Vejmelka,J. Woll,8478872,8479361,32,24,35,26,61,0.4,4.8,5.2
2024020334,2024-11-25 00:00:00,20242025,COL,TBL,2,8,10,6,0,J. Annunen,A. Vasilevskiy,8481020,8476883,11,23,16,25,41,-7.8,4.6,-3.2
2024020335,2024-11-25 00:00:00,20242025,WSH,FLA,4,1,5,3,0,L. Thompson,S. Knight,8480313,8481519,20,27,21,29,50,6.0,1.4,7.4
2024020336,2024-11-25 00:00:00,20242025,NSH,NJD,2,5,7,3,0,J. Saros,J. Markstrom,8477424,8474593,26,20,30,22,52,-2.8,4.0,1.2
2024020337,2024-11-25 00:00:00,20242025,STL,NYR,5,2,7,3,0,J. Hofer,I. Shesterkin,8480981,8478048,27,39,29,43,72,5.4,-0.2,5.2
2024020338,2024-11-25 00:00:00,20242025,VGK,PHI,5,4,9,1,1,I. Samsonov,I. Fedotov,8478492,8478905,32,26,36,30,66,2.4,-1.8,0.6
2024020339,2024-11-25 00:00:00,20242025,DAL,CAR,4,6,10,2,0,J. Oettinger,S. Martin,8479979,8477484,28,15,33,19,52,-4.4,-1.0,-5.4
2024020340,2024-11-25 00:00:00,20242025,CGY,OTT,3,4,7,1,0,D. Wolf,A. Forsberg,8481692,8476341,26,24,30,27,57,-2.8,2.8,0.0
2024020341,2024-11-25 00:00:00,20242025,DET,NYI,4,2,6,2,0,A. Lyon,S. Varlamov,8479312,8473575,27,17,29,20,49,5.4,-2.6,2.8
2024020342,2024-11-25 00:00:00,20242025,WPG,MIN,4,1,5,3,0,C. Hellebuyck,F. Gustavsson,8476945,8479406,43,28,44,31,75,10.6,-0.4,10.2
2024020343,2024-11-25 00:00:00,20242025,SEA,ANA,3,2,5,1,0,J. Daccord,L. Dostal,8478916,8480843,21,25,23,28,51,4.2,-1.0,3.2
2024020344,2024-11-25 00:00:00,20242025,LAK,SJS,2,7,9,5,0,D. Rittich,Y. Askarov,8479496,8482137,14,22,21,24,45,-11.2,4.4,-6.8
2024020345,2024-11-26 00:00:00,20242025,VAN,BOS,2,0,2,2,0,K. Lankinen,J. Swayman,8480947,8480280,33,13,33,14,47,13.6,0.6,14.2
2024020346,2024-11-26 00:00:00,20242025,UTA,MTL,3,2,5,1,1,K. Vejmelka,S. Montembeault,8478872,8478470,11,26,13,29,42,2.2,0.2,2.4
2024020347,2024-11-27 00:00:00,20242025,MIN,BUF,1,0,1,1,0,F. Gustavsson,U. Luukkonen,8479406,8480045,39,29,39,30,69,14.8,3.8,18.6
2024020348,2024-11-27 00:00:00,20242025,STL,NJD,3,0,3,3,0,J. Binnington,J. Markstrom,8476412,8474593,32,17,32,20,52,13.4,-2.6,10.8
2024020349,2024-11-27 00:00:00,20242025,NYR,CAR,3,4,7,1,0,I. Shesterkin,S. Martin,8478048,8477484,27,19,31,22,53,-2.6,1.8,-0.8
2024020350,2024-11-27 00:00:00,20242025,CGY,DET,1,2,3,1,1,D. Vladar,C. Talbot,8478435,8475660,25,24,27,25,52,2.0,6.8,8.8
2024020351,2024-11-27 00:00:00,20242025,WSH,TBL,5,4,9,1,0,C. Lindgren,A. Vasilevskiy,8479292,8476883,25,27,28,32,60,1.0,-4.6,-3.6
2024020352,2024-11-27 00:00:00,20242025,TOR,FLA,1,5,6,4,0,A. Stolarz,S. Bobrovsky,8476932,8475683,19,23,23,24,47,-4.2,6.6,2.4
2024020353,2024-11-27 00:00:00,20242025,BOS,NYI,6,3,9,3,0,J. Korpisalo,I. Sorokin,8476914,8478009,21,15,24,20,44,2.2,-7.0,-4.8
2024020354,2024-11-27 00:00:00,20242025,VAN,PIT,4,5,9,1,0,A. Silovs,T. Jarry,8481668,8477465,18,25,23,29,52,-6.4,1.0,-5.4
2024020355,2024-11-27 00:00:00,20242025,MTL,CBJ,4,3,7,1,1,C. Primeau,E. Merzlikins,8480051,8478007,21,19,24,23,47,2.2,-3.2,-1.0
2024020356,2024-11-27 00:00:00,20242025,PHI,NSH,3,2,5,1,1,A. Kolosov,J. Saros,8482783,8477424,25,20,27,23,50,5.0,-1.0,4.0
2024020357,2024-11-27 00:00:00,20242025,DAL,CHI,2,6,8,4,0,C. DeSmith,P. Mrazek,8479193,8475852,20,25,26,27,53,-8.0,5.0,-3.0
2024020358,2024-11-27 00:00:00,20242025,VGK,COL,1,2,3,1,1,A. Hill,A. Georgiev,8478499,8480382,33,18,34,19,53,5.6,5.6,11.2
2024020359,2024-11-27 00:00:00,20242025,WPG,LAK,1,4,5,3,0,C. Hellebuyck,D. Rittich,8476945,8479496,29,13,32,14,46,-0.2,4.6,4.4
2024020360,2024-11-27 00:00:00,20242025,ANA,SEA,5,2,7,3,0,J. Gibson,J. Daccord,8476434,8478916,42,28,44,33,77,8.4,-4.4,4.0
2024020361,2024-11-27 00:00:00,20242025,OTT,SJS,4,3,7,1,0,L. Ullmark,M. Blackwood,8476999,8478406,36,7,39,11,50,5.2,-6.6,-1.4
2024020362,2024-11-29 00:00:00,20242025,NYR,PHI,1,3,4,2,0,I. Shesterkin,I. Fedotov,8478048,8478905,32,22,34,23,57,2.4,6.4,8.8
2024020363,2024-11-29 00:00:00,20242025,CHI,MIN,2,3,5,1,0,P. Mrazek,M. Fleury,8475852,8470594,26,21,29,23,52,-0.8,4.2,3.4
2024020364,2024-11-29 00:00:00,20242025,VAN,BUF,4,3,7,1,1,K. Lankinen,U. Luukkonen,8480947,8480045,31,18,34,22,56,4.2,-3.4,0.8
2024020365,2024-11-29 00:00:00,20242025,NJD,DET,5,4,9,1,0,J. Markstrom,C. Talbot,8474593,8475660,24,24,28,29,57,0.8,-5.2,-4.4
2024020366,2024-11-29 00:00:00,20242025,NYI,WSH,4,5,9,1,1,S. Varlamov,L. Thompson,8473575,8480313,21,20,26,24,50,-4.8,0.0,-4.8
2024020367,2024-11-29 00:00:00,20242025,FLA,CAR,6,3,9,3,0,S. Bobrovsky,S. Martin,8475683,8477484,28,24,31,29,60,3.6,-5.2,-1.6
2024020368,2024-11-29 00:00:00,20242025,CGY,CBJ,2,5,7,3,0,D. Wolf,E. Merzlikins,8481692,8478007,29,27,33,29,62,-2.2,5.4,3.2
2024020369,2024-11-29 00:00:00,20242025,TBL,NSH,3,2,5,1,1,J. Johansson,J. Saros,8477992,8477424,29,25,31,28,59,5.8,0.0,5.8
2024020370,2024-11-29 00:00:00,20242025,LAK,ANA,2,1,3,1,0,E. Portillo,J. Gibson,8481707,8476434,28,16,29,18,47,7.6,-0.8,6.8
2024020371,2024-11-29 00:00:00,20242025,SEA,SJS,5,8,13,3,0,P. Grubauer,V. Vanecek,8475831,8477970,19,26,26,31,57,-10.2,-0.8,-11.0
2024020372,2024-11-29 00:00:00,20242025,PIT,BOS,2,1,3,1,0,T. Jarry,J. Swayman,8477465,8480280,30,34,31,36,67,8.0,2.8,10.8
2024020373,2024-11-29 00:00:00,20242025,COL,DAL,3,5,8,2,0,A. Georgiev,J. Oettinger,8480382,8479979,19,29,23,32,55,-4.2,3.8,-0.4
2024020374,2024-11-29 00:00:00,20242025,WPG,VGK,3,4,7,1,0,E. Comrie,A. Hill,8477480,8478499,26,22,30,25,55,-2.8,2.4,-0.4
2024020375,2024-11-29 00:00:00,20242025,EDM,UTA,4,3,7,1,1,C. Pickard,K. Vejmelka,8475717,8478872,28,28,31,32,63,3.6,-1.4,2.2
2024020376,2024-11-30 00:00:00,20242025,MTL,NYR,3,4,7,1,0,S. Montembeault,J. Quick,8478470,8471734,24,25,28,28,56,-3.2,3.0,-0.2
2024020377,2024-11-30 00:00:00,20242025,CAR,FLA,0,6,6,6,0,S. Martin,S. Knight,8477484,8481519,23,20,28,20,48,-5.4,11.0,5.6
2024020378,2024-11-30 00:00:00,20242025,TOR,TBL,5,3,8,2,0,J. Woll,A. Vasilevskiy,8479361,8476883,38,24,41,28,69,5.6,-3.2,2.4
2024020379,2024-11-30 00:00:00,20242025,WSH,NJD,6,5,11,1,0,C. Lindgren,J. Allen,8479292,8474596,22,26,27,32,59,-1.6,-6.8,-8.4
2024020380,2024-11-30 00:00:00,20242025,CGY,PIT,2,6,8,4,0,D. Vladar,A. Nedeljkovic,8478435,8477968,37,30,43,32,75,-4.6,6.0,1.4
2024020381,2024-11-30 00:00:00,20242025,PHI,STL,3,2,5,1,1,A. Kolosov,J. Binnington,8482783,8476412,25,28,27,31,58,5.0,0.6,5.6
2024020382,2024-11-30 00:00:00,20242025,OTT,LAK,2,5,7,3,0,A. Forsberg,D. Rittich,8476341,8479496,22,20,26,22,48,-3.6,4.0,0.4
2024020383,2024-11-30 00:00:00,20242025,BUF,NYI,0,3,3,3,0,J. Reimer,I. Sorokin,8473503,8478009,17,29,19,29,48,-0.6,12.8,12.2
2024020384,2024-11-30 00:00:00,20242025,NSH,MIN,2,3,5,1,1,J. Saros,F. Gustavsson,8477424,8479406,25,25,28,27,55,0.0,5.0,5.0
2024020385,2024-11-30 00:00:00,20242025,EDM,COL,4,1,5,3,0,S. Skinner,A. Georgiev,8479973,8480382,27,28,28,31,59,7.4,-0.4,7.0
2024020386,2024-11-30 00:00:00,20242025,UTA,VGK,6,0,6,6,0,J. Stauber,I. Samsonov,8483530,8478492,29,22,29,28,57,12.8,-7.6,5.2
2024020387,2024-11-30 00:00:00,20242025,SJS,SEA,4,2,6,2,0,M. Blackwood,J. Daccord,8478406,8478916,36,19,38,23,61,7.2,-4.2,3.0
2024020388,2024-12-01 00:00:00,20242025,VAN,DET,5,4,9,1,1,K. Lankinen,C. Talbot,8480947,8475660,27,12,31,14,45,1.4,-1.6,-0.2
2024020389,2024-12-01 00:00:00,20242025,MTL,BOS,3,6,9,3,0,C. Primeau,J. Swayman,8480051,8480280,24,25,29,28,57,-5.2,3.0,-2.2
2024020390,2024-12-01 00:00:00,20242025,CBJ,CHI,6,3,9,3,0,E. Merzlikins,P. Mrazek,8478007,8475852,28,30,31,35,66,3.6,-4.0,-0.4
2024020391,2024-12-01 00:00:00,20242025,WPG,DAL,1,3,4,2,0,C. Hellebuyck,J. Oettinger,8476945,8479979,28,26,30,27,57,1.6,7.2,8.8
2024020392,2024-12-01 00:00:00,20242025,OTT,ANA,3,4,7,1,1,L. Ullmark,L. Dostal,8476999,8480843,31,28,34,31,65,1.2,3.6,4.8
2024020393,2024-12-02 00:00:00,20242025,NJD,NYR,5,1,6,4,0,J. Markstrom,I. Shesterkin,8474593,8478048,38,23,39,28,67,9.6,-5.4,4.2
2024020394,2024-12-02 00:00:00,20242025,CHI,TOR,1,4,5,3,0,A. Soderblom,A. Stolarz,8482821,8476932,18,27,21,28,49,-2.4,7.4,5.0
2024020395,2024-12-02 00:00:00,20242025,DAL,UTA,2,1,3,1,0,C. DeSmith,K. Vejmelka,8479193,8478872,36,19,37,21,58,9.2,-0.2,9.0
2024020396,2024-12-03 00:00:00,20242025,DET,BOS,2,3,5,1,1,V. Husso,J. Korpisalo,8478024,8476914,32,23,35,25,60,1.4,4.6,6.0
2024020397,2024-12-03 00:00:00,20242025,COL,BUF,5,4,9,1,0,A. Georgiev,U. Luukkonen,8480382,8480045,4,36,8,41,49,-7.2,-2.8,-10.0
2024020398,2024-12-03 00:00:00,20242025,NYI,MTL,1,2,3,1,1,I. Sorokin,S. Montembeault,8478009,8478470,25,30,27,31,58,2.0,8.0,10.0
2024020399,2024-12-03 00:00:00,20242025,FLA,PIT,4,5,9,1,1,S. Knight,T. Jarry,8481519,8477465,11,37,16,41,57,-6.8,3.4,-3.4
2024020400,2024-12-03 00:00:00,20242025,SJS,WSH,2,1,3,1,1,M. Blackwood,L. Thompson,8478406,8480313,27,29,28,31,59,7.4,2.8,10.2
2024020401,2024-12-03 00:00:00,20242025,SEA,CAR,4,2,6,2,0,J. Daccord,P. Kochetkov,8478916,8481611,17,24,19,28,47,3.4,-3.2,0.2
2024020402,2024-12-03 00:00:00,20242025,VAN,MIN,2,3,5,1,1,K. Lankinen,F. Gustavsson,8480947,8479406,26,30,29,32,61,0.2,6.0,6.2
2024020403,2024-12-03 00:00:00,20242025,STL,WPG,4,1,5,3,0,J. Hofer,C. Hellebuyck,8480981,8476945,22,28,23,31,54,6.4,-0.4,6.0
2024020404,2024-12-03 00:00:00,20242025,CBJ,CGY,0,3,3,3,0,E. Merzlikins,D. Vladar,8478007,8478435,19,16,21,16,37,-0.2,10.2,10.0
2024020405,2024-12-03 00:00:00,20242025,EDM,VGK,0,1,1,1,0,S. Skinner,A. Hill,8479973,8478499,15,28,16,28,44,1.0,12.6,13.6
2024020406,2024-12-04 00:00:00,20242025,NSH,TOR,2,3,5,1,0,J. Saros,J. Woll,8477424,8479361,25,22,28,24,52,-1.0,4.4,3.4
2024020407,2024-12-04 00:00:00,20242025,BOS,CHI,4,2,6,2,0,J. Swayman,P. Mrazek,8480280,8475852,20,23,22,27,49,4.0,-3.4,0.6
2024020408,2024-12-04 00:00:00,20242025,VGK,ANA,4,1,5,3,0,I. Samsonov,J. Gibson,8478492,8476434,19,29,20,32,52,5.8,-0.2,5.6
2024020409,2024-12-04 00:00:00,20242025,DAL,LAK,2,3,5,1,0,J. Oettinger,D. Rittich,8479979,8479496,14,26,17,28,45,-3.2,5.2,2.0
2024020410,2024-12-05 00:00:00,20242025,WPG,BUF,3,2,5,1,1,C. Hellebuyck,U. Luukkonen,8476945,8480045,28,28,30,31,61,5.6,0.6,6.2
2024020411,2024-12-05 00:00:00,20242025,NSH,MTL,0,3,3,3,0,J. Annunen,S. Montembeault,8481020,8478470,27,29,29,29,58,1.4,12.8,14.2
2024020412,2024-12-05 00:00:00,20242025,DET,OTT,1,2,3,1,0,V. Husso,L. Ullmark,8478024,8476999,30,19,32,20,52,2.0,5.8,7.8
2024020413,2024-12-05 00:00:00,20242025,SJS,TBL,1,8,9,7,0,V. Vanecek,A. Vasilevskiy,8477970,8476883,7,20,12,21,33,-8.6,6.0,-2.6
2024020414,2024-12-05 00:00:00,20242025,FLA,PHI,7,5,12,2,0,S. Knight,I. Fedotov,8481519,8478905,29,5,34,7,41,-0.2,-3.0,-3.2
2024020415,2024-12-05 00:00:00,20242025,COL,CAR,3,5,8,2,0,S. Wedgewood,P. Kochetkov,8475809,8481611,30,16,34,19,53,-2.0,1.2,-0.8
2024020416,2024-12-05 00:00:00,20242025,SEA,NYI,5,2,7,3,0,J. Daccord,I. Sorokin,8478916,8478009,27,9,29,13,42,5.4,-6.2,-0.8
2024020417,2024-12-05 00:00:00,20242025,STL,CGY,4,3,7,1,1,J. Binnington,D. Vladar,8476412,8478435,36,20,39,24,63,5.2,-3.0,2.2
2024020418,2024-12-05 00:00:00,20242025,CBJ,EDM,3,6,9,3,0,D. Tarasov,C. Pickard,8480193,8475717,30,19,36,22,58,-6.0,1.8,-4.2
2024020419,2024-12-06 00:00:00,20242025,WSH,TOR,3,1,4,2,0,C. Lindgren,A. Stolarz,8479292,8476932,20,23,21,25,46,6.0,0.6,6.6
2024020420,2024-12-06 00:00:00,20242025,SEA,NJD,2,3,5,1,0,P. Grubauer,J. Markstrom,8475831,8474593,33,17,36,19,55,0.6,3.4,4.0
2024020421,2024-12-06 00:00:00,20242025,PIT,NYR,2,4,6,2,0,A. Nedeljkovic,I. Shesterkin,8477968,8478048,28,20,32,22,54,-2.4,4.0,1.6
2024020422,2024-12-06 00:00:00,20242025,CBJ,VAN,2,5,7,3,0,E. Merzlikins,K. Lankinen,8478007,8480947,12,30,16,32,48,-5.6,6.0,0.4
2024020423,2024-12-06 00:00:00,20242025,DAL,VGK,2,3,5,1,0,J. Oettinger,A. Hill,8479979,8478499,25,38,28,40,68,-1.0,7.6,6.6
2024020424,2024-12-06 00:00:00,20242025,MIN,ANA,5,1,6,4,0,F. Gustavsson,J. Gibson,8479406,8476434,26,28,27,32,59,7.2,-2.4,4.8
2024020425,2024-12-07 00:00:00,20242025,PHI,BOS,3,4,7,1,1,A. Kolosov,J. Swayman,8482783,8480280,27,23,31,26,57,-1.6,2.6,1.0
2024020426,2024-12-07 00:00:00,20242025,UTA,BUF,5,2,7,3,0,K. Vejmelka,U. Luukkonen,8478872,8480045,23,23,25,28,53,4.6,-5.4,-0.8
2024020427,2024-12-07 00:00:00,20242025,WPG,CHI,4,2,6,2,0,C. Hellebuyck,P. Mrazek,8476945,8475852,12,4,14,4,18,2.4,3.8,6.2
2024020428,2024-12-07 00:00:00,20242025,CAR,NYI,3,4,7,1,0,P. Kochetkov,I. Sorokin,8481611,8478009,21,28,25,31,56,-3.8,3.6,-0.2
2024020429,2024-12-07 00:00:00,20242025,SJS,FLA,1,3,4,2,0,M. Blackwood,S. Bobrovsky,8478406,8475683,51,28,54,29,83,4.2,7.6,11.8
2024020430,2024-12-07 00:00:00,20242025,WSH,MTL,4,2,6,2,0,L. Thompson,S. Montembeault,8480313,8478470,22,31,24,35,59,4.4,-1.8,2.6
2024020431,2024-12-07 00:00:00,20242025,NSH,OTT,1,3,4,2,0,J. Saros,L. Ullmark,8477424,8476999,27,36,30,37,67,-0.6,9.2,8.6
2024020432,2024-12-07 00:00:00,20242025,COL,DET,2,1,3,1,0,A. Georgiev,V. Husso,8480382,8478024,29,23,30,25,55,7.8,0.6,8.4
2024020433,2024-12-07 00:00:00,20242025,TOR,PIT,2,5,7,3,0,J. Woll,T. Jarry,8479361,8477465,24,25,27,27,54,-1.2,5.0,3.8
2024020434,2024-12-07 00:00:00,20242025,MIN,LAK,1,4,5,3,0,M. Fleury,D. Kuemper,8470594,8475311,30,22,32,23,55,2.0,6.4,8.4
2024020435,2024-12-07 00:00:00,20242025,STL,EDM,2,4,6,2,0,J. Binnington,S. Skinner,8476412,8479973,17,29,21,31,52,-4.6,5.8,1.2
2024020436,2024-12-08 00:00:00,20242025,SEA,NYR,7,5,12,2,0,P. Grubauer,J. Quick,8475831,8471734,32,15,37,21,58,0.4,-9.0,-8.6
2024020437,2024-12-08 00:00:00,20242025,TBL,VAN,4,2,6,2,0,A. Vasilevskiy,K. Lankinen,8476883,8480947,23,29,25,32,57,4.6,-0.2,4.4
2024020438,2024-12-08 00:00:00,20242025,NYI,OTT,4,2,6,2,0,I. Sorokin,A. Forsberg,8478009,8476341,29,9,31,12,43,5.8,-4.2,1.6
2024020439,2024-12-08 00:00:00,20242025,CBJ,WPG,4,1,5,3,0,E. Merzlikins,E. Comrie,8478007,8477480,24,24,25,27,52,6.8,-1.2,5.6
2024020440,2024-12-08 00:00:00,20242025,COL,NJD,4,0,4,4,0,S. Wedgewood,J. Allen,8475809,8474596,25,20,25,23,48,12.0,-2.0,10.0
2024020441,2024-12-08 00:00:00,20242025,UTA,PHI,4,2,6,2,0,J. Stauber,S. Ersson,8483530,8481035,22,21,24,25,49,4.4,-3.8,0.6
2024020442,2024-12-08 00:00:00,20242025,CGY,DAL,2,6,8,4,0,D. Wolf,J. Oettinger,8481692,8479979,22,29,28,31,59,-7.6,5.8,-1.8
2024020443,2024-12-09 00:00:00,20242025,DET,BUF,6,5,11,1,1,V. Husso,J. Reimer,8478024,8473503,4,26,7,31,38,-5.2,-3.8,-9.0
2024020444,2024-12-09 00:00:00,20242025,CHI,NYR,2,1,3,1,0,A. Soderblom,I. Shesterkin,8482821,8478048,29,30,30,32,62,7.8,2.0,9.8
2024020445,2024-12-09 00:00:00,20242025,ANA,MTL,2,3,5,1,1,L. Dostal,S. Montembeault,8480843,8478470,19,27,21,29,50,0.8,5.4,6.2
2024020446,2024-12-10 00:00:00,20242025,TOR,NJD,2,1,3,1,1,A. Stolarz,J. Markstrom,8476932,8474593,38,15,39,17,56,9.6,0.0,9.6
2024020447,2024-12-10 00:00:00,20242025,COL,PIT,6,2,8,4,0,S. Wedgewood,T. Jarry,8475809,8477465,25,21,27,26,53,5.0,-5.8,-0.8
2024020448,2024-12-10 00:00:00,20242025,SJS,CAR,2,3,5,1,0,V. Vanecek,P. Kochetkov,8477970,8481611,25,21,28,23,51,-1.0,4.2,3.2
2024020449,2024-12-10 00:00:00,20242025,PHI,CBJ,5,3,8,2,0,S. Ersson,E. Merzlikins,8481035,8478007,15,20,18,25,43,1.0,-6.0,-5.0
2024020450,2024-12-10 00:00:00,20242025,LAK,NYI,3,1,4,2,0,D. Kuemper,I. Sorokin,8475311,8478009,19,27,20,29,49,5.8,1.4,7.2
2024020451,2024-12-10 00:00:00,20242025,CGY,NSH,4,3,7,1,0,D. Vladar,J. Saros,8478435,8477424,17,24,20,28,48,1.4,-3.2,-1.8
2024020452,2024-12-10 00:00:00,20242025,BOS,WPG,1,8,9,7,0,J. Swayman,C. Hellebuyck,8480280,8476945,27,23,35,24,59,-10.6,6.6,-4.0
2024020453,2024-12-10 00:00:00,20242025,TBL,EDM,1,2,3,1,0,A. Vasilevskiy,S. Skinner,8476883,8479973,24,21,25,22,47,0.8,6.2,7.0
2024020454,2024-12-10 00:00:00,20242025,MIN,UTA,5,4,9,1,1,F. Gustavsson,K. Vejmelka,8479406,8478872,21,34,25,38,63,0.2,-0.2,0.0
2024020455,2024-12-10 00:00:00,20242025,STL,VAN,4,3,7,1,1,J. Hofer,T. Demko,8480981,8477967,22,21,25,25,50,2.4,-2.8,-0.4
2024020456,2024-12-10 00:00:00,20242025,FLA,SEA,2,1,3,1,1,S. Bobrovsky,J. Daccord,8475683,8478916,17,32,18,33,51,5.4,5.4,10.8
2024020457,2024-12-11 00:00:00,20242025,NYR,BUF,3,2,5,1,0,I. Shesterkin,U. Luukkonen,8478048,8480045,29,25,31,27,58,5.8,1.0,6.8
2024020458,2024-12-11 00:00:00,20242025,ANA,OTT,1,5,6,4,0,J. Gibson,L. Ullmark,8476434,8476999,29,31,34,32,66,-4.2,8.2,4.0
2024020459,2024-12-12 00:00:00,20242025,ANA,TOR,2,3,5,1,0,L. Dostal,A. Stolarz,8480843,8476932,30,7,33,8,41,0.0,-0.6,-0.6
2024020460,2024-12-12 00:00:00,20242025,PIT,MTL,9,2,11,7,0,T. Jarry,S. Montembeault,8477465,8478470,21,20,23,26,49,4.2,-8.0,-3.8
2024020461,2024-12-12 00:00:00,20242025,LAK,NJD,1,3,4,2,0,D. Rittich,J. Markstrom,8479496,8474593,23,13,26,14,40,-1.4,4.6,3.2
2024020462,2024-12-12 00:00:00,20242025,DET,PHI,1,4,5,3,0,C. Talbot,A. Kolosov,8475660,8482783,32,25,34,26,60,2.4,7.0,9.4
2024020463,2024-12-12 00:00:00,20242025,WSH,CBJ,2,1,3,1,1,C. Lindgren,J. Greaves,8479292,8482982,32,35,33,37,70,8.4,4.0,12.4
2024020464,2024-12-12 00:00:00,20242025,CHI,NYI,4,5,9,1,0,A. Soderblom,I. Sorokin,8482821,8478009,14,26,19,30,49,-7.2,1.2,-6.0
2024020465,2024-12-12 00:00:00,20242025,SJS,STL,4,3,7,1,0,A. Georgiev,J. Binnington,8480382,8476412,17,27,20,31,51,1.4,-2.6,-1.2
2024020466,2024-12-12 00:00:00,20242025,NSH,DAL,4,1,5,3,0,J. Annunen,J. Oettinger,8481020,8479979,35,22,36,25,61,9.0,-1.6,7.4
2024020467,2024-12-12 00:00:00,20242025,EDM,MIN,7,1,8,6,0,C. Pickard,F. Gustavsson,8475717,8479406,29,21,30,26,56,7.8,-5.8,2.0
2024020468,2024-12-12 00:00:00,20242025,VGK,WPG,3,2,5,1,1,A. Hill,C. Hellebuyck,8478499,8476945,18,33,20,36,56,3.6,1.6,5.2
2024020469,2024-12-12 00:00:00,20242025,UTA,COL,4,1,5,3,0,K. Vejmelka,S. Wedgewood,8478872,8475809,23,19,24,22,46,6.6,-2.2,4.4
2024020470,2024-12-12 00:00:00,20242025,TBL,CGY,8,3,11,5,0,A. Vasilevskiy,D. Vladar,8476883,8478435,19,18,22,26,48,1.8,-12.4,-10.6
2024020471,2024-12-12 00:00:00,20242025,FLA,VAN,0,4,4,4,0,S. Bobrovsky,K. Lankinen,8475683,8480947,15,27,19,27,46,-5.0,12.4,7.4
2024020472,2024-12-12 00:00:00,20242025,BOS,SEA,1,5,6,4,0,J. Korpisalo,P. Grubauer,8476914,8475831,16,33,20,34,54,-4.8,8.6,3.8
2024020473,2024-12-13 00:00:00,20242025,OTT,CAR,3,0,3,3,0,L. Ullmark,P. Kochetkov,8476999,8481611,32,19,32,21,53,13.4,-0.2,13.2
2024020474,2024-12-14 00:00:00,20242025,CHI,NJD,1,4,5,3,0,D. Commesso,J. Markstrom,8482123,8474593,20,16,24,17,41,-4.0,5.2,1.2
2024020475,2024-12-14 00:00:00,20242025,LAK,NYR,5,1,6,4,0,D. Kuemper,I. Shesterkin,8475311,8478048,31,16,32,21,53,8.2,-6.8,1.4
2024020476,2024-12-14 00:00:00,20242025,PHI,MIN,1,4,5,3,0,S. Ersson,M. Fleury,8481035,8470594,18,21,21,22,43,-2.4,6.2,3.8
2024020477,2024-12-14 00:00:00,20242025,VGK,EDM,3,6,9,3,0,A. Hill,S. Skinner,8478499,8479973,28,39,34,42,76,-6.4,5.8,-0.6
2024020478,2024-12-14 00:00:00,20242025,PIT,OTT,2,3,5,1,1,T. Jarry,L. Ullmark,8477465,8476999,28,25,31,27,58,0.6,5.0,5.6
2024020479,2024-12-14 00:00:00,20242025,TOR,DET,2,4,6,2,0,J. Woll,V. Husso,8479361,8478024,22,23,25,25,50,-1.6,4.6,3.0
2024020480,2024-12-14 00:00:00,20242025,BUF,WSH,2,4,6,2,0,U. Luukkonen,L. Thompson,8480045,8480313,27,19,30,21,51,-0.6,3.8,3.2
2024020481,2024-12-14 00:00:00,20242025,ANA,CBJ,4,3,7,1,1,J. Gibson,J. Greaves,8476434,8482982,39,23,42,27,69,5.8,-2.4,3.4
2024020482,2024-12-14 00:00:00,20242025,MTL,WPG,2,4,6,2,0,S. Montembeault,C. Hellebuyck,8478470,8476945,23,26,26,28,54,-1.4,5.2,3.8
2024020483,2024-12-14 00:00:00,20242025,STL,DAL,1,2,3,1,1,J. Binnington,J. Oettinger,8476412,8479979,35,15,37,16,53,4.0,5.0,9.0
2024020484,2024-12-14 00:00:00,20242025,NSH,COL,2,5,7,3,0,J. Saros,M. Blackwood,8477424,8478406,28,37,31,39,70,-0.4,7.4,7.0
2024020485,2024-12-14 00:00:00,20242025,FLA,CGY,0,3,3,3,0,S. Knight,D. Wolf,8481519,8481692,24,32,27,32,59,-1.2,13.4,12.2
2024020486,2024-12-14 00:00:00,20242025,BOS,VAN,5,1,6,4,0,J. Swayman,T. Demko,8480280,8477967,19,23,20,28,48,5.8,-5.4,0.4
2024020487,2024-12-14 00:00:00,20242025,UTA,SJS,4,3,7,1,0,K. Vejmelka,V. Vanecek,8478872,8477970,19,36,22,40,62,1.8,-0.8,1.0
2024020488,2024-12-14 00:00:00,20242025,TBL,SEA,5,1,6,4,0,J. Johansson,P. Grubauer,8477992,8475831,21,26,22,30,52,6.2,-2.8,3.4
2024020489,2024-12-15 00:00:00,20242025,NYI,CHI,3,5,8,2,0,I. Sorokin,A. Soderblom,8478009,8482821,18,30,22,33,55,-4.4,4.0,-0.4
2024020490,2024-12-15 00:00:00,20242025,BUF,TOR,3,5,8,2,0,D. Levi,D. Hildeby,8482221,8483710,36,24,40,27,67,-0.8,2.8,2.0
2024020491,2024-12-15 00:00:00,20242025,CBJ,CAR,1,4,5,3,0,E. Merzlikins,D. Tokarski,8478007,8474682,24,27,28,28,56,-3.2,7.4,4.2
2024020492,2024-12-15 00:00:00,20242025,NYR,STL,2,3,5,1,0,J. Quick,J. Hofer,8471734,8480981,21,26,24,28,52,-1.8,5.2,3.4
2024020493,2024-12-15 00:00:00,20242025,VGK,MIN,3,2,5,1,0,I. Samsonov,J. Wallstedt,8478492,8482661,20,24,22,27,49,4.0,-1.2,2.8
2024020494,2024-12-16 00:00:00,20242025,WSH,DAL,1,3,4,2,0,C. Lindgren,J. Oettinger,8479292,8479979,21,25,24,26,50,-1.8,7.0,5.2
2024020495,2024-12-16 00:00:00,20242025,FLA,EDM,6,5,11,1,0,S. Bobrovsky,S. Skinner,8475683,8479973,25,22,30,28,58,-1.0,-7.6,-8.6
2024020496,2024-12-16 00:00:00,20242025,COL,VAN,1,3,4,2,0,M. Blackwood,T. Demko,8478406,8477967,22,30,24,31,55,0.4,8.0,8.4
2024020497,2024-12-17 00:00:00,20242025,BUF,MTL,1,6,7,5,0,U. Luukkonen,S. Montembeault,8480045,8478470,15,20,21,21,42,-9.0,6.0,-3.0
2024020498,2024-12-17 00:00:00,20242025,CBJ,TBL,3,5,8,2,0,J. Greaves,A. Vasilevskiy,8482982,8476883,28,29,32,32,64,-2.4,3.8,1.4
2024020499,2024-12-17 00:00:00,20242025,LAK,PIT,2,3,5,1,1,D. Kuemper,A. Nedeljkovic,8475311,8477968,28,29,31,31,62,0.6,5.8,6.4
2024020500,2024-12-17 00:00:00,20242025,NYI,CAR,0,4,4,4,0,I. Sorokin,P. Kochetkov,8478009,8481611,19,32,23,32,55,-4.2,13.4,9.2
2024020501,2024-12-17 00:00:00,20242025,NJD,STL,4,1,5,3,0,J. Markstrom,J. Binnington,8474593,8476412,19,24,20,27,47,5.8,-1.2,4.6
2024020502,2024-12-17 00:00:00,20242025,NYR,NSH,0,2,2,2,0,I. Shesterkin,J. Saros,8478048,8477424,30,25,32,25,57,2.0,12.0,14.0
2024020503,2024-12-17 00:00:00,20242025,WSH,CHI,2,3,5,1,0,L. Thompson,A. Soderblom,8480313,8482821,20,20,23,22,45,-2.0,4.0,2.0
2024020504,2024-12-17 00:00:00,20242025,BOS,CGY,4,3,7,1,1,J. Swayman,D. Wolf,8480280,8481692,20,31,23,35,58,2.0,-0.8,1.2
2024020505,2024-12-17 00:00:00,20242025,OTT,SEA,3,0,3,3,0,L. Ullmark,J. Daccord,8476999,8478916,30,24,30,27,57,13.0,-1.2,11.8
2024020506,2024-12-17 00:00:00,20242025,WPG,SJS,4,3,7,1,0,C. Hellebuyck,A. Georgiev,8476945,8480382,32,29,35,33,68,4.4,-2.2,2.2
2024020507,2024-12-18 00:00:00,20242025,PHI,DET,4,6,10,2,0,S. Ersson,A. Lyon,8481035,8479312,18,15,23,19,42,-6.4,-1.0,-7.4
2024020508,2024-12-18 00:00:00,20242025,TOR,DAL,5,3,8,2,0,J. Woll,J. Oettinger,8479361,8479979,36,8,39,12,51,5.2,-6.4,-1.2
2024020509,2024-12-18 00:00:00,20242025,FLA,MIN,6,1,7,5,0,S. Bobrovsky,M. Fleury,8475683,8470594,26,27,27,33,60,7.2,-6.6,0.6
2024020510,2024-12-18 00:00:00,20242025,VAN,UTA,2,3,5,1,1,T. Demko,K. Vejmelka,8477967,8478872,28,24,31,26,57,0.6,4.8,5.4
2024020511,2024-12-18 00:00:00,20242025,WPG,ANA,2,3,5,1,0,E. Comrie,L. Dostal,8477480,8480843,28,21,31,23,54,-0.4,4.2,3.8
2024020512,2024-12-19 00:00:00,20242025,STL,TBL,1,3,4,2,0,J. Binnington,A. Vasilevskiy,8476412,8476883,8,31,11,32,43,-4.4,8.2,3.8
2024020513,2024-12-19 00:00:00,20242025,LAK,PHI,7,3,10,4,0,D. Kuemper,A. Kolosov,8475311,8482783,23,20,26,26,52,2.6,-8.0,-5.4
2024020514,2024-12-19 00:00:00,20242025,NJD,CBJ,2,4,6,2,0,J. Allen,E. Merzlikins,8474596,8478007,16,40,19,42,61,-2.8,8.0,5.2
2024020515,2024-12-19 00:00:00,20242025,PIT,NSH,5,4,9,1,1,T. Jarry,J. Saros,8477465,8477424,22,15,26,20,46,0.4,-6.0,-5.6
2024020516,2024-12-19 00:00:00,20242025,SEA,CHI,1,3,4,2,0,J. Daccord,A. Soderblom,8478916,8482821,21,26,24,27,51,-1.8,7.2,5.4
2024020517,2024-12-19 00:00:00,20242025,OTT,CGY,3,2,5,1,1,L. Ullmark,D. Vladar,8476999,8478435,30,26,32,29,61,6.0,0.2,6.2
2024020518,2024-12-19 00:00:00,20242025,BOS,EDM,2,3,5,1,1,J. Swayman,S. Skinner,8480280,8479973,23,24,26,26,52,-0.4,4.8,4.4
2024020519,2024-12-19 00:00:00,20242025,VAN,VGK,1,3,4,2,0,K. Lankinen,A. Hill,8480947,8478499,18,19,20,20,40,-0.4,5.8,5.4
2024020520,2024-12-19 00:00:00,20242025,COL,SJS,4,2,6,2,0,M. Blackwood,A. Georgiev,8478406,8480382,32,27,34,31,65,6.4,-2.6,3.8
2024020521,2024-12-20 00:00:00,20242025,TOR,BUF,6,3,9,3,0,M. Murray,U. Luukkonen,8476899,8480045,24,9,27,13,40,2.8,-6.2,-3.4
2024020522,2024-12-20 00:00:00,20242025,MTL,DET,4,3,7,1,0,S. Montembeault,C. Talbot,8478470,8475660,25,29,28,33,61,3.0,-2.2,0.8
2024020523,2024-12-20 00:00:00,20242025,STL,FLA,1,2,3,1,1,J. Hofer,S. Bobrovsky,8480981,8475683,25,26,27,27,54,2.0,7.2,9.2
2024020524,2024-12-20 00:00:00,20242025,CAR,WSH,1,3,4,2,0,P. Kochetkov,C. Lindgren,8481611,8479292,19,24,22,25,47,-2.2,6.8,4.6
2024020525,2024-12-20 00:00:00,20242025,NYR,DAL,3,1,4,2,0,I. Shesterkin,J. Oettinger,8478048,8479979,41,27,42,29,71,10.2,1.4,11.6
2024020526,2024-12-20 00:00:00,20242025,UTA,MIN,2,1,3,1,0,K. Vejmelka,M. Fleury,8478872,8470594,28,16,29,18,47,7.6,-0.8,6.8
2024020527,2024-12-20 00:00:00,20242025,COL,ANA,4,2,6,2,0,S. Wedgewood,J. Gibson,8475809,8476434,30,19,32,22,54,6.0,-2.2,3.8
2024020528,2024-12-21 00:00:00,20242025,LAK,NSH,2,3,5,1,1,D. Kuemper,J. Annunen,8475311,8481020,23,22,26,24,50,-0.4,4.4,4.0
2024020529,2024-12-21 00:00:00,20242025,CHI,CGY,4,6,10,2,0,P. Mrazek,D. Wolf,8475852,8481692,24,24,29,28,57,-5.2,0.8,-4.4
2024020530,2024-12-21 00:00:00,20242025,SJS,EDM,2,3,5,1,1,Y. Askarov,C. Pickard,8482137,8475717,39,20,42,22,64,2.8,4.0,6.8
2024020531,2024-12-21 00:00:00,20242025,BUF,BOS,1,3,4,2,0,J. Reimer,J. Korpisalo,8473503,8476914,16,19,18,20,38,-0.8,5.8,5.0
2024020532,2024-12-21 00:00:00,20242025,NYI,TOR,6,3,9,3,0,I. Sorokin,J. Woll,8478009,8479361,26,28,29,33,62,3.2,-4.4,-1.2
2024020533,2024-12-21 00:00:00,20242025,DET,MTL,1,5,6,4,0,A. Lyon,S. Montembeault,8479312,8478470,19,20,24,21,45,-6.2,6.0,-0.2
2024020534,2024-12-21 00:00:00,20242025,PIT,NJD,0,3,3,3,0,T. Jarry,J. Markstrom,8477465,8474593,24,12,26,12,38,0.8,9.4,10.2
2024020535,2024-12-21 00:00:00,20242025,CBJ,PHI,4,5,9,1,1,E. Merzlikins,S. Ersson,8478007,8481035,25,21,30,25,55,-4.0,0.2,-3.8
2024020536,2024-12-21 00:00:00,20242025,MIN,WPG,0,5,5,5,0,J. Wallstedt,C. Hellebuyck,8482661,8476945,19,19,24,19,43,-6.2,10.8,4.6
2024020537,2024-12-21 00:00:00,20242025,OTT,VAN,5,4,9,1,1,L. Meriläinen,K. Lankinen,8482447,8480947,21,17,25,22,47,0.2,-5.6,-5.4
2024020538,2024-12-21 00:00:00,20242025,SEA,VGK,2,6,8,4,0,P. Grubauer,I. Samsonov,8475831,8478492,28,21,33,23,56,-4.4,4.2,-0.2
2024020539,2024-12-22 00:00:00,20242025,CAR,NYR,3,1,4,2,0,P. Kochetkov,I. Shesterkin,8481611,8478048,22,30,23,32,55,6.4,2.0,8.4
2024020540,2024-12-22 00:00:00,20242025,FLA,TBL,4,2,6,2,0,S. Knight,A. Vasilevskiy,8481519,8476883,19,22,21,25,46,3.8,-1.6,2.2
2024020541,2024-12-22 00:00:00,20242025,LAK,WSH,1,3,4,2,0,D. Rittich,L. Thompson,8479496,8480313,18,25,20,26,46,-0.4,7.0,6.6
2024020542,2024-12-22 00:00:00,20242025,ANA,UTA,5,4,9,1,1,L. Dostal,J. Stauber,8480843,8483530,21,26,25,30,55,0.2,-1.8,-1.6
2024020543,2024-12-22 00:00:00,20242025,SEA,COL,2,5,7,3,0,J. Daccord,M. Blackwood,8478916,8478406,24,17,27,19,46,-1.2,3.4,2.2
2024020544,2024-12-22 00:00:00,20242025,OTT,EDM,1,3,4,2,0,L. Ullmark,S. Skinner,8476999,8479973,6,20,7,21,28,-0.8,6.0,5.2
2024020545,2024-12-23 00:00:00,20242025,NYR,NJD,0,5,5,5,0,J. Quick,J. Markstrom,8471734,8474593,25,12,30,12,42,-5.0,9.4,4.4
2024020546,2024-12-23 00:00:00,20242025,WPG,TOR,5,2,7,3,0,C. Hellebuyck,J. Woll,8476945,8479361,23,22,25,26,51,4.6,-3.6,1.0
2024020547,2024-12-23 00:00:00,20242025,WSH,BOS,1,4,5,3,0,C. Lindgren,J. Swayman,8479292,8480280,18,10,21,11,32,-2.4,4.0,1.6
2024020548,2024-12-23 00:00:00,20242025,STL,DET,4,0,4,4,0,J. Binnington,C. Talbot,8476412,8475660,19,17,19,20,39,10.8,-2.6,8.2
2024020549,2024-12-23 00:00:00,20242025,TBL,FLA,4,0,4,4,0,J. Johansson,S. Bobrovsky,8477992,8475683,36,25,36,28,64,14.2,-1.0,13.2
2024020550,2024-12-23 00:00:00,20242025,PHI,PIT,3,7,10,4,0,S. Ersson,T. Jarry,8481035,8477465,9,24,14,27,41,-8.2,2.8,-5.4
2024020551,2024-12-23 00:00:00,20242025,MTL,CBJ,4,5,9,1,0,S. Montembeault,J. Greaves,8478470,8482982,27,27,32,31,63,-4.6,1.4,-3.2
2024020552,2024-12-23 00:00:00,20242025,BUF,NYI,7,1,8,6,0,U. Luukkonen,I. Sorokin,8480045,8478009,27,18,28,24,52,7.4,-8.4,-1.0
2024020553,2024-12-23 00:00:00,20242025,CAR,NSH,2,5,7,3,0,D. Tokarski,J. Saros,8474682,8477424,20,25,24,27,51,-4.0,5.0,1.0
2024020554,2024-12-23 00:00:00,20242025,CHI,MIN,3,4,7,1,0,A. Soderblom,F. Gustavsson,8482821,8479406,23,28,26,31,57,-1.4,3.6,2.2
2024020555,2024-12-23 00:00:00,20242025,SJS,VAN,3,4,7,1,0,Y. Askarov,T. Demko,8482137,8477967,20,26,24,29,53,-4.0,3.2,-0.8
2024020556,2024-12-23 00:00:00,20242025,DAL,UTA,3,2,5,1,0,C. DeSmith,K. Vejmelka,8479193,8478872,24,26,26,29,55,4.8,-0.8,4.0
2024020557,2024-12-23 00:00:00,20242025,ANA,VGK,1,3,4,2,0,J. Gibson,A. Hill,8476434,8478499,11,31,11,32,43,5.2,8.2,13.4
2024020558,2024-12-27 00:00:00,20242025,CHI,BUF,2,6,8,4,0,P. Mrazek,U. Luukkonen,8475852,8480045,7,15,11,17,28,-6.6,3.0,-3.6
2024020559,2024-12-27 00:00:00,20242025,TOR,DET,5,2,7,3,0,J. Woll,C. Talbot,8479361,8475660,23,16,25,21,46,4.6,-6.8,-2.2
2024020560,2024-12-27 00:00:00,20242025,CAR,NJD,2,4,6,2,0,P. Kochetkov,J. Markstrom,8481611,8474593,19,29,23,31,54,-4.2,5.8,1.6
2024020561,2024-12-27 00:00:00,20242025,BOS,CBJ,2,6,8,4,0,J. Korpisalo,E. Merzlikins,8476914,8478007,27,24,33,26,59,-6.6,4.8,-1.8
2024020562,2024-12-27 00:00:00,20242025,NSH,STL,4,7,11,3,0,J. Saros,J. Hofer,8477424,8480981,11,26,16,30,46,-7.8,1.2,-6.6
2024020563,2024-12-27 00:00:00,20242025,MIN,DAL,3,2,5,1,1,F. Gustavsson,J. Oettinger,8479406,8479979,27,15,29,18,47,5.4,-2.0,3.4
2024020564,2024-12-27 00:00:00,20242025,COL,UTA,4,1,5,3,0,M. Blackwood,K. Vejmelka,8478406,8478872,34,33,35,35,70,8.8,2.6,11.4
2024020565,2024-12-27 00:00:00,20242025,VGK,SJS,6,3,9,3,0,A. Hill,A. Georgiev,8478499,8480382,22,30,25,35,60,2.4,-4.0,-1.6
2024020566,2024-12-28 00:00:00,20242025,MTL,FLA,4,0,4,4,0,J. Dobes,S. Knight,8482487,8481519,34,21,34,25,59,13.8,-3.8,10.0
2024020567,2024-12-28 00:00:00,20242025,SEA,VAN,5,4,9,1,1,P. Grubauer,T. Demko,8475831,8477967,18,24,22,29,51,-0.4,-4.2,-4.6
2024020568,2024-12-28 00:00:00,20242025,PHI,ANA,3,1,4,2,0,S. Ersson,L. Dostal,8481035,8480843,32,22,33,24,57,8.4,0.4,8.8
2024020569,2024-12-28 00:00:00,20242025,EDM,LAK,3,4,7,1,1,S. Skinner,D. Kuemper,8479973,8475311,25,24,29,27,56,-2.0,2.8,0.8
2024020570,2024-12-28 00:00:00,20242025,CBJ,BOS,0,4,4,4,0,D. Tarasov,J. Swayman,8480193,8480280,24,18,28,18,46,-3.2,10.6,7.4
2024020571,2024-12-28 00:00:00,20242025,WSH,TOR,5,2,7,3,0,L. Thompson,M. Murray,8480313,8476899,35,27,37,31,68,7.0,-2.6,4.4
2024020572,2024-12-28 00:00:00,20242025,NYR,TBL,2,6,8,4,0,I. Shesterkin,A. Vasilevskiy,8478048,8476883,8,42,13,44,57,-8.4,8.4,0.0
2024020573,2024-12-28 00:00:00,20242025,NJD,CAR,2,5,7,3,0,J. Allen,D. Tokarski,8474596,8474682,36,21,40,23,63,-0.8,4.2,3.4
2024020574,2024-12-28 00:00:00,20242025,OTT,WPG,2,4,6,2,0,M. Sogaard,C. Hellebuyck,8481544,8476945,19,33,23,35,58,-4.2,6.6,2.4
2024020575,2024-12-28 00:00:00,20242025,PIT,NYI,3,6,9,3,0,T. Jarry,I. Sorokin,8477465,8478009,29,22,33,25,58,-4.2,2.4,-1.8
2024020576,2024-12-28 00:00:00,20242025,CGY,SJS,3,1,4,2,0,D. Wolf,Y. Askarov,8481692,8482137,21,30,22,32,54,6.2,2.0,8.2
2024020577,2024-12-29 00:00:00,20242025,DAL,CHI,5,1,6,4,0,J. Oettinger,A. Soderblom,8479979,8482821,24,30,25,35,60,6.8,-4.0,2.8
2024020578,2024-12-29 00:00:00,20242025,EDM,ANA,3,5,8,2,0,C. Pickard,L. Dostal,8475717,8480843,27,20,31,23,54,-2.6,2.0,-0.6
2024020579,2024-12-29 00:00:00,20242025,WSH,DET,2,4,6,2,0,C. Lindgren,A. Lyon,8479292,8479312,23,25,27,27,54,-3.4,5.0,1.6
2024020580,2024-12-29 00:00:00,20242025,MTL,TBL,5,2,7,3,0,S. Montembeault,J. Johansson,8478470,8477992,21,32,23,36,59,4.2,-1.6,2.6
2024020581,2024-12-29 00:00:00,20242025,NYI,PIT,2,3,5,1,0,M. Hogberg,A. Nedeljkovic,8477405,8477968,38,29,41,31,72,1.6,5.8,7.4
2024020582,2024-12-29 00:00:00,20242025,BUF,STL,4,2,6,2,0,U. Luukkonen,J. Binnington,8480045,8476412,35,12,37,16,53,7.0,-5.6,1.4
2024020583,2024-12-29 00:00:00,20242025,OTT,MIN,3,1,4,2,0,L. Meriläinen,F. Gustavsson,8482447,8479406,30,34,31,36,67,8.0,2.8,10.8
2024020584,2024-12-29 00:00:00,20242025,CGY,VGK,0,3,3,3,0,D. Vladar,I. Samsonov,8478435,8478492,34,31,36,31,67,2.8,13.2,16.0
2024020585,2024-12-29 00:00:00,20242025,PHI,LAK,4,5,9,1,0,A. Kolosov,D. Rittich,8482783,8479496,15,17,20,21,41,-7.0,-0.6,-7.6
2024020586,2024-12-30 00:00:00,20242025,NYR,FLA,3,5,8,2,0,I. Shesterkin,S. Bobrovsky,8478048,8475683,21,32,25,35,60,-3.8,4.4,0.6
2024020587,2024-12-30 00:00:00,20242025,NSH,WPG,0,3,3,3,0,J. Saros,C. Hellebuyck,8477424,8476945,25,22,28,22,50,-1.0,11.4,10.4
2024020588,2024-12-30 00:00:00,20242025,UTA,SEA,2,5,7,3,0,K. Vejmelka,P. Grubauer,8478872,8475831,28,28,32,30,62,-2.4,5.6,3.2
2024020589,2024-12-31 00:00:00,20242025,BOS,WSH,1,3,4,2,0,J. Swayman,L. Thompson,8480280,8480313,24,26,26,27,53,0.8,7.2,8.0
2024020590,2024-12-31 00:00:00,20242025,NYI,TOR,1,3,4,2,0,I. Sorokin,J. Woll,8478009,8479361,22,30,24,31,55,0.4,8.0,8.4
2024020591,2024-12-31 00:00:00,20242025,MTL,VGK,3,2,5,1,0,S. Montembeault,A. Hill,8478470,8478499,27,19,29,22,51,5.4,-2.2,3.2
2024020592,2024-12-31 00:00:00,20242025,STL,CHI,6,2,8,4,0,J. Binnington,P. Mrazek,8476412,8475852,28,22,30,28,58,5.6,-7.6,-2.0
2024020593,2024-12-31 00:00:00,20242025,PIT,DET,2,4,6,2,0,A. Nedeljkovic,A. Lyon,8477968,8479312,21,23,24,25,49,-1.8,4.6,2.8
2024020594,2024-12-31 00:00:00,20242025,CAR,CBJ,3,4,7,1,1,P. Kochetkov,E. Merzlikins,8481611,8478007,25,32,28,35,63,0.0,4.4,4.4
2024020595,2024-12-31 00:00:00,20242025,BUF,DAL,2,4,6,2,0,U. Luukkonen,C. DeSmith,8480045,8479193,29,21,32,23,55,-0.2,4.2,4.0
2024020596,2024-12-31 00:00:00,20242025,NSH,MIN,3,5,8,2,0,J. Annunen,F. Gustavsson,8481020,8479406,33,43,38,46,84,-3.4,6.6,3.2
2024020597,2024-12-31 00:00:00,20242025,WPG,COL,2,5,7,3,0,E. Comrie,M. Blackwood,8477480,8478406,33,20,36,22,58,0.6,4.0,4.6
2024020598,2024-12-31 00:00:00,20242025,NJD,ANA,2,3,5,1,0,J. Markstrom,L. Dostal,8474593,8480843,23,32,26,34,60,-1.4,6.4,5.0
2024020599,2024-12-31 00:00:00,20242025,PHI,SJS,4,0,4,4,0,S. Ersson,A. Georgiev,8481035,8480382,15,30,15,34,49,10.0,-2.0,8.0
2024020600,2024-12-31 00:00:00,20242025,VAN,CGY,1,3,4,2,0,K. Lankinen,D. Wolf,8480947,8481692,26,23,28,24,52,1.2,6.6,7.8
2024020601,2024-12-31 00:00:00,20242025,UTA,EDM,1,4,5,3,0,J. Stauber,S. Skinner,8483530,8479973,34,26,37,27,64,0.8,7.2,8.0
2024020602,2025-01-01 00:00:00,20242025,NJD,LAK,0,3,3,3,0,J. Allen,D. Kuemper,8474596,8475311,21,33,23,33,56,0.2,13.6,13.8
2024020603,2025-01-02 00:00:00,20242025,CAR,FLA,3,1,4,2,0,P. Kochetkov,S. Bobrovsky,8481611,8475683,25,37,26,39,65,7.0,3.4,10.4
2024020604,2025-01-02 00:00:00,20242025,BOS,NYR,1,2,3,1,0,J. Swayman,J. Quick,8480280,8471734,25,32,27,33,60,1.0,8.4,9.4
2024020605,2025-01-02 00:00:00,20242025,MIN,WSH,4,3,7,1,1,M. Fleury,C. Lindgren,8470594,8479292,28,30,31,33,64,3.6,1.0,4.6
2024020606,2025-01-02 00:00:00,20242025,DET,CBJ,5,4,9,1,0,C. Talbot,E. Merzlikins,8475660,8478007,21,21,25,26,51,0.2,-5.8,-5.6
2024020607,2025-01-02 00:00:00,20242025,TOR,NYI,2,1,3,1,0,J. Woll,I. Sorokin,8479361,8478009,32,29,33,31,64,8.4,1.8,10.2
2024020608,2025-01-02 00:00:00,20242025,OTT,DAL,2,4,6,2,0,L. Meriläinen,J. Oettinger,8482447,8479979,21,11,25,13,38,-3.8,2.2,-1.6
2024020609,2025-01-02 00:00:00,20242025,ANA,WPG,4,3,7,1,1,J. Gibson,C. Hellebuyck,8476434,8476945,27,20,30,24,54,3.4,-3.0,0.4
2024020610,2025-01-02 00:00:00,20242025,BUF,COL,5,6,11,1,1,U. Luukkonen,S. Wedgewood,8480045,8475809,23,14,29,18,47,-6.4,-5.2,-11.6
2024020611,2025-01-02 00:00:00,20242025,UTA,CGY,5,3,8,2,0,K. Vejmelka,D. Vladar,8478872,8478435,23,21,26,25,51,2.6,-3.8,-1.2
2024020612,2025-01-02 00:00:00,20242025,PHI,VGK,2,5,7,3,0,A. Kolosov,I. Samsonov,8482783,8478492,22,23,26,25,51,-3.6,4.6,1.0
2024020613,2025-01-02 00:00:00,20242025,VAN,SEA,4,3,7,1,1,T. Demko,P. Grubauer,8477967,8475831,11,19,12,22,34,0.2,-1.2,-1.0
2024020614,2025-01-02 00:00:00,20242025,TBL,SJS,1,2,3,1,0,A. Vasilevskiy,Y. Askarov,8476883,8482137,23,24,25,25,50,0.6,6.8,7.4
2024020615,2025-01-03 00:00:00,20242025,PIT,FLA,2,3,5,1,1,T. Jarry,S. Knight,8477465,8481519,31,29,33,31,64,3.2,5.8,9.0
2024020616,2025-01-03 00:00:00,20242025,MTL,CHI,2,4,6,2,0,S. Montembeault,A. Soderblom,8478470,8482821,22,38,26,40,66,-3.6,7.6,4.0
2024020617,2025-01-03 00:00:00,20242025,OTT,STL,0,4,4,4,0,A. Forsberg,J. Binnington,8476341,8476412,21,20,25,20,45,-3.8,11.0,7.2
2024020618,2025-01-03 00:00:00,20242025,ANA,EDM,2,3,5,1,0,L. Dostal,S. Skinner,8480843,8479973,23,27,26,29,55,-1.4,5.4,4.0
2024020619,2025-01-03 00:00:00,20242025,NSH,VAN,3,0,3,3,0,J. Saros,K. Lankinen,8477424,8480947,27,16,27,17,44,12.4,1.2,13.6
2024020620,2025-01-04 00:00:00,20242025,NYR,WSH,4,7,11,3,0,J. Quick,L. Thompson,8471734,8480313,21,29,27,33,60,-7.8,1.8,-6.0
2024020621,2025-01-04 00:00:00,20242025,DET,WPG,4,2,6,2,0,A. Lyon,C. Hellebuyck,8479312,8476945,21,25,23,28,51,4.2,-1.0,3.2
2024020622,2025-01-04 00:00:00,20242025,NJD,SJS,2,3,5,1,0,J. Markstrom,Y. Askarov,8474593,8482137,21,28,24,30,54,-1.8,5.6,3.8
2024020623,2025-01-04 00:00:00,20242025,BOS,TOR,4,6,10,2,0,J. Swayman,J. Woll,8480280,8479361,23,27,27,31,58,-3.4,1.4,-2.0
2024020624,2025-01-04 00:00:00,20242025,MIN,CAR,4,0,4,4,0,F. Gustavsson,P. Kochetkov,8479406,8481611,21,23,21,26,47,11.2,-1.4,9.8
2024020625,2025-01-04 00:00:00,20242025,STL,CBJ,4,6,10,2,0,J. Hofer,E. Merzlikins,8480981,8478007,33,29,38,33,71,-3.4,1.8,-1.6
2024020626,2025-01-04 00:00:00,20242025,MTL,COL,2,1,3,1,1,J. Dobes,M. Blackwood,8482487,8478406,22,22,23,23,46,6.4,3.4,9.8
2024020627,2025-01-04 00:00:00,20242025,NSH,CGY,4,1,5,3,0,J. Annunen,D. Wolf,8481020,8481692,31,24,32,27,59,8.2,-1.2,7.0
2024020628,2025-01-04 00:00:00,20242025,UTA,DAL,2,3,5,1,1,K. Vejmelka,J. Oettinger,8478872,8479979,26,33,29,35,64,0.2,6.6,6.8
2024020629,2025-01-04 00:00:00,20242025,TBL,LAK,1,2,3,1,0,A. Vasilevskiy,D. Kuemper,8476883,8475311,19,33,21,34,55,-0.2,8.6,8.4
2024020630,2025-01-04 00:00:00,20242025,BUF,VGK,1,3,4,2,0,J. Reimer,A. Hill,8473503,8478499,30,23,33,24,57,0.0,6.6,6.6
2024020631,2025-01-04 00:00:00,20242025,EDM,SEA,4,2,6,2,0,C. Pickard,P. Grubauer,8475717,8475831,16,28,18,31,49,3.2,-0.4,2.8
2024020632,2025-01-05 00:00:00,20242025,NYR,CHI,6,2,8,4,0,L. Domingue,A. Soderblom,8475839,8482821,25,28,27,34,61,5.0,-6.4,-1.4
2024020633,2025-01-05 00:00:00,20242025,NYI,BOS,5,4,9,1,1,I. Sorokin,J. Korpisalo,8478009,8476914,26,32,30,37,67,1.2,-2.6,-1.4
2024020634,2025-01-05 00:00:00,20242025,PIT,CAR,3,4,7,1,1,A. Nedeljkovic,D. Tokarski,8477968,8474682,27,16,31,19,50,-1.6,1.2,-0.4
2024020635,2025-01-05 00:00:00,20242025,PHI,TOR,2,3,5,1,1,I. Fedotov,D. Hildeby,8478905,8483710,22,30,25,32,57,-0.6,6.0,5.4
2024020636,2025-01-05 00:00:00,20242025,TBL,ANA,1,4,5,3,0,J. Johansson,J. Gibson,8477992,8476434,22,36,25,37,62,-1.6,9.2,7.6
2024020637,2025-01-06 00:00:00,20242025,WSH,BUF,3,4,7,1,1,C. Lindgren,U. Luukkonen,8479292,8480045,24,25,27,28,55,-0.2,3.0,2.8
2024020638,2025-01-06 00:00:00,20242025,VAN,MTL,4,5,9,1,1,K. Lankinen,S. Montembeault,8480947,8478470,19,16,24,20,44,-5.2,-0.8,-6.0
2024020639,2025-01-06 00:00:00,20242025,FLA,COL,1,3,4,2,0,S. Bobrovsky,M. Blackwood,8475683,8478406,31,26,33,27,60,2.2,7.2,9.4
2024020640,2025-01-06 00:00:00,20242025,NJD,SEA,3,2,5,1,0,J. Markstrom,P. Grubauer,8474593,8475831,22,26,24,29,53,4.4,-0.8,3.6
2024020029,2025-01-07 00:00:00,20242025,CAR,TBL,2,3,5,1,0,P. Kochetkov,A. Vasilevskiy,8481611,8476883,30,29,33,31,64,0.0,5.8,5.8
2024020641,2025-01-07 00:00:00,20242025,EDM,BOS,4,0,4,4,0,S. Skinner,J. Swayman,8479973,8480280,26,35,26,38,64,12.2,1.0,13.2
2024020642,2025-01-07 00:00:00,20242025,OTT,DET,2,3,5,1,1,A. Forsberg,A. Lyon,8476341,8479312,30,10,33,10,43,1.0,5.0,6.0
2024020643,2025-01-07 00:00:00,20242025,DAL,NYR,5,4,9,1,1,J. Oettinger,J. Quick,8479979,8471734,22,34,26,39,65,0.4,-2.2,-1.8
2024020644,2025-01-07 00:00:00,20242025,TOR,PHI,3,2,5,1,0,J. Woll,I. Fedotov,8479361,8478905,30,14,32,17,49,6.0,-3.2,2.8
2024020645,2025-01-07 00:00:00,20242025,CBJ,PIT,4,3,7,1,1,E. Merzlikins,T. Jarry,8478007,8477465,20,26,23,29,52,2.0,0.2,2.2
2024020646,2025-01-07 00:00:00,20242025,STL,MIN,4,6,10,2,0,J. Binnington,F. Gustavsson,8476412,8479406,20,14,25,18,43,-6.0,-5.2,-11.2
2024020647,2025-01-07 00:00:00,20242025,NSH,WPG,2,5,7,3,0,J. Saros,C. Hellebuyck,8477424,8476945,26,26,29,28,57,-2.8,5.2,2.4
2024020648,2025-01-07 00:00:00,20242025,CGY,ANA,3,2,5,1,1,D. Wolf,J. Gibson,8481692,8476434,26,30,28,33,61,5.2,1.0,6.2
2024020649,2025-01-07 00:00:00,20242025,VGK,SJS,4,2,6,2,0,I. Samsonov,A. Georgiev,8478492,8480382,19,38,21,41,62,3.8,1.6,5.4
2024020650,2025-01-08 00:00:00,20242025,VAN,WSH,1,2,3,1,1,K. Lankinen,L. Thompson,8480947,8480313,16,30,18,31,49,0.2,8.0,8.2
2024020651,2025-01-08 00:00:00,20242025,COL,CHI,1,3,4,2,0,T. Miner,P. Mrazek,8481529,8475852,17,35,20,36,56,-2.6,9.0,6.4
2024020652,2025-01-08 00:00:00,20242025,FLA,UTA,4,1,5,3,0,S. Bobrovsky,K. Vejmelka,8475683,8478872,25,29,26,31,57,7.0,1.8,8.8
2024020654,2025-01-09 00:00:00,20242025,BUF,OTT,4,0,4,4,0,U. Luukkonen,A. Forsberg,8480045,8476341,35,17,35,21,56,14.0,-4.6,9.4
2024020655,2025-01-09 00:00:00,20242025,BOS,TBL,1,4,5,3,0,J. Swayman,A. Vasilevskiy,8480280,8476883,27,27,30,28,58,-0.6,7.4,6.8
2024020656,2025-01-09 00:00:00,20242025,NJD,NYR,2,3,5,1,1,J. Markstrom,I. Shesterkin,8474593,8478048,29,21,32,23,55,0.8,4.2,5.0
2024020657,2025-01-09 00:00:00,20242025,DAL,PHI,4,1,5,3,0,C. DeSmith,S. Ersson,8479193,8481035,27,19,28,22,50,7.4,-2.2,5.2
2024020658,2025-01-09 00:00:00,20242025,EDM,PIT,3,5,8,2,0,S. Skinner,A. Nedeljkovic,8479973,8477968,21,40,26,43,69,-5.8,6.0,0.2
2024020659,2025-01-09 00:00:00,20242025,TOR,CAR,3,6,9,3,0,J. Woll,P. Kochetkov,8479361,8481611,28,30,33,33,66,-4.4,4.0,-0.4
2024020660,2025-01-09 00:00:00,20242025,SEA,CBJ,2,6,8,4,0,P. Grubauer,E. Merzlikins,8475831,8478007,14,29,19,31,50,-7.2,5.8,-1.4
2024020661,2025-01-09 00:00:00,20242025,ANA,STL,2,6,8,4,0,L. Dostal,J. Hofer,8480843,8480981,16,21,22,23,45,-8.8,4.2,-4.6
2024020662,2025-01-09 00:00:00,20242025,COL,MIN,6,1,7,5,0,M. Blackwood,F. Gustavsson,8478406,8479406,24,21,25,27,52,6.8,-7.8,-1.0
2024020663,2025-01-09 00:00:00,20242025,NYI,VGK,4,0,4,4,0,I. Sorokin,A. Hill,8478009,8478499,30,17,30,20,50,13.0,-2.6,10.4
2024020664,2025-01-10 00:00:00,20242025,CHI,DET,3,5,8,2,0,P. Mrazek,C. Talbot,8475852,8475660,23,12,27,15,42,-3.4,0.4,-3.0
2024020665,2025-01-10 00:00:00,20242025,MTL,WSH,3,2,5,1,1,J. Dobes,C. Lindgren,8482487,8479292,15,9,17,9,26,3.0,4.8,7.8
2024020666,2025-01-10 00:00:00,20242025,VAN,CAR,0,2,2,2,0,T. Demko,D. Tokarski,8477967,8474682,18,14,20,14,34,-0.4,9.8,9.4
2024020667,2025-01-10 00:00:00,20242025,LAK,WPG,2,1,3,1,1,D. Kuemper,E. Comrie,8475311,8477480,18,21,19,23,42,5.6,1.2,6.8
2024020668,2025-01-10 00:00:00,20242025,SJS,UTA,1,2,3,1,0,A. Georgiev,K. Vejmelka,8480382,8478872,24,18,26,19,45,0.8,5.6,6.4
2024020669,2025-01-11 00:00:00,20242025,BOS,FLA,4,3,7,1,1,J. Swayman,S. Bobrovsky,8480280,8475683,40,14,43,18,61,6.0,-4.2,1.8
2024020670,2025-01-11 00:00:00,20242025,SEA,BUF,6,2,8,4,0,J. Daccord,U. Luukkonen,8478916,8480045,33,23,35,28,63,6.6,-5.4,1.2
2024020671,2025-01-11 00:00:00,20242025,OTT,PIT,5,0,5,5,0,L. Meriläinen,A. Nedeljkovic,8482447,8477968,29,12,29,17,46,12.8,-7.6,5.2
2024020672,2025-01-11 00:00:00,20242025,VAN,TOR,3,0,3,3,0,K. Lankinen,D. Hildeby,8480947,8483710,20,16,20,18,38,11.0,-2.8,8.2
2024020673,2025-01-11 00:00:00,20242025,DAL,MTL,2,1,3,1,1,J. Oettinger,S. Montembeault,8479979,8478470,30,35,31,36,67,8.0,6.0,14.0
2024020674,2025-01-11 00:00:00,20242025,TBL,NJD,2,3,5,1,1,A. Vasilevskiy,J. Markstrom,8476883,8474593,23,23,26,25,51,-0.4,4.6,4.2
2024020675,2025-01-11 00:00:00,20242025,ANA,PHI,0,6,6,6,0,J. Gibson,S. Ersson,8476434,8481035,24,22,30,22,52,-7.2,11.4,4.2
2024020676,2025-01-11 00:00:00,20242025,EDM,CHI,4,3,7,1,0,C. Pickard,A. Soderblom,8475717,8482821,19,30,22,34,56,1.8,-2.0,-0.2
2024020677,2025-01-11 00:00:00,20242025,CBJ,STL,2,1,3,1,0,J. Greaves,J. Binnington,8482982,8476412,31,28,32,30,62,8.2,1.6,9.8
2024020678,2025-01-11 00:00:00,20242025,COL,WPG,0,3,3,3,0,M. Blackwood,C. Hellebuyck,8478406,8476945,26,22,28,22,50,1.2,11.4,12.6
2024020679,2025-01-11 00:00:00,20242025,WSH,NSH,4,1,5,3,0,L. Thompson,J. Saros,8480313,8477424,32,12,33,15,48,8.4,-3.6,4.8
2024020680,2025-01-11 00:00:00,20242025,NYI,UTA,2,1,3,1,0,M. Hogberg,C. Ingram,8477405,8478971,21,30,22,32,54,6.2,2.0,8.2
2024020681,2025-01-11 00:00:00,20242025,LAK,CGY,1,2,3,1,0,D. Rittich,D. Wolf,8479496,8481692,16,31,18,32,50,-0.8,8.2,7.4
2024020682,2025-01-11 00:00:00,20242025,NYR,VGK,2,1,3,1,0,I. Shesterkin,I. Samsonov,8478048,8478492,29,24,30,26,56,7.8,0.8,8.6
2024020683,2025-01-11 00:00:00,20242025,MIN,SJS,3,1,4,2,0,M. Fleury,Y. Askarov,8470594,8482137,36,19,37,22,59,9.2,-2.2,7.0
2024020684,2025-01-12 00:00:00,20242025,SEA,DET,2,6,8,4,0,P. Grubauer,C. Talbot,8475831,8475660,1,31,4,33,37,-5.8,6.2,0.4
2024020685,2025-01-12 00:00:00,20242025,DAL,OTT,2,3,5,1,0,C. DeSmith,L. Meriläinen,8479193,8482447,24,24,27,26,53,-1.2,4.8,3.6
2024020686,2025-01-12 00:00:00,20242025,TBL,PIT,5,2,7,3,0,J. Johansson,T. Jarry,8477992,8477465,31,14,33,17,50,6.2,-3.2,3.0
2024020687,2025-01-12 00:00:00,20242025,ANA,CAR,3,2,5,1,1,L. Dostal,P. Kochetkov,8480843,8481611,35,17,37,20,57,7.0,-1.6,5.4
2024020688,2025-01-12 00:00:00,20242025,MIN,VGK,1,4,5,3,0,F. Gustavsson,A. Hill,8479406,8478499,33,15,37,16,53,-1.4,5.0,3.6
2024020689,2025-01-13 00:00:00,20242025,FLA,PHI,3,4,7,1,0,S. Bobrovsky,S. Ersson,8475683,8481035,25,20,29,23,52,-3.0,2.0,-1.0
2024020690,2025-01-13 00:00:00,20242025,CGY,CHI,5,2,7,3,0,D. Wolf,P. Mrazek,8481692,8475852,23,31,25,36,61,4.6,-3.8,0.8
2024020691,2025-01-13 00:00:00,20242025,LAK,EDM,0,1,1,1,0,D. Kuemper,S. Skinner,8475311,8479973,29,30,30,30,60,3.8,13.0,16.8
2024020692,2025-01-14 00:00:00,20242025,TBL,BOS,2,6,8,4,0,A. Vasilevskiy,J. Swayman,8476883,8480280,18,43,22,45,67,-4.4,8.6,4.2
2024020693,2025-01-14 00:00:00,20242025,DAL,TOR,4,1,5,3,0,J. Oettinger,J. Woll,8479979,8479361,27,19,28,23,51,7.4,-4.2,3.2
2024020694,2025-01-14 00:00:00,20242025,SJS,DET,6,3,9,3,0,A. Georgiev,V. Husso,8480382,8478024,25,18,28,23,51,3.0,-6.4,-3.4
2024020695,2025-01-14 00:00:00,20242025,FLA,NJD,2,1,3,1,1,S. Knight,J. Markstrom,8481519,8474593,26,27,27,28,55,7.2,4.4,11.6
2024020696,2025-01-14 00:00:00,20242025,SEA,PIT,4,2,6,2,0,J. Daccord,T. Jarry,8478916,8477465,31,14,33,17,50,6.2,-3.2,3.0
2024020697,2025-01-14 00:00:00,20242025,ANA,WSH,0,3,3,3,0,J. Gibson,L. Thompson,8476434,8480313,22,19,25,19,44,-1.6,10.8,9.2
2024020698,2025-01-14 00:00:00,20242025,PHI,CBJ,2,3,5,1,1,I. Fedotov,D. Tarasov,8478905,8480193,26,23,28,25,53,2.2,4.6,6.8
2024020699,2025-01-14 00:00:00,20242025,OTT,NYI,2,0,2,2,0,L. Meriläinen,M. Hogberg,8482447,8477405,24,25,24,26,50,11.8,3.0,14.8
2024020700,2025-01-14 00:00:00,20242025,CGY,STL,1,2,3,1,0,D. Vladar,J. Binnington,8478435,8476412,23,27,25,28,53,0.6,7.4,8.0
2024020701,2025-01-14 00:00:00,20242025,VGK,NSH,3,5,8,2,0,I. Samsonov,J. Annunen,8478492,8481020,18,19,22,22,44,-4.4,1.8,-2.6
2024020702,2025-01-14 00:00:00,20242025,VAN,WPG,1,6,7,5,0,K. Lankinen,C. Hellebuyck,8480947,8476945,27,23,33,24,57,-6.6,6.6,0.0
2024020703,2025-01-14 00:00:00,20242025,NYR,COL,2,3,5,1,1,I. Shesterkin,M. Blackwood,8478048,8478406,23,27,26,29,55,-0.4,5.4,5.0
2024020704,2025-01-14 00:00:00,20242025,MTL,UTA,5,3,8,2,0,S. Montembeault,K. Vejmelka,8478470,8478872,22,22,25,27,52,2.4,-5.6,-3.2
2024020705,2025-01-15 00:00:00,20242025,CAR,BUF,2,4,6,2,0,D. Tokarski,U. Luukkonen,8474682,8480045,21,35,24,37,61,-1.8,7.0,5.2
2024020706,2025-01-15 00:00:00,20242025,EDM,MIN,5,3,8,2,0,C. Pickard,F. Gustavsson,8475717,8479406,31,31,34,36,70,4.2,-3.8,0.4
2024020707,2025-01-16 00:00:00,20242025,NJD,TOR,3,4,7,1,1,J. Markstrom,J. Woll,8474593,8479361,37,21,41,24,65,0.4,2.2,2.6
2024020708,2025-01-16 00:00:00,20242025,WSH,OTT,1,0,1,1,1,L. Thompson,L. Meriläinen,8480313,8482447,24,25,24,26,50,11.8,4.0,15.8
2024020709,2025-01-16 00:00:00,20242025,ANA,TBL,3,4,7,1,1,L. Dostal,A. Vasilevskiy,8480843,8476883,32,34,35,37,72,1.4,4.8,6.2
2024020710,2025-01-16 00:00:00,20242025,DET,FLA,5,2,7,3,0,C. Talbot,S. Bobrovsky,8475660,8475683,41,11,43,15,58,8.2,-5.8,2.4
2024020711,2025-01-16 00:00:00,20242025,SJS,CBJ,1,4,5,3,0,A. Georgiev,E. Merzlikins,8480382,8478007,30,18,33,19,52,0.0,5.6,5.6
2024020712,2025-01-16 00:00:00,20242025,PHI,NYI,5,3,8,2,0,S. Ersson,I. Sorokin,8481035,8478009,26,19,29,23,52,3.2,-4.2,-1.0
2024020713,2025-01-16 00:00:00,20242025,CGY,STL,1,4,5,3,0,D. Wolf,J. Hofer,8481692,8480981,25,28,29,29,58,-3.0,7.6,4.6
2024020714,2025-01-16 00:00:00,20242025,CHI,NSH,2,3,5,1,1,A. Soderblom,J. Saros,8482821,8477424,39,24,41,26,67,4.8,4.8,9.6
2024020715,2025-01-16 00:00:00,20242025,MTL,DAL,3,1,4,2,0,J. Dobes,J. Oettinger,8482487,8479979,32,21,33,23,56,8.4,0.2,8.6
2024020716,2025-01-16 00:00:00,20242025,SEA,WPG,1,2,3,1,0,J. Daccord,C. Hellebuyck,8478916,8476945,34,17,36,18,54,2.8,5.4,8.2
2024020717,2025-01-16 00:00:00,20242025,NYR,UTA,5,3,8,2,0,I. Shesterkin,K. Vejmelka,8478048,8478872,28,20,31,24,55,3.6,-4.0,-0.4
2024020718,2025-01-16 00:00:00,20242025,EDM,COL,4,3,7,1,0,S. Skinner,M. Blackwood,8479973,8478406,22,24,25,28,53,2.4,-3.2,-0.8
2024020719,2025-01-16 00:00:00,20242025,LAK,VAN,5,1,6,4,0,D. Kuemper,T. Demko,8475311,8477967,20,16,21,21,42,6.0,-6.8,-0.8
2024020720,2025-01-17 00:00:00,20242025,PIT,BUF,5,2,7,3,0,A. Nedeljkovic,U. Luukkonen,8477968,8480045,40,14,42,18,60,8.0,-5.2,2.8
2024020721,2025-01-17 00:00:00,20242025,VGK,CAR,2,3,5,1,0,A. Hill,P. Kochetkov,8478499,8481611,25,29,28,31,59,-1.0,5.8,4.8
2024020722,2025-01-18 00:00:00,20242025,PHI,NJD,3,1,4,2,0,S. Ersson,J. Allen,8481035,8474596,12,15,13,17,30,4.4,-1.0,3.4
2024020723,2025-01-18 00:00:00,20242025,BOS,OTT,5,6,11,1,1,J. Swayman,L. Meriläinen,8480280,8482447,39,23,44,28,72,-1.2,-1.4,-2.6
2024020724,2025-01-18 00:00:00,20242025,DAL,COL,3,6,9,3,0,C. DeSmith,S. Wedgewood,8479193,8475809,30,26,36,29,65,-6.0,3.2,-2.8
2024020725,2025-01-18 00:00:00,20242025,ANA,FLA,0,3,3,3,0,J. Gibson,S. Knight,8476434,8481519,42,34,44,34,78,4.4,13.8,18.2
2024020726,2025-01-18 00:00:00,20242025,TOR,MTL,7,3,10,4,0,J. Woll,S. Montembeault,8479361,8478470,32,27,35,33,68,4.4,-6.6,-2.2
2024020727,2025-01-18 00:00:00,20242025,DET,TBL,1,5,6,4,0,C. Talbot,A. Vasilevskiy,8475660,8476883,11,38,16,39,55,-7.8,9.6,1.8
2024020728,2025-01-18 00:00:00,20242025,CBJ,NYR,0,1,1,1,1,D. Tarasov,I. Shesterkin,8480193,8478048,26,27,26,27,53,9.2,12.4,21.6
2024020729,2025-01-18 00:00:00,20242025,PIT,WSH,1,4,5,3,0,J. Blomqvist,L. Thompson,8482446,8480313,28,18,31,19,50,-0.4,5.6,5.2
2024020730,2025-01-18 00:00:00,20242025,CGY,WPG,3,1,4,2,0,D. Wolf,E. Comrie,8481692,8477480,38,19,39,21,60,9.6,-0.2,9.4
2024020731,2025-01-18 00:00:00,20242025,SJS,NYI,1,4,5,3,0,A. Georgiev,M. Hogberg,8480382,8477405,27,18,31,19,50,-2.6,5.6,3.0
2024020732,2025-01-18 00:00:00,20242025,VGK,CHI,3,5,8,2,0,I. Samsonov,P. Mrazek,8478492,8475852,18,32,23,35,58,-6.4,4.4,-2.0
2024020733,2025-01-18 00:00:00,20242025,MIN,NSH,2,6,8,4,0,M. Fleury,J. Saros,8470594,8477424,32,27,37,29,66,-3.6,5.4,1.8
2024020734,2025-01-18 00:00:00,20242025,STL,UTA,2,4,6,2,0,J. Binnington,C. Ingram,8476412,8478971,29,22,33,24,57,-2.2,4.4,2.2
2024020735,2025-01-18 00:00:00,20242025,EDM,VAN,2,3,5,1,0,S. Skinner,T. Demko,8479973,8477967,24,13,27,15,42,-1.2,2.6,1.4
2024020736,2025-01-18 00:00:00,20242025,LAK,SEA,2,4,6,2,0,D. Kuemper,J. Daccord,8475311,8478916,18,28,21,30,51,-2.4,5.6,3.2
2024020737,2025-01-19 00:00:00,20242025,OTT,NJD,2,1,3,1,0,A. Forsberg,J. Markstrom,8476341,8474593,25,18,26,20,46,7.0,-0.4,6.6
2024020738,2025-01-19 00:00:00,20242025,NYR,MTL,4,5,9,1,1,J. Quick,J. Dobes,8471734,8482487,32,24,37,28,65,-2.6,0.8,-1.8
2024020739,2025-01-19 00:00:00,20242025,DET,DAL,1,4,5,3,0,A. Lyon,J. Oettinger,8479312,8479979,21,33,25,34,59,-3.8,8.6,4.8
2024020740,2025-01-20 00:00:00,20242025,SJS,BOS,3,6,9,3,0,Y. Askarov,J. Korpisalo,8482137,8476914,27,25,31,28,59,-2.6,3.0,0.4
2024020741,2025-01-20 00:00:00,20242025,MIN,COL,3,1,4,2,0,M. Fleury,M. Blackwood,8470594,8478406,26,23,27,26,53,7.2,-1.4,5.8
2024020742,2025-01-20 00:00:00,20242025,BUF,SEA,4,6,10,2,0,D. Levi,J. Daccord,8482221,8478916,28,25,33,29,62,-4.4,1.0,-3.4
2024020743,2025-01-20 00:00:00,20242025,STL,VGK,5,4,9,1,1,J. Binnington,A. Hill,8476412,8478499,28,24,32,28,60,1.6,-2.2,-0.6
2024020744,2025-01-20 00:00:00,20242025,TBL,TOR,3,5,8,2,0,J. Johansson,J. Woll,8477992,8479361,23,27,27,30,57,-3.4,3.4,0.0
2024020745,2025-01-20 00:00:00,20242025,CBJ,NYI,1,3,4,2,0,E. Merzlikins,I. Sorokin,8478007,8478009,22,25,25,26,51,-1.6,7.0,5.4
2024020746,2025-01-20 00:00:00,20242025,CAR,CHI,4,3,7,1,1,F. Andersen,P. Mrazek,8475883,8475852,22,44,25,48,73,2.4,1.8,4.2
2024020747,2025-01-20 00:00:00,20242025,WPG,UTA,2,5,7,3,0,C. Hellebuyck,C. Ingram,8476945,8478971,23,23,27,25,52,-3.4,4.6,1.2
2024020748,2025-01-20 00:00:00,20242025,PIT,LAK,5,1,6,4,0,A. Nedeljkovic,D. Rittich,8477968,8479496,25,28,26,32,58,7.0,-4.4,2.6
2024020749,2025-01-21 00:00:00,20242025,TBL,MTL,2,3,5,1,0,A. Vasilevskiy,S. Montembeault,8476883,8478470,19,33,22,35,57,-2.2,6.6,4.4
2024020750,2025-01-21 00:00:00,20242025,OTT,NYR,0,5,5,5,0,L. Meriläinen,I. Shesterkin,8482447,8478048,14,20,16,20,36,-1.2,11.0,9.8
2024020751,2025-01-21 00:00:00,20242025,DET,PHI,1,2,3,1,1,A. Lyon,S. Ersson,8479312,8481035,24,27,26,28,54,1.8,7.4,9.2
2024020752,2025-01-21 00:00:00,20242025,SJS,NSH,5,7,12,2,0,A. Georgiev,J. Saros,8480382,8477424,34,4,40,8,48,-5.2,-7.2,-12.4
2024020753,2025-01-21 00:00:00,20242025,CAR,DAL,2,1,3,1,0,P. Kochetkov,J. Oettinger,8481611,8479979,22,17,23,19,42,6.4,-0.6,5.8
2024020754,2025-01-21 00:00:00,20242025,WSH,EDM,3,2,5,1,0,L. Thompson,S. Skinner,8480313,8479973,30,11,32,14,46,6.0,-3.8,2.2
2024020755,2025-01-21 00:00:00,20242025,BUF,VAN,3,2,5,1,0,U. Luukkonen,T. Demko,8480045,8477967,32,23,34,26,60,6.4,-1.4,5.0
2024020756,2025-01-21 00:00:00,20242025,FLA,ANA,5,2,7,3,0,S. Bobrovsky,L. Dostal,8475683,8480843,28,24,30,29,59,5.6,-5.2,0.4
2024020757,2025-01-22 00:00:00,20242025,CBJ,TOR,5,1,6,4,0,E. Merzlikins,D. Hildeby,8478007,8483710,28,14,29,18,47,7.6,-5.2,2.4
2024020758,2025-01-22 00:00:00,20242025,BOS,NJD,1,5,6,4,0,J. Swayman,J. Markstrom,8480280,8474593,24,6,28,7,35,-3.2,-0.8,-4.0
2024020759,2025-01-22 00:00:00,20242025,WPG,COL,3,2,5,1,1,C. Hellebuyck,M. Blackwood,8476945,8478406,25,22,27,25,52,5.0,-0.6,4.4
2024020760,2025-01-22 00:00:00,20242025,FLA,LAK,1,2,3,1,0,S. Knight,D. Kuemper,8481519,8475311,26,27,28,28,56,1.2,7.4,8.6
2024020761,2025-01-23 00:00:00,20242025,OTT,BOS,0,2,2,2,0,A. Forsberg,J. Korpisalo,8476341,8476914,24,29,25,29,54,2.8,12.8,15.6
2024020762,2025-01-23 00:00:00,20242025,MTL,DET,2,4,6,2,0,S. Montembeault,C. Talbot,8478470,8475660,41,27,45,29,74,0.2,5.4,5.6
2024020763,2025-01-23 00:00:00,20242025,PHI,NYR,1,6,7,5,0,S. Ersson,I. Shesterkin,8481035,8478048,31,33,36,34,70,-3.8,8.6,4.8
2024020764,2025-01-23 00:00:00,20242025,CBJ,CAR,4,7,11,3,0,D. Tarasov,F. Andersen,8480193,8475883,36,18,42,22,64,-4.8,-0.4,-5.2
2024020765,2025-01-23 00:00:00,20242025,VGK,STL,4,2,6,2,0,I. Samsonov,J. Hofer,8478492,8480981,15,27,17,30,47,3.0,-0.6,2.4
2024020766,2025-01-23 00:00:00,20242025,UTA,MIN,4,0,4,4,0,K. Vejmelka,F. Gustavsson,8478872,8479406,26,25,26,29,55,12.2,-3.0,9.2
2024020767,2025-01-23 00:00:00,20242025,BUF,CGY,2,5,7,3,0,U. Luukkonen,D. Wolf,8480045,8481692,21,32,24,34,58,-1.8,6.4,4.6
2024020768,2025-01-23 00:00:00,20242025,VAN,EDM,2,6,8,4,0,T. Demko,C. Pickard,8477967,8475717,28,24,34,26,60,-6.4,4.8,-1.6
2024020769,2025-01-23 00:00:00,20242025,PIT,ANA,1,5,6,4,0,A. Nedeljkovic,J. Gibson,8477968,8476434,29,31,33,32,65,-2.2,8.2,6.0
2024020770,2025-01-23 00:00:00,20242025,WSH,SEA,3,0,3,3,0,C. Lindgren,J. Daccord,8479292,8478916,22,30,22,31,53,11.4,2.0,13.4
2024020771,2025-01-23 00:00:00,20242025,NSH,SJS,6,5,11,1,0,J. Annunen,Y. Askarov,8481020,8482137,30,32,35,38,73,0.0,-5.6,-5.6
2024020772,2025-01-24 00:00:00,20242025,PHI,NYI,1,3,4,2,0,I. Fedotov,I. Sorokin,8478905,8478009,24,29,27,30,57,-1.2,7.8,6.6
2024020773,2025-01-24 00:00:00,20242025,TBL,CHI,4,3,7,1,1,J. Johansson,A. Soderblom,8477992,8482821,11,36,14,40,54,0.2,0.2,0.4
2024020774,2025-01-24 00:00:00,20242025,VGK,DAL,3,4,7,1,0,A. Hill,J. Oettinger,8478499,8479979,23,18,27,21,48,-3.4,1.6,-1.8
2024020775,2025-01-24 00:00:00,20242025,UTA,WPG,2,5,7,3,0,C. Ingram,C. Hellebuyck,8478971,8476945,24,17,28,19,47,-3.2,3.4,0.2
2024020776,2025-01-25 00:00:00,20242025,COL,BOS,1,3,4,2,0,S. Wedgewood,J. Swayman,8475809,8480280,12,27,14,28,42,-1.6,7.4,5.8
2024020777,2025-01-25 00:00:00,20242025,BUF,EDM,2,3,5,1,0,J. Reimer,S. Skinner,8473503,8479973,31,39,34,41,75,0.2,7.8,8.0
2024020778,2025-01-25 00:00:00,20242025,PIT,SEA,1,4,5,3,0,J. Blomqvist,J. Daccord,8482446,8478916,21,28,25,29,54,-3.8,7.6,3.8
2024020779,2025-01-25 00:00:00,20242025,NJD,MTL,4,3,7,1,1,J. Allen,J. Dobes,8474596,8482487,29,40,32,44,76,3.8,1.0,4.8
2024020780,2025-01-25 00:00:00,20242025,TOR,OTT,1,2,3,1,0,J. Woll,A. Forsberg,8479361,8476341,21,28,23,29,52,0.2,7.6,7.8
2024020781,2025-01-25 00:00:00,20242025,TBL,DET,0,2,2,2,0,A. Vasilevskiy,C. Talbot,8476883,8475660,30,28,31,28,59,4.0,12.6,16.6
2024020782,2025-01-25 00:00:00,20242025,LAK,CBJ,2,3,5,1,1,D. Kuemper,E. Merzlikins,8475311,8478007,21,31,24,33,57,-0.8,6.2,5.4
2024020783,2025-01-25 00:00:00,20242025,DAL,STL,2,0,2,2,0,C. DeSmith,J. Binnington,8479193,8476412,33,17,33,19,52,13.6,-0.6,13.0
2024020784,2025-01-25 00:00:00,20242025,CGY,MIN,5,4,9,1,0,D. Wolf,M. Fleury,8481692,8470594,21,24,25,29,54,0.2,-5.2,-5.0
2024020785,2025-01-25 00:00:00,20242025,CAR,NYI,2,3,5,1,1,P. Kochetkov,M. Hogberg,8481611,8477405,24,24,27,26,53,-0.2,0.8,0.6
2024020786,2025-01-25 00:00:00,20242025,WSH,VAN,1,2,3,1,0,C. Lindgren,K. Lankinen,8479292,8480947,23,32,25,33,58,0.6,8.4,9.0
2024020787,2025-01-25 00:00:00,20242025,NSH,ANA,2,5,7,3,0,J. Saros,J. Gibson,8477424,8476434,30,9,35,10,45,-4.0,-0.2,-4.2
2024020788,2025-01-25 00:00:00,20242025,FLA,SJS,7,2,9,5,0,S. Bobrovsky,A. Georgiev,8475683,8480382,21,11,23,15,38,4.2,-5.8,-1.6
2024020789,2025-01-26 00:00:00,20242025,COL,NYR,5,4,9,1,0,M. Blackwood,I. Shesterkin,8478406,8478048,33,17,37,22,59,2.6,-6.6,-4.0
2024020790,2025-01-26 00:00:00,20242025,UTA,OTT,1,3,4,2,0,K. Vejmelka,L. Meriläinen,8478872,8482447,24,34,27,35,62,-1.2,8.8,7.6
2024020791,2025-01-26 00:00:00,20242025,CGY,WPG,2,5,7,3,0,D. Vladar,E. Comrie,8478435,8477480,22,20,27,22,49,-5.6,4.0,-1.6
2024020792,2025-01-26 00:00:00,20242025,MIN,CHI,4,2,6,2,0,F. Gustavsson,P. Mrazek,8479406,8475852,18,24,20,27,47,3.6,-1.2,2.4
2024020793,2025-01-26 00:00:00,20242025,FLA,VGK,1,4,5,3,0,S. Knight,A. Hill,8481519,8478499,22,33,25,34,59,-1.6,8.6,7.0
2024020794,2025-01-27 00:00:00,20242025,LAK,DET,2,5,7,3,0,D. Kuemper,C. Talbot,8475311,8475660,23,24,27,25,52,-3.4,4.8,1.4
2024020795,2025-01-27 00:00:00,20242025,NJD,PHI,2,4,6,2,0,J. Allen,S. Ersson,8474596,8481035,22,31,25,33,58,-1.6,6.2,4.6
2024020796,2025-01-27 00:00:00,20242025,VAN,STL,5,2,7,3,0,K. Lankinen,J. Binnington,8480947,8476412,24,15,26,18,44,4.8,-3.0,1.8
2024020797,2025-01-27 00:00:00,20242025,SEA,EDM,2,4,6,2,0,J. Daccord,C. Pickard,8478916,8475717,27,26,30,28,58,-0.6,5.2,4.6
2024020798,2025-01-27 00:00:00,20242025,PIT,SJS,1,2,3,1,0,A. Nedeljkovic,Y. Askarov,8477968,8482137,26,29,28,30,58,1.2,7.8,9.0
2024020799,2025-01-28 00:00:00,20242025,BOS,BUF,2,7,9,5,0,J. Swayman,U. Luukkonen,8480280,8480045,26,25,32,27,59,-6.8,5.0,-1.8
2024020800,2025-01-28 00:00:00,20242025,WPG,MTL,4,1,5,3,0,C. Hellebuyck,S. Montembeault,8476945,8478470,24,20,25,23,48,6.8,-2.0,4.8
2024020801,2025-01-28 00:00:00,20242025,CHI,TBL,4,1,5,3,0,A. Soderblom,J. Johansson,8482821,8477992,34,17,35,20,55,8.8,-2.6,6.2
2024020802,2025-01-28 00:00:00,20242025,CAR,NYR,4,0,4,4,0,F. Andersen,I. Shesterkin,8475883,8478048,22,22,22,26,48,11.4,-3.6,7.8
2024020803,2025-01-28 00:00:00,20242025,COL,NYI,2,5,7,3,0,M. Blackwood,I. Sorokin,8478406,8478009,23,30,27,32,59,-3.4,6.0,2.6
2024020804,2025-01-28 00:00:00,20242025,WSH,CGY,3,1,4,2,0,L. Thompson,D. Wolf,8480313,8481692,32,20,33,23,56,8.4,-2.0,6.4
2024020805,2025-01-28 00:00:00,20242025,DAL,VGK,4,3,7,1,1,J. Oettinger,A. Hill,8479979,8478499,25,24,28,28,56,3.0,-2.2,0.8
2024020806,2025-01-28 00:00:00,20242025,ANA,SEA,6,4,10,2,0,L. Dostal,P. Grubauer,8480843,8475831,26,17,30,22,52,1.2,-6.6,-5.4
2024020807,2025-01-29 00:00:00,20242025,MIN,TOR,3,1,4,2,0,F. Gustavsson,J. Woll,8479406,8479361,32,22,33,24,57,8.4,0.4,8.8
2024020808,2025-01-29 00:00:00,20242025,LAK,FLA,0,3,3,3,0,D. Kuemper,S. Bobrovsky,8475311,8475683,36,29,38,29,67,3.2,12.8,16.0
2024020809,2025-01-29 00:00:00,20242025,PHI,NJD,0,5,5,5,0,S. Ersson,J. Allen,8481035,8474596,12,24,16,24,40,-5.6,11.8,6.2
2024020810,2025-01-29 00:00:00,20242025,VAN,NSH,3,1,4,2,0,T. Demko,J. Saros,8477967,8477424,31,19,32,21,53,8.2,-0.2,8.0
2024020811,2025-01-29 00:00:00,20242025,PIT,UTA,3,2,5,1,1,A. Nedeljkovic,C. Ingram,8477968,8478971,27,26,29,29,58,5.4,0.2,5.6
2024020812,2025-01-30 00:00:00,20242025,WPG,BOS,6,2,8,4,0,C. Hellebuyck,J. Korpisalo,8476945,8476914,26,22,28,27,55,5.2,-5.6,-0.4
2024020813,2025-01-30 00:00:00,20242025,MIN,MTL,4,0,4,4,0,M. Fleury,J. Dobes,8470594,8482487,19,23,19,26,45,10.8,-1.4,9.4
2024020814,2025-01-30 00:00:00,20242025,WSH,OTT,4,5,9,1,1,C. Lindgren,A. Forsberg,8479292,8476341,29,31,34,35,69,-3.2,2.2,-1.0
2024020815,2025-01-30 00:00:00,20242025,LAK,TBL,0,3,3,3,0,D. Rittich,A. Vasilevskiy,8479496,8476883,30,28,32,28,60,2.0,12.6,14.6
2024020816,2025-01-30 00:00:00,20242025,NYI,PHI,3,0,3,3,0,I. Sorokin,I. Fedotov,8478009,8478905,23,25,23,28,51,11.6,-1.0,10.6
2024020817,2025-01-30 00:00:00,20242025,CHI,CAR,2,3,5,1,0,A. Soderblom,P. Kochetkov,8482821,8481611,24,18,27,20,47,-1.2,3.6,2.4
2024020818,2025-01-30 00:00:00,20242025,ANA,CGY,1,4,5,3,0,J. Gibson,D. Wolf,8476434,8481692,26,30,29,31,60,-0.8,8.0,7.2
2024020819,2025-01-30 00:00:00,20242025,DET,EDM,3,2,5,1,1,A. Lyon,S. Skinner,8479312,8479973,45,33,47,35,82,9.0,3.6,12.6
2024020820,2025-01-30 00:00:00,20242025,CBJ,VGK,2,1,3,1,1,E. Merzlikins,I. Samsonov,8478007,8478492,25,22,26,24,50,7.0,1.4,8.4
2024020821,2025-01-30 00:00:00,20242025,SJS,SEA,2,6,8,4,0,Y. Askarov,J. Daccord,8482137,8478916,7,26,11,28,39,-6.6,5.2,-1.4
2024020822,2025-01-31 00:00:00,20242025,NSH,BUF,3,4,7,1,0,J. Annunen,U. Luukkonen,8481020,8480045,23,28,27,31,58,-3.4,3.6,0.2
2024020823,2025-01-31 00:00:00,20242025,VAN,DAL,3,5,8,2,0,T. Demko,J. Oettinger,8477967,8479979,11,26,14,29,43,-3.8,3.2,-0.6
2024020824,2025-01-31 00:00:00,20242025,STL,COL,0,5,5,5,0,J. Hofer,M. Blackwood,8480981,8478406,31,19,36,19,55,-3.8,10.8,7.0
2024020825,2025-01-31 00:00:00,20242025,CBJ,UTA,3,2,5,1,1,D. Tarasov,K. Vejmelka,8480193,8478872,32,20,34,23,57,6.4,-1.0,5.4
2024020826,2025-02-01 00:00:00,20242025,CHI,FLA,1,5,6,4,0,P. Mrazek,S. Bobrovsky,8475852,8475683,39,24,44,25,69,-2.2,6.8,4.6
2024020827,2025-02-01 00:00:00,20242025,NYR,BOS,3,6,9,3,0,I. Shesterkin,J. Swayman,8478048,8480280,19,22,24,25,49,-6.2,2.4,-3.8
2024020828,2025-02-01 00:00:00,20242025,MIN,OTT,0,6,6,6,0,F. Gustavsson,L. Meriläinen,8479406,8482447,46,16,52,16,68,-2.8,10.2,7.4
2024020829,2025-02-01 00:00:00,20242025,NYI,TBL,3,2,5,1,1,I. Sorokin,A. Vasilevskiy,8478009,8476883,29,33,31,36,67,5.8,1.6,7.4
2024020830,2025-02-01 00:00:00,20242025,NSH,PIT,0,3,3,3,0,J. Saros,A. Nedeljkovic,8477424,8477968,33,25,35,25,60,2.6,12.0,14.6
2024020831,2025-02-01 00:00:00,20242025,WPG,WSH,5,4,9,1,1,C. Hellebuyck,L. Thompson,8476945,8480313,25,25,29,30,59,1.0,-4.0,-3.0
2024020832,2025-02-01 00:00:00,20242025,LAK,CAR,4,2,6,2,0,D. Kuemper,F. Andersen,8475311,8475883,26,22,28,26,54,5.2,-3.6,1.6
2024020833,2025-02-01 00:00:00,20242025,TOR,EDM,4,3,7,1,0,J. Woll,S. Skinner,8479361,8479973,45,24,48,28,76,7.0,-3.2,3.8
2024020834,2025-02-01 00:00:00,20242025,DET,CGY,3,1,4,2,0,C. Talbot,D. Wolf,8475660,8481692,33,22,34,24,58,8.6,0.4,9.0
2024020835,2025-02-02 00:00:00,20242025,NJD,BUF,3,4,7,1,0,J. Allen,U. Luukkonen,8474596,8480045,23,21,27,24,51,-3.4,2.2,-1.2
2024020836,2025-02-02 00:00:00,20242025,PHI,COL,0,2,2,2,0,S. Ersson,M. Blackwood,8481035,8478406,30,24,32,24,56,2.0,11.8,13.8
2024020837,2025-02-02 00:00:00,20242025,MTL,ANA,2,3,5,1,0,S. Montembeault,L. Dostal,8478470,8480843,19,21,22,23,45,-2.2,4.2,2.0
2024020838,2025-02-02 00:00:00,20242025,NYI,FLA,3,6,9,3,0,J. Skarek,S. Knight,8480819,8481519,27,31,32,34,66,-4.6,4.2,-0.4
2024020839,2025-02-02 00:00:00,20242025,VGK,NYR,2,4,6,2,0,A. Hill,J. Quick,8478499,8471734,24,34,28,36,64,-3.2,6.8,3.6
2024020840,2025-02-02 00:00:00,20242025,CBJ,DAL,3,5,8,2,0,E. Merzlikins,C. DeSmith,8478007,8479193,34,27,39,30,69,-3.2,3.4,0.2
2024020841,2025-02-02 00:00:00,20242025,STL,UTA,2,1,3,1,0,J. Binnington,C. Ingram,8476412,8478971,24,27,25,29,54,6.8,1.4,8.2
2024020842,2025-02-02 00:00:00,20242025,DET,VAN,3,2,5,1,1,A. Lyon,K. Lankinen,8479312,8480947,25,15,27,18,45,5.0,-2.0,3.0
2024020843,2025-02-02 00:00:00,20242025,CGY,SEA,3,2,5,1,0,D. Vladar,J. Daccord,8478435,8478916,29,32,31,35,66,5.8,0.4,6.2
2024020844,2025-02-03 00:00:00,20242025,OTT,NSH,5,2,7,3,0,A. Forsberg,J. Saros,8476341,8477424,25,34,27,38,65,5.0,-1.2,3.8
2024020845,2025-02-04 00:00:00,20242025,MIN,BOS,0,3,3,3,0,M. Fleury,J. Swayman,8470594,8480280,32,36,34,36,70,2.4,14.2,16.6
2024020846,2025-02-04 00:00:00,20242025,CBJ,BUF,2,3,5,1,0,E. Merzlikins,J. Reimer,8478007,8473503,18,27,21,29,50,-2.4,5.4,3.0
2024020847,2025-02-04 00:00:00,20242025,OTT,TBL,3,4,7,1,0,L. Ullmark,A. Vasilevskiy,8476999,8476883,34,25,37,28,65,0.8,3.0,3.8
2024020848,2025-02-04 00:00:00,20242025,NJD,PIT,3,2,5,1,1,N. Daws,A. Nedeljkovic,8482076,8477968,25,19,27,21,48,5.0,0.8,5.8
2024020849,2025-02-04 00:00:00,20242025,FLA,WSH,3,6,9,3,0,S. Bobrovsky,L. Thompson,8475683,8480313,20,30,24,33,57,-4.0,4.0,0.0
2024020850,2025-02-04 00:00:00,20242025,VGK,NYI,1,2,3,1,0,I. Samsonov,I. Sorokin,8478492,8478009,12,33,14,34,48,-1.6,8.6,7.0
2024020851,2025-02-04 00:00:00,20242025,EDM,STL,3,2,5,1,1,S. Skinner,J. Binnington,8479973,8476412,20,36,22,39,61,4.0,2.2,6.2
2024020852,2025-02-04 00:00:00,20242025,CAR,WPG,0,3,3,3,0,P. Kochetkov,E. Comrie,8481611,8477480,27,29,30,29,59,-0.6,12.8,12.2
2024020853,2025-02-04 00:00:00,20242025,TOR,CGY,6,3,9,3,0,J. Woll,D. Wolf,8479361,8481692,23,24,26,29,55,2.6,-5.2,-2.6
2024020854,2025-02-04 00:00:00,20242025,PHI,UTA,2,3,5,1,1,S. Ersson,K. Vejmelka,8481035,8478872,39,18,42,20,62,2.8,3.6,6.4
2024020855,2025-02-04 00:00:00,20242025,COL,VAN,0,3,3,3,0,M. Blackwood,T. Demko,8478406,8477967,28,25,30,25,55,1.6,12.0,13.6
2024020856,2025-02-04 00:00:00,20242025,DAL,ANA,1,2,3,1,0,J. Oettinger,J. Gibson,8479979,8476434,26,26,28,27,55,1.2,7.2,8.4
2024020857,2025-02-04 00:00:00,20242025,DET,SEA,5,4,9,1,1,C. Talbot,J. Daccord,8475660,8478916,23,36,27,40,67,0.6,0.2,0.8
2024020858,2025-02-04 00:00:00,20242025,MTL,SJS,4,3,7,1,0,S. Montembeault,A. Georgiev,8478470,8480382,27,16,30,20,50,3.4,-4.8,-1.4
2024020859,2025-02-05 00:00:00,20242025,BOS,NYR,2,3,5,1,0,J. Korpisalo,I. Shesterkin,8476914,8478048,19,15,22,17,39,-2.2,3.0,0.8
2024020860,2025-02-05 00:00:00,20242025,EDM,CHI,4,3,7,1,1,C. Pickard,A. Soderblom,8475717,8482821,29,34,32,38,70,3.8,-0.2,3.6
2024020861,2025-02-05 00:00:00,20242025,MTL,LAK,3,6,9,3,0,J. Dobes,D. Kuemper,8482487,8475311,31,18,36,21,57,-3.8,1.6,-2.2
2024020862,2025-02-06 00:00:00,20242025,OTT,TBL,1,5,6,4,0,A. Forsberg,A. Vasilevskiy,8476341,8476883,26,27,30,28,58,-2.8,7.4,4.6
2024020863,2025-02-06 00:00:00,20242025,VGK,NJD,3,1,4,2,0,A. Hill,J. Allen,8478499,8474596,14,37,15,40,55,4.8,1.4,6.2
2024020864,2025-02-06 00:00:00,20242025,WSH,PHI,4,3,7,1,0,C. Lindgren,I. Fedotov,8479292,8478905,19,14,22,18,40,1.8,-5.2,-3.4
2024020865,2025-02-06 00:00:00,20242025,UTA,CBJ,3,2,5,1,1,C. Ingram,E. Merzlikins,8478971,8478007,20,30,22,33,55,4.0,1.0,5.0
2024020866,2025-02-06 00:00:00,20242025,FLA,STL,3,2,5,1,0,S. Knight,J. Hofer,8481519,8480981,20,31,22,34,56,4.0,0.2,4.2
2024020867,2025-02-06 00:00:00,20242025,CAR,MIN,1,2,3,1,0,F. Andersen,F. Gustavsson,8475883,8479406,22,37,24,38,62,0.4,9.4,9.8
2024020868,2025-02-06 00:00:00,20242025,COL,CGY,4,2,6,2,0,M. Blackwood,D. Wolf,8478406,8481692,27,30,29,34,63,5.4,-2.0,3.4
2024020869,2025-02-06 00:00:00,20242025,TOR,SEA,3,1,4,2,0,A. Stolarz,J. Daccord,8476932,8478916,26,27,27,30,57,7.2,-0.6,6.6
2024020870,2025-02-06 00:00:00,20242025,VAN,SJS,2,1,3,1,1,T. Demko,V. Vanecek,8477967,8477970,33,22,34,24,58,8.6,1.4,10.0
2024020871,2025-02-07 00:00:00,20242025,PIT,NYR,3,2,5,1,0,A. Nedeljkovic,I. Shesterkin,8477968,8478048,22,23,24,26,50,4.4,-1.4,3.0
2024020872,2025-02-07 00:00:00,20242025,NYI,WPG,3,4,7,1,0,I. Sorokin,C. Hellebuyck,8478009,8476945,23,32,27,35,62,-3.4,4.4,1.0
2024020873,2025-02-07 00:00:00,20242025,NSH,CHI,2,6,8,4,0,J. Saros,P. Mrazek,8477424,8475852,24,31,30,33,63,-7.2,6.2,-1.0
2024020874,2025-02-07 00:00:00,20242025,COL,EDM,5,4,9,1,0,M. Blackwood,S. Skinner,8478406,8479973,23,9,27,12,39,0.6,-4.2,-3.6
2024020875,2025-02-07 00:00:00,20242025,DAL,LAK,4,5,9,1,1,J. Oettinger,D. Rittich,8479979,8479496,33,26,37,30,67,-0.4,1.2,0.8
2024020876,2025-02-08 00:00:00,20242025,NJD,MTL,4,0,4,4,0,J. Allen,S. Montembeault,8474596,8478470,34,18,34,22,56,13.8,-4.4,9.4
2024020877,2025-02-08 00:00:00,20242025,TBL,DET,6,3,9,3,0,A. Vasilevskiy,A. Lyon,8476883,8479312,34,1,37,3,40,4.8,-3.8,1.0
2024020878,2025-02-08 00:00:00,20242025,UTA,CAR,3,7,10,4,0,K. Vejmelka,P. Kochetkov,8478872,8481611,31,36,37,39,76,-5.8,5.2,-0.6
2024020879,2025-02-08 00:00:00,20242025,VGK,BOS,4,3,7,1,0,I. Samsonov,J. Swayman,8478492,8480280,21,34,24,38,62,2.2,-1.2,1.0
2024020880,2025-02-08 00:00:00,20242025,OTT,FLA,1,5,6,4,0,L. Ullmark,S. Bobrovsky,8476999,8475683,43,26,47,27,74,0.6,7.2,7.8
2024020881,2025-02-08 00:00:00,20242025,PIT,PHI,2,3,5,1,0,J. Blomqvist,S. Ersson,8482446,8481035,17,31,20,33,53,-2.6,6.2,3.6
2024020882,2025-02-08 00:00:00,20242025,NYR,CBJ,4,3,7,1,0,J. Quick,E. Merzlikins,8471734,8478007,22,36,25,40,65,2.4,-0.8,1.6
2024020883,2025-02-08 00:00:00,20242025,CHI,STL,5,6,11,1,1,A. Soderblom,J. Binnington,8482821,8476412,35,16,40,21,61,-2.0,-2.8,-4.8
2024020884,2025-02-08 00:00:00,20242025,TOR,VAN,1,2,3,1,0,J. Woll,T. Demko,8479361,8477967,23,6,25,6,31,0.6,4.2,4.8
2024020885,2025-02-08 00:00:00,20242025,BUF,NSH,4,6,10,2,0,U. Luukkonen,J. Annunen,8480045,8481020,17,25,22,29,51,-6.6,1.0,-5.6
2024020886,2025-02-08 00:00:00,20242025,NYI,MIN,3,6,9,3,0,I. Sorokin,F. Gustavsson,8478009,8479406,28,32,32,35,67,-4.4,4.4,0.0
2024020887,2025-02-08 00:00:00,20242025,SEA,CGY,3,2,5,1,1,J. Daccord,D. Wolf,8478916,8481692,27,25,29,28,57,5.4,0.0,5.4
2024020888,2025-02-08 00:00:00,20242025,ANA,LAK,2,1,3,1,1,L. Dostal,D. Rittich,8480843,8479496,44,25,45,26,71,10.8,4.0,14.8
2024020889,2025-02-08 00:00:00,20242025,DAL,SJS,8,3,11,5,0,C. DeSmith,V. Vanecek,8479193,8477970,24,26,27,34,61,2.8,-10.8,-8.0
2024020890,2025-02-09 00:00:00,20242025,UTA,WSH,5,4,9,1,1,C. Ingram,L. Thompson,8478971,8480313,8,23,10,27,37,-2.4,-2.4,-4.8
2024020891,2025-02-09 00:00:00,20242025,TBL,MTL,5,3,8,2,0,A. Vasilevskiy,J. Dobes,8476883,8482487,32,5,35,8,43,4.4,-5.0,-0.6
2024190001,2025-02-12 00:00:00,20242025,CAN,SWE,4,3,7,1,1,J. Binnington,F. Gustavsson,8476412,8479406,23,24,26,28,54,2.6,-2.2,0.4
2024190002,2025-02-13 00:00:00,20242025,USA,FIN,6,1,7,5,0,C. Hellebuyck,J. Saros,8476945,8477424,20,26,21,32,53,6.0,-6.8,-0.8
2024190003,2025-02-15 00:00:00,20242025,FIN,SWE,4,3,7,1,1,K. Lankinen,F. Gustavsson,8480947,8479406,21,2,24,4,28,2.2,-3.6,-1.4
2024190004,2025-02-15 00:00:00,20242025,USA,CAN,3,1,4,2,0,C. Hellebuyck,J. Binnington,8476945,8476412,25,20,26,22,48,7.0,0.0,7.0
2024190005,2025-02-17 00:00:00,20242025,CAN,FIN,5,3,8,2,0,J. Binnington,K. Lankinen,8476412,8480947,23,9,26,13,39,2.6,-6.2,-3.6
2024190006,2025-02-17 00:00:00,20242025,SWE,USA,2,1,3,1,0,S. Ersson,J. Oettinger,8481035,8479979,32,21,33,23,56,8.4,0.2,8.6
2024200007,2025-02-20 00:00:00,20242025,CAN,USA,3,2,5,1,1,J. Binnington,C. Hellebuyck,8476412,8476945,31,24,33,27,60,6.2,-1.2,5.0
2024020892,2025-02-22 00:00:00,20242025,EDM,PHI,3,6,9,3,0,S. Skinner,S. Ersson,8479973,8481035,26,15,31,18,49,-4.8,1.0,-3.8
2024020893,2025-02-22 00:00:00,20242025,WSH,PIT,8,3,11,5,0,L. Thompson,A. Nedeljkovic,8480313,8477968,29,8,32,13,45,3.8,-8.4,-4.6
2024020894,2025-02-22 00:00:00,20242025,MIN,DET,4,3,7,1,1,M. Fleury,C. Talbot,8470594,8475660,27,35,30,39,69,3.4,0.0,3.4
2024020895,2025-02-22 00:00:00,20242025,NYR,BUF,2,8,10,6,0,I. Shesterkin,U. Luukkonen,8478048,8480045,11,26,16,28,44,-7.8,5.2,-2.6
2024020896,2025-02-22 00:00:00,20242025,SEA,FLA,2,1,3,1,0,J. Daccord,S. Bobrovsky,8478916,8475683,26,20,27,22,49,7.2,0.0,7.2
2024020897,2025-02-22 00:00:00,20242025,DAL,NJD,4,2,6,2,0,C. DeSmith,J. Allen,8479193,8474596,31,22,33,25,58,6.2,-1.6,4.6
2024020898,2025-02-22 00:00:00,20242025,COL,NSH,1,2,3,1,0,S. Wedgewood,J. Saros,8475809,8477424,15,31,17,32,49,-1.0,8.2,7.2
2024020899,2025-02-22 00:00:00,20242025,ANA,BOS,3,2,5,1,1,J. Gibson,J. Swayman,8476434,8480280,19,26,20,29,49,1.8,0.2,2.0
2024020900,2025-02-22 00:00:00,20242025,CAR,TOR,3,6,9,3,0,P. Kochetkov,A. Stolarz,8481611,8476932,18,32,21,35,56,-4.4,4.4,0.0
2024020901,2025-02-22 00:00:00,20242025,MTL,OTT,5,2,7,3,0,S. Montembeault,L. Ullmark,8478470,8476999,25,10,27,15,42,5.0,-8.0,-3.0
2024020902,2025-02-22 00:00:00,20242025,CHI,CBJ,1,5,6,4,0,P. Mrazek,E. Merzlikins,8475852,8478007,16,27,21,28,49,-6.8,7.4,0.6
2024020903,2025-02-22 00:00:00,20242025,WPG,STL,4,3,7,1,1,E. Comrie,J. Hofer,8477480,8480981,21,25,24,28,52,2.2,0.0,2.2
2024020904,2025-02-22 00:00:00,20242025,UTA,LAK,3,5,8,2,0,C. Ingram,D. Kuemper,8478971,8475311,21,25,25,28,53,-3.8,3.0,-0.8
2024020905,2025-02-22 00:00:00,20242025,VAN,VGK,1,3,4,2,0,K. Lankinen,A. Hill,8480947,8478499,32,33,34,34,68,2.4,8.6,11.0
2024020906,2025-02-23 00:00:00,20242025,EDM,WSH,3,7,10,4,0,C. Pickard,C. Lindgren,8475717,8479292,28,22,34,25,59,-6.4,2.4,-4.0
2024020907,2025-02-23 00:00:00,20242025,NYR,PIT,5,3,8,2,0,I. Shesterkin,J. Blomqvist,8478048,8482446,37,11,40,15,55,5.4,-5.8,-0.4
2024020908,2025-02-23 00:00:00,20242025,ANA,DET,4,5,9,1,1,L. Dostal,A. Lyon,8480843,8479312,31,24,36,28,64,-2.8,0.8,-2.0
2024020909,2025-02-23 00:00:00,20242025,SEA,TBL,1,4,5,3,0,A. Stezka,A. Vasilevskiy,8478848,8476883,20,36,23,37,60,-2.0,9.2,7.2
2024020910,2025-02-23 00:00:00,20242025,COL,STL,1,3,4,2,0,M. Blackwood,J. Binnington,8478406,8476412,22,28,25,29,54,-1.6,7.6,6.0
2024020911,2025-02-23 00:00:00,20242025,NJD,NSH,5,0,5,5,0,N. Daws,J. Annunen,8482076,8481020,29,31,29,36,65,12.8,-3.8,9.0
2024020912,2025-02-23 00:00:00,20242025,TOR,CHI,5,2,7,3,0,J. Woll,A. Soderblom,8479361,8482821,25,25,27,29,56,5.0,-3.0,2.0
2024020913,2025-02-23 00:00:00,20242025,DAL,NYI,4,3,7,1,0,J. Oettinger,I. Sorokin,8479979,8478009,34,25,37,29,66,4.8,-3.0,1.8
2024020914,2025-02-23 00:00:00,20242025,SJS,CGY,2,3,5,1,0,A. Georgiev,D. Wolf,8480382,8481692,33,27,36,29,65,0.6,5.4,6.0
2024020915,2025-02-23 00:00:00,20242025,VAN,UTA,1,2,3,1,0,A. Silovs,K. Vejmelka,8481668,8478872,30,15,32,16,48,2.0,5.0,7.0
2024020916,2025-02-24 00:00:00,20242025,SJS,WPG,1,2,3,1,1,V. Vanecek,C. Hellebuyck,8477970,8476945,33,17,35,18,53,3.6,5.4,9.0
2024020917,2025-02-24 00:00:00,20242025,VGK,LAK,2,5,7,3,0,I. Samsonov,D. Kuemper,8478492,8475311,14,21,19,23,42,-7.2,4.2,-3.0
2024020918,2025-02-25 00:00:00,20242025,TOR,BOS,5,4,9,1,1,A. Stolarz,J. Swayman,8476932,8480280,32,24,36,29,65,2.4,-4.2,-1.8
2024020919,2025-02-25 00:00:00,20242025,ANA,BUF,2,3,5,1,0,L. Dostal,U. Luukkonen,8480843,8480045,34,16,37,18,55,0.8,3.2,4.0
2024020920,2025-02-25 00:00:00,20242025,CAR,MTL,0,4,4,4,0,F. Andersen,S. Montembeault,8475883,8478470,14,20,18,20,38,-5.2,11.0,5.8
2024020921,2025-02-25 00:00:00,20242025,EDM,TBL,1,4,5,3,0,S. Skinner,A. Vasilevskiy,8479973,8476883,32,23,36,24,60,-1.6,6.6,5.0
2024020922,2025-02-25 00:00:00,20242025,PIT,PHI,1,6,7,5,0,A. Nedeljkovic,S. Ersson,8477968,8481035,32,23,38,24,62,-5.6,6.6,1.0
2024020923,2025-02-25 00:00:00,20242025,CGY,WSH,3,1,4,2,0,D. Vladar,L. Thompson,8478435,8480313,26,22,27,25,52,7.2,-1.6,5.6
2024020924,2025-02-25 00:00:00,20242025,DAL,CBJ,4,6,10,2,0,J. Oettinger,E. Merzlikins,8479979,8478007,23,18,28,22,50,-5.4,-0.4,-5.8
2024020925,2025-02-25 00:00:00,20242025,NYR,NYI,5,1,6,4,0,I. Shesterkin,I. Sorokin,8478048,8478009,36,6,37,11,48,9.2,-8.8,0.4
2024020926,2025-02-25 00:00:00,20242025,SEA,STL,2,7,9,5,0,J. Daccord,J. Binnington,8478916,8476412,16,25,21,27,48,-6.8,5.0,-1.8
2024020927,2025-02-25 00:00:00,20242025,FLA,NSH,4,1,5,3,0,S. Knight,J. Saros,8481519,8477424,17,21,18,25,43,5.4,-3.8,1.6
2024020928,2025-02-25 00:00:00,20242025,DET,MIN,3,2,5,1,0,C. Talbot,F. Gustavsson,8475660,8479406,22,13,24,16,40,4.4,-3.4,1.0
2024020929,2025-02-25 00:00:00,20242025,CHI,UTA,1,2,3,1,0,A. Soderblom,K. Vejmelka,8482821,8478872,35,21,37,22,59,3.0,6.2,9.2
2024020930,2025-02-26 00:00:00,20242025,WPG,OTT,4,1,5,3,0,C. Hellebuyck,L. Ullmark,8476945,8476999,23,36,24,38,62,6.6,1.2,7.8
2024020931,2025-02-26 00:00:00,20242025,NJD,COL,1,5,6,4,0,J. Allen,M. Blackwood,8474596,8478406,32,22,37,23,60,-3.6,6.4,2.8
2024020932,2025-02-26 00:00:00,20242025,VAN,LAK,3,2,5,1,1,K. Lankinen,D. Rittich,8480947,8479496,24,14,26,17,43,4.8,-2.2,2.6
2024020933,2025-02-27 00:00:00,20242025,NYI,BOS,2,1,3,1,0,I. Sorokin,J. Swayman,8478009,8480280,38,18,39,20,59,9.6,-0.4,9.2
2024020934,2025-02-27 00:00:00,20242025,SJS,MTL,3,4,7,1,1,A. Georgiev,S. Montembeault,8480382,8478470,29,23,33,26,59,-1.2,2.6,1.4
2024020935,2025-02-27 00:00:00,20242025,CBJ,DET,5,2,7,3,0,D. Tarasov,C. Talbot,8480193,8475660,29,25,31,29,60,5.8,-3.0,2.8
2024020936,2025-02-27 00:00:00,20242025,CGY,TBL,0,3,3,3,0,D. Wolf,A. Vasilevskiy,8481692,8476883,19,28,21,28,49,-0.2,12.6,12.4
2024020937,2025-02-27 00:00:00,20242025,EDM,FLA,3,4,7,1,0,S. Skinner,S. Bobrovsky,8479973,8475683,32,24,36,27,63,-1.6,2.8,1.2
2024020938,2025-02-27 00:00:00,20242025,PHI,PIT,4,5,9,1,1,S. Ersson,A. Nedeljkovic,8481035,8477968,20,11,25,14,39,-5.0,-3.8,-8.8
2024020939,2025-02-27 00:00:00,20242025,STL,WSH,5,2,7,3,0,J. Hofer,C. Lindgren,8480981,8479292,16,14,18,18,36,3.2,-5.2,-2.0
2024020940,2025-02-27 00:00:00,20242025,BUF,CAR,2,5,7,3,0,U. Luukkonen,P. Kochetkov,8480045,8481611,5,13,7,15,22,-3.0,2.6,-0.4
2024020941,2025-02-27 00:00:00,20242025,WPG,NSH,1,2,3,1,0,E. Comrie,J. Saros,8477480,8477424,29,22,31,23,54,1.8,6.4,8.2
2024020942,2025-02-27 00:00:00,20242025,MIN,UTA,1,6,7,5,0,M. Fleury,K. Vejmelka,8470594,8478872,25,15,31,16,47,-7.0,5.0,-2.0
2024020943,2025-02-27 00:00:00,20242025,CHI,VGK,5,7,12,2,0,P. Mrazek,I. Samsonov,8475852,8478492,10,17,15,22,37,-8.0,-2.6,-10.6
2024020944,2025-02-27 00:00:00,20242025,VAN,ANA,2,5,7,3,0,A. Silovs,L. Dostal,8481668,8480843,20,22,24,24,48,-4.0,4.4,0.4
2024020945,2025-02-28 00:00:00,20242025,TOR,NYR,3,2,5,1,0,A. Stolarz,I. Shesterkin,8476932,8478048,33,13,35,16,51,6.6,-3.4,3.2
2024020946,2025-02-28 00:00:00,20242025,LAK,DAL,2,6,8,4,0,D. Kuemper,J. Oettinger,8475311,8479979,25,29,31,31,62,-7.0,5.8,-1.2
2024020947,2025-02-28 00:00:00,20242025,MIN,COL,2,5,7,3,0,F. Gustavsson,M. Blackwood,8479406,8478406,25,18,29,20,49,-3.0,3.6,0.6
2024020948,2025-03-01 00:00:00,20242025,DET,CBJ,3,5,8,2,0,C. Talbot,E. Merzlikins,8475660,8478007,16,43,20,46,66,-4.8,6.6,1.8
2024020949,2025-03-01 00:00:00,20242025,NSH,NYI,4,7,11,3,0,J. Saros,I. Sorokin,8477424,8478009,29,25,35,29,64,-6.2,1.0,-5.2
2024020950,2025-03-01 00:00:00,20242025,TBL,WSH,3,1,4,2,0,A. Vasilevskiy,L. Thompson,8476883,8480313,20,16,21,18,39,6.0,-0.8,5.2
2024020951,2025-03-01 00:00:00,20242025,CGY,FLA,0,3,3,3,0,D. Vladar,S. Bobrovsky,8478435,8475683,39,23,42,23,65,1.8,11.6,13.4
2024020952,2025-03-01 00:00:00,20242025,BOS,PIT,3,2,5,1,0,J. Korpisalo,A. Nedeljkovic,8476914,8477968,31,23,33,25,58,6.2,0.6,6.8
2024020953,2025-03-01 00:00:00,20242025,MTL,BUF,4,2,6,2,0,J. Dobes,U. Luukkonen,8482487,8480045,23,25,25,28,53,4.6,-1.0,3.6
2024020954,2025-03-01 00:00:00,20242025,SJS,OTT,3,5,8,2,0,V. Vanecek,L. Ullmark,8477970,8476999,27,34,31,37,68,-2.6,4.8,2.2
2024020955,2025-03-01 00:00:00,20242025,EDM,CAR,3,1,4,2,0,C. Pickard,F. Andersen,8475717,8475883,35,28,36,30,66,9.0,1.6,10.6
2024020956,2025-03-01 00:00:00,20242025,PHI,WPG,2,1,3,1,1,I. Fedotov,C. Hellebuyck,8478905,8476945,29,31,30,32,62,7.8,5.2,13.0
2024020957,2025-03-01 00:00:00,20242025,LAK,STL,1,4,5,3,0,D. Rittich,J. Binnington,8479496,8476412,30,25,34,26,60,-2.0,7.0,5.0
2024020958,2025-03-01 00:00:00,20242025,NJD,UTA,3,1,4,2,0,N. Daws,K. Vejmelka,8482076,8478872,24,26,25,29,54,6.8,-0.8,6.0
2024020959,2025-03-01 00:00:00,20242025,CHI,ANA,6,3,9,3,0,A. Soderblom,J. Gibson,8482821,8476434,28,18,31,24,55,3.6,-8.4,-4.8
2024020960,2025-03-01 00:00:00,20242025,VAN,SEA,3,6,9,3,0,K. Lankinen,J. Daccord,8480947,8478916,18,28,23,31,54,-6.4,3.6,-2.8
2024020961,2025-03-02 00:00:00,20242025,TOR,PIT,6,5,11,1,1,J. Woll,J. Blomqvist,8479361,8482446,29,27,34,33,67,-0.2,-5.6,-5.8
2024020962,2025-03-02 00:00:00,20242025,BOS,MIN,0,1,1,1,0,J. Swayman,F. Gustavsson,8480280,8479406,21,28,22,28,50,2.2,12.6,14.8
2024020963,2025-03-02 00:00:00,20242025,CGY,CAR,1,2,3,1,1,D. Wolf,P. Kochetkov,8481692,8481611,31,15,33,16,49,3.2,5.0,8.2
2024020964,2025-03-02 00:00:00,20242025,STL,DAL,3,6,9,3,0,J. Hofer,J. Oettinger,8480981,8479979,6,39,9,42,51,-4.8,5.8,1.0
2024020965,2025-03-02 00:00:00,20242025,NSH,NYR,0,4,4,4,0,J. Annunen,J. Quick,8481020,8471734,30,34,34,34,68,-2.0,13.8,11.8
2024020966,2025-03-02 00:00:00,20242025,NJD,VGK,0,2,2,2,0,J. Markstrom,A. Hill,8474593,8478499,22,25,24,25,49,0.4,12.0,12.4
2024020967,2025-03-03 00:00:00,20242025,OTT,WSH,4,5,9,1,1,L. Ullmark,L. Thompson,8476999,8480313,37,33,41,37,78,0.4,2.6,3.0
2024020968,2025-03-03 00:00:00,20242025,BUF,MTL,3,4,7,1,1,J. Reimer,S. Montembeault,8473503,8478470,16,33,20,36,56,-3.8,4.6,0.8
2024020969,2025-03-03 00:00:00,20242025,TBL,FLA,1,2,3,1,0,A. Vasilevskiy,S. Bobrovsky,8476883,8475683,27,28,29,29,58,1.4,7.6,9.0
2024020970,2025-03-03 00:00:00,20242025,NYI,NYR,0,4,4,4,0,I. Sorokin,I. Shesterkin,8478009,8478048,23,21,26,21,47,-1.4,11.2,9.8
2024020971,2025-03-03 00:00:00,20242025,SJS,TOR,3,2,5,1,1,A. Georgiev,A. Stolarz,8480382,8476932,25,20,27,22,49,5.0,1.0,6.0
2024020972,2025-03-03 00:00:00,20242025,LAK,CHI,1,5,6,4,0,D. Kuemper,S. Knight,8475311,8481519,14,41,18,42,60,-5.2,10.2,5.0
2024020973,2025-03-04 00:00:00,20242025,NSH,BOS,6,3,9,3,0,J. Saros,J. Swayman,8477424,8480280,18,24,21,29,50,1.6,-5.2,-3.6
2024020974,2025-03-04 00:00:00,20242025,SJS,BUF,6,2,8,4,0,A. Georgiev,U. Luukkonen,8480382,8480045,20,22,22,27,49,4.0,-5.6,-1.6
2024020975,2025-03-04 00:00:00,20242025,CAR,DET,2,1,3,1,0,F. Andersen,A. Lyon,8475883,8479312,24,28,25,30,55,6.8,1.6,8.4
2024020976,2025-03-04 00:00:00,20242025,CBJ,TBL,2,6,8,4,0,E. Merzlikins,J. Johansson,8478007,8477992,34,31,39,33,72,-3.2,6.2,3.0
2024020977,2025-03-04 00:00:00,20242025,CGY,PHI,6,3,9,3,0,D. Wolf,S. Ersson,8481692,8481035,26,2,29,5,34,3.2,-5.6,-2.4
2024020978,2025-03-04 00:00:00,20242025,WPG,NYI,2,3,5,1,0,C. Hellebuyck,I. Sorokin,8476945,8478009,26,26,29,28,57,-0.8,5.2,4.4
2024020979,2025-03-04 00:00:00,20242025,NJD,DAL,3,4,7,1,0,J. Markstrom,C. DeSmith,8474593,8479193,17,25,21,28,49,-4.6,3.0,-1.6
2024020980,2025-03-04 00:00:00,20242025,PIT,COL,1,4,5,3,0,A. Nedeljkovic,S. Wedgewood,8477968,8475809,21,32,23,33,56,0.2,8.4,8.6
2024020981,2025-03-04 00:00:00,20242025,ANA,EDM,6,2,8,4,0,L. Dostal,C. Pickard,8480843,8475717,33,7,35,11,46,6.6,-6.6,0.0
2024020982,2025-03-04 00:00:00,20242025,MIN,SEA,4,3,7,1,0,F. Gustavsson,J. Daccord,8479406,8478916,33,16,36,20,56,4.6,-4.8,-0.2
2024020983,2025-03-05 00:00:00,20242025,WSH,NYR,3,2,5,1,1,C. Lindgren,I. Shesterkin,8479292,8478048,15,23,17,26,43,3.0,-0.4,2.6
2024020984,2025-03-05 00:00:00,20242025,OTT,CHI,4,3,7,1,1,L. Ullmark,A. Soderblom,8476999,8482821,17,22,20,26,46,1.4,-2.6,-1.2
2024020985,2025-03-05 00:00:00,20242025,TOR,VGK,2,5,7,3,0,J. Woll,A. Hill,8479361,8478499,4,29,7,31,38,-5.2,5.8,0.6
2024020986,2025-03-05 00:00:00,20242025,ANA,VAN,2,3,5,1,0,J. Gibson,K. Lankinen,8476434,8480947,19,14,21,16,37,-0.2,2.8,2.6
2024020987,2025-03-05 00:00:00,20242025,STL,LAK,3,2,5,1,1,J. Binnington,D. Kuemper,8476412,8475311,21,28,23,30,53,4.2,2.6,6.8
2024020988,2025-03-06 00:00:00,20242025,UTA,DET,4,2,6,2,0,K. Vejmelka,A. Lyon,8478872,8479312,38,15,40,19,59,7.6,-5.0,2.6
2024020989,2025-03-06 00:00:00,20242025,BUF,TBL,5,6,11,1,0,U. Luukkonen,A. Vasilevskiy,8480045,8476883,20,28,26,33,59,-8.0,-0.4,-8.4
2024020990,2025-03-06 00:00:00,20242025,CBJ,FLA,0,3,3,3,0,E. Merzlikins,S. Bobrovsky,8478007,8475683,33,16,35,16,51,2.6,10.2,12.8
2024020991,2025-03-06 00:00:00,20242025,WPG,PHI,4,1,5,3,0,E. Comrie,S. Ersson,8477480,8481035,21,23,22,27,49,6.2,-3.4,2.8
2024020992,2025-03-06 00:00:00,20242025,BOS,CAR,2,3,5,1,0,J. Korpisalo,P. Kochetkov,8476914,8481611,20,32,23,34,57,-2.0,6.4,4.4
2024020993,2025-03-06 00:00:00,20242025,SEA,NSH,3,5,8,2,0,J. Daccord,J. Saros,8478916,8477424,29,22,33,25,58,-2.2,2.4,0.2
2024020994,2025-03-06 00:00:00,20242025,CGY,DAL,2,3,5,1,1,D. Vladar,J. Oettinger,8478435,8479979,24,26,27,28,55,-0.2,5.2,5.0
2024020995,2025-03-06 00:00:00,20242025,MTL,EDM,2,3,5,1,1,S. Montembeault,S. Skinner,8478470,8479973,29,25,32,27,59,0.8,5.0,5.8
2024020996,2025-03-06 00:00:00,20242025,SJS,COL,3,7,10,4,0,A. Georgiev,M. Blackwood,8480382,8478406,25,31,32,34,66,-9.0,4.2,-4.8
2024020997,2025-03-07 00:00:00,20242025,WPG,NJD,6,1,7,5,0,C. Hellebuyck,J. Markstrom,8476945,8474593,22,29,23,35,58,6.4,-6.2,0.2
2024020998,2025-03-07 00:00:00,20242025,DET,WSH,2,5,7,3,0,C. Talbot,L. Thompson,8475660,8480313,23,17,28,19,47,-5.4,3.4,-2.0
2024020999,2025-03-07 00:00:00,20242025,UTA,CHI,3,4,7,1,1,K. Vejmelka,S. Knight,8478872,8481519,21,36,25,39,64,-2.8,5.2,2.4
2024021000,2025-03-07 00:00:00,20242025,MIN,VAN,1,3,4,2,0,F. Gustavsson,K. Lankinen,8479406,8480947,17,37,19,38,57,-0.6,9.4,8.8
2024021001,2025-03-07 00:00:00,20242025,PIT,VGK,0,4,4,4,0,A. Nedeljkovic,I. Samsonov,8477968,8478492,23,22,27,22,49,-3.4,11.4,8.0
2024021002,2025-03-07 00:00:00,20242025,STL,ANA,4,3,7,1,0,J. Binnington,L. Dostal,8476412,8480843,21,18,24,21,45,2.2,-2.4,-0.2
2024021003,2025-03-08 00:00:00,20242025,NYR,OTT,3,4,7,1,1,I. Shesterkin,L. Ullmark,8478048,8476999,33,20,37,23,60,-0.4,2.0,1.6
2024021004,2025-03-08 00:00:00,20242025,SEA,PHI,4,1,5,3,0,P. Grubauer,S. Ersson,8475831,8481035,23,28,24,32,56,6.6,-2.4,4.2
2024021005,2025-03-08 00:00:00,20242025,BOS,TBL,4,0,4,4,0,J. Swayman,A. Vasilevskiy,8480280,8476883,25,21,25,24,49,12.0,-1.8,10.2
2024021006,2025-03-08 00:00:00,20242025,BUF,FLA,0,4,4,4,0,U. Luukkonen,V. Vanecek,8480045,8477970,32,21,35,21,56,0.4,11.2,11.6
2024021007,2025-03-08 00:00:00,20242025,TOR,COL,4,7,11,3,0,A. Stolarz,M. Blackwood,8476932,8478406,27,17,32,21,53,-4.6,-0.6,-5.2
2024021008,2025-03-08 00:00:00,20242025,MTL,CGY,0,1,1,1,0,J. Dobes,D. Wolf,8482487,8481692,23,26,24,26,50,2.6,12.2,14.8
2024021009,2025-03-08 00:00:00,20242025,CHI,NSH,2,3,5,1,1,A. Soderblom,J. Annunen,8482821,8481020,38,17,41,19,60,2.6,3.4,6.0
2024021010,2025-03-08 00:00:00,20242025,STL,LAK,1,2,3,1,1,J. Hofer,D. Kuemper,8480981,8475311,21,19,23,20,43,1.2,5.8,7.0
2024021011,2025-03-08 00:00:00,20242025,DAL,EDM,4,5,9,1,0,J. Oettinger,S. Skinner,8479979,8479973,22,21,27,25,52,-5.6,0.2,-5.4
2024021012,2025-03-08 00:00:00,20242025,NYI,SJS,4,2,6,2,0,I. Sorokin,A. Georgiev,8478009,8480382,38,24,40,28,68,7.6,-3.2,4.4
2024021013,2025-03-09 00:00:00,20242025,NJD,PHI,3,1,4,2,0,J. Allen,I. Fedotov,8474596,8478905,23,20,24,22,46,6.6,0.0,6.6
2024021014,2025-03-09 00:00:00,20242025,SEA,WSH,2,4,6,2,0,J. Daccord,C. Lindgren,8478916,8479292,20,30,23,32,55,-2.0,6.0,4.0
2024021015,2025-03-09 00:00:00,20242025,PIT,MIN,3,1,4,2,0,T. Jarry,M. Fleury,8477465,8470594,29,19,30,21,51,7.8,-0.2,7.6
2024021016,2025-03-09 00:00:00,20242025,WPG,CAR,2,4,6,2,0,C. Hellebuyck,F. Andersen,8476945,8475883,23,20,26,22,48,-1.4,4.0,2.6
2024021017,2025-03-09 00:00:00,20242025,CBJ,NYR,7,3,10,4,0,D. Tarasov,J. Quick,8480193,8471734,32,21,35,28,63,4.4,-9.8,-5.4
2024021018,2025-03-09 00:00:00,20242025,LAK,VGK,6,5,11,1,0,D. Rittich,A. Hill,8479496,8478499,27,29,32,35,67,-0.6,-6.2,-6.8
2024021019,2025-03-09 00:00:00,20242025,DAL,VAN,4,1,5,3,0,C. DeSmith,K. Lankinen,8479193,8480947,22,15,23,18,41,6.4,-3.0,3.4
2024021020,2025-03-09 00:00:00,20242025,NYI,ANA,1,4,5,3,0,M. Hogberg,L. Dostal,8477405,8480843,24,31,27,32,59,-1.2,8.2,7.0
2024021021,2025-03-10 00:00:00,20242025,EDM,BUF,2,3,5,1,0,S. Skinner,U. Luukkonen,8479973,8480045,20,32,23,34,57,-2.0,6.4,4.4
2024021022,2025-03-10 00:00:00,20242025,DET,OTT,1,2,3,1,0,C. Talbot,L. Ullmark,8475660,8476999,21,48,23,49,72,0.2,11.6,11.8
2024021023,2025-03-10 00:00:00,20242025,CHI,COL,0,3,3,3,0,S. Knight,S. Wedgewood,8481519,8475809,18,20,20,20,40,-0.4,11.0,10.6
2024021024,2025-03-10 00:00:00,20242025,TOR,UTA,4,3,7,1,1,J. Woll,K. Vejmelka,8479361,8478872,30,23,33,26,59,4.0,-0.4,3.6
2024021025,2025-03-11 00:00:00,20242025,FLA,BOS,2,3,5,1,0,S. Bobrovsky,J. Swayman,8475683,8480280,21,26,24,28,52,-1.8,5.2,3.4
2024021026,2025-03-11 00:00:00,20242025,CBJ,NJD,3,5,8,2,0,E. Merzlikins,J. Markstrom,8478007,8474593,23,17,28,20,48,-5.4,1.4,-4.0
2024021027,2025-03-11 00:00:00,20242025,OTT,PHI,5,2,7,3,0,A. Forsberg,I. Fedotov,8476341,8478905,20,19,22,23,45,4.0,-4.2,-0.2
2024021028,2025-03-11 00:00:00,20242025,VGK,PIT,2,3,5,1,1,I. Samsonov,T. Jarry,8478492,8477465,14,35,17,37,54,-2.2,7.0,4.8
2024021029,2025-03-11 00:00:00,20242025,TBL,CAR,1,4,5,3,0,A. Vasilevskiy,P. Kochetkov,8476883,8481611,27,23,31,24,55,-2.6,6.6,4.0
2024021030,2025-03-11 00:00:00,20242025,COL,MIN,1,2,3,1,1,M. Blackwood,F. Gustavsson,8478406,8479406,22,27,23,28,51,3.4,7.4,10.8
2024021031,2025-03-11 00:00:00,20242025,NYR,WPG,1,2,3,1,0,I. Shesterkin,C. Hellebuyck,8478048,8476945,22,21,24,22,46,0.4,6.2,6.6
2024021032,2025-03-11 00:00:00,20242025,MTL,VAN,4,2,6,2,0,S. Montembeault,K. Lankinen,8478470,8480947,29,23,31,26,57,5.8,-1.4,4.4
2024021033,2025-03-11 00:00:00,20242025,WSH,ANA,7,4,11,3,0,L. Thompson,L. Dostal,8480313,8480843,25,36,29,42,71,1.0,-4.8,-3.8
2024021034,2025-03-11 00:00:00,20242025,NYI,LAK,1,4,5,3,0,I. Sorokin,D. Kuemper,8478009,8475311,28,33,31,34,65,-0.4,8.6,8.2
2024021035,2025-03-11 00:00:00,20242025,NSH,SJS,3,2,5,1,0,J. Saros,A. Georgiev,8477424,8480382,25,16,27,19,46,5.0,-2.8,2.2
2024021036,2025-03-12 00:00:00,20242025,BUF,DET,3,7,10,4,0,U. Luukkonen,P. Mrazek,8480045,8475852,22,23,29,26,55,-9.6,2.6,-7.0
2024021037,2025-03-12 00:00:00,20242025,VAN,CGY,4,3,7,1,1,K. Lankinen,D. Wolf,8480947,8481692,20,28,23,31,54,2.0,0.6,2.6
2024021038,2025-03-12 00:00:00,20242025,ANA,UTA,2,3,5,1,0,V. Husso,K. Vejmelka,8478024,8478872,36,19,39,21,60,1.2,3.8,5.0
2024021039,2025-03-12 00:00:00,20242025,MTL,SEA,4,5,9,1,1,J. Dobes,J. Daccord,8482487,8478916,30,21,35,25,60,-3.0,0.2,-2.8
2024021040,2025-03-13 00:00:00,20242025,FLA,TOR,3,2,5,1,0,S. Bobrovsky,A. Stolarz,8475683,8476932,23,22,25,25,50,4.6,-1.6,3.0
2024021041,2025-03-13 00:00:00,20242025,BOS,OTT,3,6,9,3,0,J. Swayman,L. Ullmark,8480280,8476999,11,22,15,25,40,-5.8,2.4,-3.4
2024021042,2025-03-13 00:00:00,20242025,EDM,NJD,2,3,5,1,0,S. Skinner,J. Allen,8479973,8474596,19,31,22,33,55,-2.2,6.2,4.0
2024021043,2025-03-13 00:00:00,20242025,TBL,PHI,3,4,7,1,1,J. Johansson,S. Ersson,8477992,8481035,26,17,29,20,49,0.2,1.4,1.6
2024021044,2025-03-13 00:00:00,20242025,STL,PIT,3,5,8,2,0,J. Binnington,T. Jarry,8476412,8477465,15,32,19,35,54,-5.0,4.4,-0.6
2024021045,2025-03-13 00:00:00,20242025,VGK,CBJ,4,0,4,4,0,A. Hill,E. Merzlikins,8478499,8478007,27,25,27,28,55,12.4,-1.0,11.4
2024021046,2025-03-13 00:00:00,20242025,NYR,MIN,3,2,5,1,1,I. Shesterkin,F. Gustavsson,8478048,8479406,26,28,28,31,59,5.2,0.6,5.8
2024021047,2025-03-13 00:00:00,20242025,WSH,LAK,0,3,3,3,0,C. Lindgren,D. Kuemper,8479292,8475311,24,21,27,21,48,-1.2,11.2,10.0
2024021048,2025-03-13 00:00:00,20242025,CHI,SJS,2,4,6,2,0,S. Knight,A. Georgiev,8481519,8480382,21,24,24,26,50,-1.8,4.8,3.0
2024021049,2025-03-14 00:00:00,20242025,DET,CAR,2,4,6,2,0,P. Mrazek,F. Andersen,8475852,8475883,28,24,31,26,57,-0.4,4.8,4.4
2024021050,2025-03-14 00:00:00,20242025,EDM,NYI,2,1,3,1,1,C. Pickard,I. Sorokin,8475717,8478009,24,33,25,35,60,6.8,3.6,10.4
2024021051,2025-03-14 00:00:00,20242025,DAL,WPG,1,4,5,3,0,J. Oettinger,C. Hellebuyck,8479979,8476945,18,24,22,25,47,-4.4,6.8,2.4
2024021052,2025-03-14 00:00:00,20242025,COL,CGY,4,2,6,2,0,S. Wedgewood,D. Wolf,8475809,8481692,22,24,24,27,51,4.4,-1.2,3.2
2024021053,2025-03-14 00:00:00,20242025,NSH,ANA,1,2,3,1,0,J. Saros,L. Dostal,8477424,8480843,13,28,15,29,44,-1.4,7.6,6.2
2024021054,2025-03-14 00:00:00,20242025,UTA,SEA,2,4,6,2,0,K. Vejmelka,P. Grubauer,8478872,8475831,19,23,22,25,47,-2.2,4.6,2.4
2024021055,2025-03-15 00:00:00,20242025,VGK,BUF,3,4,7,1,1,A. Hill,U. Luukkonen,8478499,8480045,34,16,37,19,56,1.8,1.2,3.0
2024021056,2025-03-15 00:00:00,20242025,NJD,PIT,3,7,10,4,0,J. Markstrom,T. Jarry,8474593,8477465,17,24,23,27,50,-8.6,2.8,-5.8
2024021057,2025-03-15 00:00:00,20242025,WSH,SJS,5,1,6,4,0,L. Thompson,A. Georgiev,8480313,8480382,19,14,20,17,37,5.8,-3.2,2.6
2024021058,2025-03-15 00:00:00,20242025,TBL,BOS,6,2,8,4,0,A. Vasilevskiy,J. Swayman,8476883,8480280,10,34,12,38,50,2.0,-1.2,0.8
2024021059,2025-03-15 00:00:00,20242025,OTT,TOR,4,2,6,2,0,L. Ullmark,A. Stolarz,8476999,8476932,21,21,23,24,47,4.2,-1.8,2.4
2024021060,2025-03-15 00:00:00,20242025,FLA,MTL,1,3,4,2,0,S. Bobrovsky,S. Montembeault,8475683,8478470,12,21,15,22,37,-3.6,6.2,2.6
2024021061,2025-03-15 00:00:00,20242025,CAR,PHI,5,0,5,5,0,P. Kochetkov,S. Ersson,8481611,8481035,26,25,26,30,56,12.2,-5.0,7.2
2024021062,2025-03-15 00:00:00,20242025,NYR,CBJ,4,0,4,4,0,I. Shesterkin,D. Tarasov,8478048,8480193,21,17,21,20,41,11.2,-2.6,8.6
2024021063,2025-03-15 00:00:00,20242025,STL,MIN,5,1,6,4,0,J. Hofer,F. Gustavsson,8480981,8479406,17,23,18,27,45,5.4,-3.4,2.0
2024021064,2025-03-15 00:00:00,20242025,NSH,LAK,0,1,1,1,1,J. Annunen,D. Kuemper,8481020,8475311,20,24,21,24,45,3.0,11.8,14.8
2024021065,2025-03-15 00:00:00,20242025,CHI,VAN,2,6,8,4,0,A. Soderblom,A. Silovs,8482821,8481668,9,17,15,19,34,-10.2,3.4,-6.8
2024021066,2025-03-16 00:00:00,20242025,VGK,DET,0,3,3,3,0,I. Samsonov,P. Mrazek,8478492,8475852,24,18,27,18,45,-1.2,10.6,9.4
2024021067,2025-03-16 00:00:00,20242025,DAL,COL,3,4,7,1,1,J. Oettinger,S. Wedgewood,8479979,8475809,31,19,35,22,57,-0.8,1.8,1.0
2024021068,2025-03-16 00:00:00,20242025,ANA,STL,2,7,9,5,0,L. Dostal,J. Binnington,8480843,8476412,9,23,14,25,39,-8.2,4.6,-3.6
2024021069,2025-03-16 00:00:00,20242025,EDM,NYR,3,1,4,2,0,S. Skinner,I. Shesterkin,8479973,8478048,21,20,22,23,45,6.2,-2.0,4.2
2024021070,2025-03-16 00:00:00,20242025,FLA,NYI,2,4,6,2,0,V. Vanecek,I. Sorokin,8477970,8478009,30,22,33,24,57,0.0,4.4,4.4
2024021071,2025-03-16 00:00:00,20242025,UTA,VAN,3,1,4,2,0,K. Vejmelka,K. Lankinen,8478872,8480947,18,20,19,22,41,5.6,0.0,5.6
2024021072,2025-03-16 00:00:00,20242025,WPG,SEA,3,2,5,1,1,E. Comrie,J. Daccord,8477480,8478916,14,23,15,26,41,4.8,-0.4,4.4
2024021073,2025-03-17 00:00:00,20242025,BUF,BOS,3,2,5,1,1,U. Luukkonen,J. Korpisalo,8480045,8476914,18,27,20,30,50,3.6,0.4,4.0
2024021074,2025-03-17 00:00:00,20242025,PHI,TBL,0,2,2,2,0,I. Fedotov,A. Vasilevskiy,8478905,8476883,21,21,22,21,43,2.2,11.2,13.4
2024021075,2025-03-17 00:00:00,20242025,NJD,CBJ,2,1,3,1,0,J. Allen,J. Greaves,8474596,8482982,45,18,46,20,66,11.0,-0.4,10.6
2024021076,2025-03-17 00:00:00,20242025,CGY,TOR,2,6,8,4,0,D. Wolf,J. Woll,8481692,8479361,21,24,26,26,52,-5.8,4.8,-1.0
2024021077,2025-03-17 00:00:00,20242025,LAK,MIN,1,3,4,2,0,D. Kuemper,F. Gustavsson,8475311,8479406,19,28,21,29,50,-0.2,7.6,7.4
2024021078,2025-03-18 00:00:00,20242025,OTT,MTL,3,6,9,3,0,L. Ullmark,S. Montembeault,8476999,8478470,27,22,31,25,56,-2.6,2.4,-0.2
2024021079,2025-03-18 00:00:00,20242025,CGY,NYR,2,1,3,1,0,D. Vladar,I. Shesterkin,8478435,8478048,12,33,13,35,48,4.4,2.6,7.0
2024021080,2025-03-18 00:00:00,20242025,NYI,PIT,4,2,6,2,0,I. Sorokin,T. Jarry,8478009,8477465,19,34,21,37,58,3.8,0.8,4.6
2024021081,2025-03-18 00:00:00,20242025,DET,WSH,1,4,5,3,0,P. Mrazek,L. Thompson,8475852,8480313,22,23,26,24,50,-3.6,6.6,3.0
2024021082,2025-03-18 00:00:00,20242025,STL,NSH,4,1,5,3,0,J. Hofer,J. Saros,8480981,8477424,22,17,23,21,44,6.4,-4.6,1.8
2024021083,2025-03-18 00:00:00,20242025,ANA,DAL,3,4,7,1,1,L. Dostal,J. Oettinger,8480843,8479979,27,22,31,25,56,-1.6,2.4,0.8
2024021084,2025-03-18 00:00:00,20242025,SEA,CHI,6,2,8,4,0,J. Daccord,S. Knight,8478916,8481519,27,24,29,30,59,5.4,-7.2,-1.8
2024021085,2025-03-18 00:00:00,20242025,UTA,EDM,1,7,8,6,0,K. Vejmelka,C. Pickard,8478872,8475717,12,29,15,30,45,-3.6,7.8,4.2
2024021086,2025-03-18 00:00:00,20242025,WPG,VAN,2,6,8,4,0,C. Hellebuyck,K. Lankinen,8476945,8480947,16,20,21,22,43,-6.8,4.0,-2.8
2024021087,2025-03-19 00:00:00,20242025,COL,TOR,1,2,3,1,0,M. Blackwood,J. Woll,8478406,8479361,24,38,26,39,65,0.8,9.6,10.4
2024021088,2025-03-19 00:00:00,20242025,SEA,MIN,0,4,4,4,0,P. Grubauer,F. Gustavsson,8475831,8479406,24,34,27,34,61,-1.2,13.8,12.6
2024021089,2025-03-20 00:00:00,20242025,COL,OTT,5,1,6,4,0,S. Wedgewood,L. Ullmark,8475809,8476999,15,9,16,13,29,5.0,-6.2,-1.2
2024021090,2025-03-20 00:00:00,20242025,CGY,NJD,5,3,8,2,0,D. Wolf,J. Markstrom,8481692,8474593,26,23,29,27,56,3.2,-3.4,-0.2
2024021091,2025-03-20 00:00:00,20242025,TOR,NYR,4,3,7,1,0,A. Stolarz,I. Shesterkin,8476932,8478048,27,24,30,28,58,3.4,-3.2,0.2
2024021092,2025-03-20 00:00:00,20242025,PHI,WSH,2,3,5,1,0,S. Ersson,C. Lindgren,8481035,8479292,13,27,16,28,44,-3.4,5.4,2.0
2024021093,2025-03-20 00:00:00,20242025,FLA,CBJ,1,0,1,1,1,S. Bobrovsky,E. Merzlikins,8475683,8478007,25,28,25,29,54,12.0,4.6,16.6
2024021094,2025-03-20 00:00:00,20242025,MTL,NYI,3,4,7,1,1,S. Montembeault,I. Sorokin,8478470,8478009,21,38,25,41,66,-2.8,5.6,2.8
2024021095,2025-03-20 00:00:00,20242025,VAN,STL,3,4,7,1,1,K. Lankinen,J. Binnington,8480947,8476412,25,15,29,18,47,-2.0,1.0,-1.0
2024021096,2025-03-20 00:00:00,20242025,ANA,NSH,4,1,5,3,0,J. Gibson,J. Annunen,8476434,8481020,33,31,34,34,68,8.6,0.2,8.8
2024021097,2025-03-20 00:00:00,20242025,TBL,DAL,3,2,5,1,1,A. Vasilevskiy,C. DeSmith,8476883,8479193,22,36,24,38,62,4.4,4.2,8.6
2024021098,2025-03-20 00:00:00,20242025,LAK,CHI,3,1,4,2,0,D. Kuemper,S. Knight,8475311,8481519,16,30,17,32,49,5.2,2.0,7.2
2024021099,2025-03-20 00:00:00,20242025,WPG,EDM,4,3,7,1,1,C. Hellebuyck,S. Skinner,8476945,8479973,21,13,24,16,40,2.2,-3.4,-1.2
2024021100,2025-03-20 00:00:00,20242025,BUF,UTA,2,5,7,3,0,J. Reimer,K. Vejmelka,8473503,8478872,27,25,30,27,57,-0.6,5.0,4.4
2024021101,2025-03-20 00:00:00,20242025,BOS,VGK,1,5,6,4,0,J. Swayman,A. Hill,8480280,8478499,27,18,32,19,51,-4.6,5.6,1.0
2024021102,2025-03-20 00:00:00,20242025,CAR,SJS,3,1,4,2,0,F. Andersen,G. Romanov,8475883,8484312,24,26,25,29,54,6.8,-0.8,6.0
2024021103,2025-03-21 00:00:00,20242025,CBJ,PIT,3,6,9,3,0,E. Merzlikins,A. Nedeljkovic,8478007,8477968,28,44,33,47,80,-4.4,6.8,2.4
2024021104,2025-03-22 00:00:00,20242025,VAN,NYR,3,5,8,2,0,K. Lankinen,I. Shesterkin,8480947,8478048,7,36,11,39,50,-6.6,5.2,-1.4
2024021105,2025-03-22 00:00:00,20242025,PHI,DAL,2,3,5,1,1,I. Fedotov,J. Oettinger,8478905,8479979,1,22,3,24,27,-3.8,4.4,0.6
2024021106,2025-03-22 00:00:00,20242025,BUF,MIN,1,4,5,3,0,U. Luukkonen,F. Gustavsson,8480045,8479406,17,20,20,21,41,-2.6,6.0,3.4
2024021107,2025-03-22 00:00:00,20242025,CHI,STL,1,4,5,3,0,A. Soderblom,J. Hofer,8482821,8480981,21,26,25,27,52,-3.8,7.2,3.4
2024021108,2025-03-22 00:00:00,20242025,CGY,NYI,4,3,7,1,1,D. Vladar,M. Hogberg,8478435,8477405,26,31,29,35,64,3.2,-0.8,2.4
2024021109,2025-03-22 00:00:00,20242025,CAR,LAK,2,7,9,5,0,P. Kochetkov,D. Rittich,8481611,8479496,18,34,25,36,61,-10.4,6.8,-3.6
2024021110,2025-03-22 00:00:00,20242025,FLA,WSH,3,6,9,3,0,V. Vanecek,L. Thompson,8477970,8480313,27,33,33,36,69,-6.6,4.6,-2.0
2024021111,2025-03-22 00:00:00,20242025,TBL,UTA,4,6,10,2,0,B. Halverson,K. Vejmelka,8477990,8478872,19,23,24,27,51,-6.2,0.6,-5.6
2024021112,2025-03-22 00:00:00,20242025,COL,MTL,5,4,9,1,1,M. Blackwood,S. Montembeault,8478406,8478470,25,33,29,37,66,1.0,-0.4,0.6
2024021113,2025-03-22 00:00:00,20242025,OTT,NJD,3,2,5,1,0,L. Ullmark,J. Allen,8476999,8474596,25,16,27,19,46,5.0,-2.8,2.2
2024021114,2025-03-22 00:00:00,20242025,TOR,NSH,2,5,7,3,0,J. Woll,J. Saros,8479361,8477424,27,24,31,26,57,-2.6,4.8,2.2
2024021115,2025-03-22 00:00:00,20242025,DET,VGK,3,6,9,3,0,C. Talbot,A. Hill,8475660,8478499,30,28,35,31,66,-4.0,3.6,-0.4
2024021116,2025-03-22 00:00:00,20242025,SEA,EDM,4,5,9,1,0,J. Daccord,S. Skinner,8478916,8479973,24,28,28,32,60,-3.2,1.6,-1.6
2024021117,2025-03-22 00:00:00,20242025,BOS,SJS,1,3,4,2,0,J. Korpisalo,A. Georgiev,8476914,8480382,18,22,20,23,43,-0.4,6.4,6.0
2024021118,2025-03-23 00:00:00,20242025,PHI,CHI,4,7,11,3,0,I. Fedotov,S. Knight,8478905,8481519,22,25,29,29,58,-9.6,1.0,-8.6
2024021119,2025-03-23 00:00:00,20242025,BUF,WPG,5,3,8,2,0,J. Reimer,E. Comrie,8473503,8477480,33,12,36,16,52,4.6,-5.6,-1.0
2024021120,2025-03-23 00:00:00,20242025,PIT,FLA,3,4,7,1,1,T. Jarry,S. Bobrovsky,8477465,8475683,28,24,31,27,58,0.6,2.8,3.4
2024021121,2025-03-23 00:00:00,20242025,NSH,STL,1,4,5,3,0,J. Annunen,J. Binnington,8481020,8476412,14,31,17,32,49,-3.2,8.2,5.0
2024021122,2025-03-23 00:00:00,20242025,TBL,VGK,2,4,6,2,0,A. Vasilevskiy,I. Samsonov,8476883,8478492,26,35,29,37,66,-0.8,7.0,6.2
2024021123,2025-03-23 00:00:00,20242025,CAR,ANA,5,2,7,3,0,F. Andersen,L. Dostal,8475883,8480843,35,32,37,36,73,7.0,-1.6,5.4
2024021124,2025-03-23 00:00:00,20242025,BOS,LAK,2,7,9,5,0,J. Swayman,D. Kuemper,8480280,8475311,16,11,23,13,36,-10.8,2.2,-8.6
2024021125,2025-03-24 00:00:00,20242025,VAN,NJD,4,3,7,1,1,T. Demko,J. Markstrom,8477967,8474593,22,25,25,28,53,2.4,0.0,2.4
2024021126,2025-03-24 00:00:00,20242025,CBJ,NYI,4,3,7,1,1,E. Merzlikins,I. Sorokin,8478007,8478009,30,27,33,30,63,4.0,0.4,4.4
2024021127,2025-03-24 00:00:00,20242025,MIN,DAL,0,3,3,3,0,F. Gustavsson,J. Oettinger,8479406,8479979,26,32,28,32,60,1.2,13.4,14.6
2024021128,2025-03-24 00:00:00,20242025,DET,UTA,5,1,6,4,0,P. Mrazek,K. Vejmelka,8475852,8478872,1,9,1,13,14,3.2,-6.2,-3.0
2024021129,2025-03-25 00:00:00,20242025,OTT,BUF,2,3,5,1,0,A. Forsberg,J. Reimer,8476341,8473503,21,30,24,32,56,-1.8,6.0,4.2
2024021130,2025-03-25 00:00:00,20242025,PHI,TOR,2,7,9,5,0,S. Ersson,A. Stolarz,8481035,8476932,23,17,30,19,49,-9.4,3.4,-6.0
2024021131,2025-03-25 00:00:00,20242025,PIT,TBL,1,6,7,5,0,T. Jarry,A. Vasilevskiy,8477465,8476883,3,14,7,15,22,-7.4,4.8,-2.6
2024021132,2025-03-25 00:00:00,20242025,NSH,CAR,3,1,4,2,0,J. Saros,P. Kochetkov,8477424,8481611,34,13,35,16,51,8.8,-3.4,5.4
2024021133,2025-03-25 00:00:00,20242025,MTL,STL,1,6,7,5,0,S. Montembeault,J. Binnington,8478470,8476412,27,24,32,25,57,-4.6,6.8,2.2
2024021134,2025-03-25 00:00:00,20242025,VGK,MIN,5,1,6,4,0,A. Hill,M. Fleury,8478499,8470594,23,33,24,37,61,6.6,-1.4,5.2
2024021135,2025-03-25 00:00:00,20242025,WSH,WPG,2,3,5,1,1,L. Thompson,C. Hellebuyck,8480313,8476945,22,27,25,29,54,-0.6,5.4,4.8
2024021136,2025-03-25 00:00:00,20242025,DET,COL,2,5,7,3,0,A. Lyon,M. Blackwood,8479312,8478406,23,21,27,23,50,-3.4,4.2,0.8
2024021137,2025-03-25 00:00:00,20242025,SEA,CGY,3,4,7,1,1,J. Daccord,D. Wolf,8478916,8481692,33,26,37,29,66,-0.4,3.2,2.8
2024021138,2025-03-25 00:00:00,20242025,NYR,LAK,1,3,4,2,0,I. Shesterkin,D. Kuemper,8478048,8475311,30,22,32,23,55,2.0,6.4,8.4
2024021139,2025-03-26 00:00:00,20242025,VAN,NYI,5,2,7,3,0,T. Demko,I. Sorokin,8477967,8478009,26,15,28,19,47,5.2,-5.0,0.2
2024021140,2025-03-26 00:00:00,20242025,NJD,CHI,5,3,8,2,0,J. Markstrom,S. Knight,8474593,8481519,21,16,24,20,44,2.2,-4.8,-2.6
2024021141,2025-03-26 00:00:00,20242025,DAL,EDM,4,3,7,1,0,J. Oettinger,S. Skinner,8479979,8479973,41,17,44,21,65,6.2,-4.6,1.6
2024021142,2025-03-26 00:00:00,20242025,BOS,ANA,2,6,8,4,0,J. Korpisalo,J. Gibson,8476914,8476434,31,23,37,25,62,-5.8,4.6,-1.2
2024021143,2025-03-27 00:00:00,20242025,PIT,BUF,3,7,10,4,0,T. Jarry,J. Reimer,8477465,8473503,8,23,12,25,37,-6.4,2.6,-3.8
2024021144,2025-03-27 00:00:00,20242025,OTT,DET,4,3,7,1,0,L. Ullmark,A. Lyon,8476999,8479312,31,7,34,10,44,4.2,-4.6,-0.4
2024021145,2025-03-27 00:00:00,20242025,UTA,TBL,0,8,8,8,0,K. Vejmelka,A. Vasilevskiy,8478872,8476883,8,25,12,25,37,-6.4,12.0,5.6
2024021146,2025-03-27 00:00:00,20242025,MTL,PHI,4,6,10,2,0,J. Dobes,S. Ersson,8482487,8481035,24,26,30,30,60,-7.2,1.2,-6.0
2024021147,2025-03-27 00:00:00,20242025,STL,NSH,3,2,5,1,0,J. Hofer,J. Saros,8480981,8477424,16,18,18,21,39,3.2,-2.4,0.8
2024021148,2025-03-27 00:00:00,20242025,WSH,MIN,2,4,6,2,0,C. Lindgren,F. Gustavsson,8479292,8479406,17,28,20,30,50,-2.6,5.6,3.0
2024021149,2025-03-27 00:00:00,20242025,LAK,COL,0,4,4,4,0,D. Rittich,M. Blackwood,8479496,8478406,22,22,26,22,48,-3.6,11.4,7.8
2024021150,2025-03-27 00:00:00,20242025,DAL,CGY,5,2,7,3,0,C. DeSmith,D. Wolf,8479193,8481692,46,14,48,18,66,9.2,-5.2,4.0
2024021151,2025-03-27 00:00:00,20242025,EDM,SEA,1,6,7,5,0,C. Pickard,J. Daccord,8475717,8478916,24,36,29,37,66,-5.2,9.2,4.0
2024021152,2025-03-27 00:00:00,20242025,TOR,SJS,5,6,11,1,1,J. Woll,A. Georgiev,8479361,8480382,30,30,35,35,70,-3.0,0.0,-3.0
2024021153,2025-03-28 00:00:00,20242025,UTA,FLA,1,2,3,1,1,K. Vejmelka,S. Bobrovsky,8478872,8475683,30,14,32,15,47,3.0,4.8,7.8
2024021154,2025-03-28 00:00:00,20242025,MTL,CAR,1,4,5,3,0,S. Montembeault,F. Andersen,8478470,8475883,21,14,23,15,38,-1.8,4.8,3.0
2024021155,2025-03-28 00:00:00,20242025,VAN,CBJ,6,7,13,1,1,K. Lankinen,E. Merzlikins,8480947,8478007,32,31,38,37,75,-4.6,-1.8,-6.4
2024021156,2025-03-28 00:00:00,20242025,NJD,WPG,0,4,4,4,0,J. Allen,C. Hellebuyck,8474596,8476945,15,24,19,24,43,-5.0,11.8,6.8
2024021157,2025-03-28 00:00:00,20242025,VGK,CHI,5,3,8,2,0,A. Hill,S. Knight,8478499,8481519,18,17,21,21,42,1.6,-4.6,-3.0
2024021158,2025-03-28 00:00:00,20242025,NYR,ANA,4,5,9,1,1,I. Shesterkin,L. Dostal,8478048,8480843,28,26,33,30,63,-3.4,1.2,-2.2
2024021159,2025-03-29 00:00:00,20242025,BUF,PHI,4,7,11,3,0,U. Luukkonen,S. Ersson,8480045,8481035,25,17,32,21,53,-9.0,-0.6,-9.6
2024021160,2025-03-29 00:00:00,20242025,NYI,TBL,3,5,8,2,0,I. Sorokin,J. Johansson,8478009,8477992,19,35,23,38,61,-4.2,5.0,0.8
2024021161,2025-03-29 00:00:00,20242025,STL,COL,2,1,3,1,0,J. Binnington,M. Blackwood,8476412,8478406,28,25,29,27,56,7.6,1.0,8.6
2024021162,2025-03-29 00:00:00,20242025,NJD,MIN,5,2,7,3,0,J. Markstrom,F. Gustavsson,8474593,8479406,22,28,24,33,57,4.4,-4.4,0.0
2024021163,2025-03-29 00:00:00,20242025,VGK,NSH,3,1,4,2,0,A. Hill,J. Annunen,8478499,8481020,23,26,24,28,52,6.6,1.2,7.8
2024021164,2025-03-29 00:00:00,20242025,CBJ,OTT,2,3,5,1,0,D. Tarasov,L. Ullmark,8480193,8476999,24,28,27,30,57,-1.2,5.6,4.4
2024021165,2025-03-29 00:00:00,20242025,TOR,LAK,3,1,4,2,0,A. Stolarz,D. Kuemper,8476932,8475311,35,23,36,25,61,9.0,0.6,9.6
2024021166,2025-03-29 00:00:00,20242025,BOS,DET,1,2,3,1,0,J. Swayman,C. Talbot,8480280,8475660,20,20,22,21,43,0.0,6.0,6.0
2024021167,2025-03-29 00:00:00,20242025,CGY,EDM,2,3,5,1,1,D. Wolf,C. Pickard,8481692,8475717,26,26,29,28,57,0.2,5.2,5.4
2024021168,2025-03-29 00:00:00,20242025,NYR,SJS,6,1,7,5,0,J. Quick,A. Georgiev,8471734,8480382,21,27,22,33,55,6.2,-6.6,-0.4
2024021169,2025-03-29 00:00:00,20242025,DAL,SEA,5,1,6,4,0,J. Oettinger,J. Daccord,8479979,8478916,35,16,36,20,56,9.0,-4.8,4.2
2024021170,2025-03-30 00:00:00,20242025,MTL,FLA,4,2,6,2,0,S. Montembeault,S. Bobrovsky,8478470,8475683,24,19,26,22,48,4.8,-2.2,2.6
2024021171,2025-03-30 00:00:00,20242025,BUF,WSH,8,5,13,3,0,J. Reimer,L. Thompson,8473503,8480313,24,15,29,22,51,-1.2,-11.0,-12.2
2024021172,2025-03-30 00:00:00,20242025,VAN,WPG,1,3,4,2,0,T. Demko,C. Hellebuyck,8477967,8476945,24,23,27,24,51,-1.2,6.6,5.4
2024021173,2025-03-30 00:00:00,20242025,UTA,CHI,5,2,7,3,0,K. Vejmelka,A. Soderblom,8478872,8482821,27,26,29,31,60,5.4,-4.8,0.6
2024021174,2025-03-30 00:00:00,20242025,OTT,PIT,0,1,1,1,1,A. Forsberg,T. Jarry,8476341,8477465,34,31,35,31,66,5.8,13.2,19.0
2024021175,2025-03-30 00:00:00,20242025,NYI,CAR,4,6,10,2,0,M. Hogberg,P. Kochetkov,8477405,8481611,24,27,30,31,61,-7.2,1.4,-5.8
2024021176,2025-03-30 00:00:00,20242025,TOR,ANA,3,2,5,1,0,J. Woll,L. Dostal,8479361,8480843,29,20,31,23,54,5.8,-2.0,3.8
2024021177,2025-03-30 00:00:00,20242025,SJS,LAK,1,8,9,7,0,G. Romanov,D. Rittich,8484312,8479496,28,22,36,23,59,-10.4,6.4,-4.0
2024021178,2025-03-31 00:00:00,20242025,MIN,NJD,2,3,5,1,1,F. Gustavsson,J. Markstrom,8479406,8474593,26,28,28,30,58,2.2,5.6,7.8
2024021179,2025-03-31 00:00:00,20242025,NSH,PHI,1,2,3,1,0,J. Annunen,I. Fedotov,8481020,8478905,16,28,18,29,47,-0.8,7.6,6.8
2024021180,2025-03-31 00:00:00,20242025,CGY,COL,3,2,5,1,1,D. Vladar,S. Wedgewood,8478435,8475809,28,25,30,27,57,5.6,2.0,7.6
2024021181,2025-03-31 00:00:00,20242025,DAL,SEA,3,1,4,2,0,C. DeSmith,P. Grubauer,8479193,8475831,35,28,36,30,66,9.0,1.6,10.6
2024021182,2025-04-01 00:00:00,20242025,WSH,BOS,4,3,7,1,0,C. Lindgren,J. Swayman,8479292,8480280,21,28,24,32,56,2.2,-2.4,-0.2
2024021183,2025-04-01 00:00:00,20242025,FLA,MTL,2,3,5,1,1,V. Vanecek,S. Montembeault,8477970,8478470,18,25,21,27,48,-1.4,5.0,3.6
2024021184,2025-04-01 00:00:00,20242025,BUF,OTT,5,2,7,3,0,J. Reimer,L. Ullmark,8473503,8476999,33,17,35,21,56,6.6,-4.6,2.0
2024021185,2025-04-01 00:00:00,20242025,NSH,CBJ,4,8,12,4,0,J. Saros,E. Merzlikins,8477424,8478007,19,24,26,28,54,-10.2,0.8,-9.4
2024021186,2025-04-01 00:00:00,20242025,TBL,NYI,4,1,5,3,0,A. Vasilevskiy,I. Sorokin,8476883,8478009,28,20,29,23,52,7.6,-2.0,5.6
2024021187,2025-04-01 00:00:00,20242025,DET,STL,1,2,3,1,1,C. Talbot,J. Binnington,8475660,8476412,35,20,37,21,58,4.0,6.0,10.0
2024021188,2025-04-01 00:00:00,20242025,CGY,UTA,1,3,4,2,0,D. Wolf,K. Vejmelka,8481692,8478872,25,33,27,34,61,1.0,8.6,9.6
2024021189,2025-04-01 00:00:00,20242025,EDM,VGK,3,2,5,1,0,C. Pickard,A. Hill,8475717,8478499,20,17,22,20,42,4.0,-2.6,1.4
2024021190,2025-04-01 00:00:00,20242025,SJS,ANA,3,4,7,1,1,A. Georgiev,L. Dostal,8480382,8480843,34,28,37,31,68,1.8,3.6,5.4
2024021191,2025-04-01 00:00:00,20242025,WPG,LAK,1,4,5,3,0,C. Hellebuyck,D. Kuemper,8476945,8475311,16,19,19,20,39,-2.8,5.8,3.0
2024021192,2025-04-02 00:00:00,20242025,MIN,NYR,4,5,9,1,1,F. Gustavsson,I. Shesterkin,8479406,8478048,34,20,39,24,63,-2.2,0.0,-2.2
2024021193,2025-04-02 00:00:00,20242025,WSH,CAR,1,5,6,4,0,L. Thompson,F. Andersen,8480313,8475883,9,20,12,21,33,-4.2,6.0,1.8
2024021194,2025-04-02 00:00:00,20242025,FLA,TOR,2,3,5,1,0,S. Bobrovsky,A. Stolarz,8475683,8476932,23,29,26,31,57,-1.4,5.8,4.4
2024021195,2025-04-02 00:00:00,20242025,COL,CHI,3,2,5,1,1,S. Wedgewood,S. Knight,8475809,8481519,21,29,23,31,54,4.2,2.8,7.0
2024021196,2025-04-02 00:00:00,20242025,SEA,VAN,5,0,5,5,0,J. Daccord,T. Demko,8478916,8477967,24,14,24,18,42,11.8,-5.2,6.6
2024021197,2025-04-03 00:00:00,20242025,BOS,MTL,1,4,5,3,0,J. Swayman,S. Montembeault,8480280,8478470,28,18,31,19,50,-0.4,5.6,5.2
2024021198,2025-04-03 00:00:00,20242025,TBL,OTT,1,2,3,1,0,A. Vasilevskiy,L. Ullmark,8476883,8476999,17,31,19,32,51,-0.6,8.2,7.6
2024021199,2025-04-03 00:00:00,20242025,COL,CBJ,7,3,10,4,0,M. Blackwood,E. Merzlikins,8478406,8478007,27,21,30,28,58,3.4,-9.8,-6.4
2024021200,2025-04-03 00:00:00,20242025,PIT,STL,4,5,9,1,1,T. Jarry,J. Hofer,8477465,8480981,14,24,19,28,47,-6.2,0.8,-5.4
2024021201,2025-04-03 00:00:00,20242025,NSH,DAL,1,5,6,4,0,J. Annunen,J. Oettinger,8481020,8479979,22,28,27,29,56,-5.6,7.6,2.0
2024021202,2025-04-03 00:00:00,20242025,LAK,UTA,4,2,6,2,0,D. Kuemper,K. Vejmelka,8475311,8478872,28,16,30,19,49,5.6,-2.8,2.8
2024021203,2025-04-03 00:00:00,20242025,ANA,CGY,1,4,5,3,0,J. Gibson,D. Wolf,8476434,8481692,23,26,26,27,53,-1.4,7.2,5.8
2024021204,2025-04-03 00:00:00,20242025,WPG,VGK,4,0,4,4,0,E. Comrie,A. Hill,8477480,8478499,26,16,26,19,45,12.2,-2.8,9.4
2024021205,2025-04-03 00:00:00,20242025,EDM,SJS,3,2,5,1,0,C. Pickard,G. Romanov,8475717,8484312,27,35,29,38,67,5.4,1.0,6.4
2024021206,2025-04-04 00:00:00,20242025,CAR,DET,3,5,8,2,0,P. Kochetkov,C. Talbot,8481611,8475660,16,30,20,33,53,-4.8,4.0,-0.8
2024021207,2025-04-04 00:00:00,20242025,CHI,WSH,3,5,8,2,0,S. Knight,C. Lindgren,8481519,8479292,25,19,28,22,50,-3.0,1.8,-1.2
2024021208,2025-04-04 00:00:00,20242025,MIN,NYI,1,3,4,2,0,F. Gustavsson,I. Sorokin,8479406,8478009,24,27,27,28,55,-1.2,7.4,6.2
2024021209,2025-04-05 00:00:00,20242025,NYR,NJD,0,4,4,4,0,I. Shesterkin,J. Markstrom,8478048,8474593,12,26,15,26,41,-3.6,12.2,8.6
2024021210,2025-04-05 00:00:00,20242025,FLA,OTT,0,3,3,3,0,S. Bobrovsky,A. Forsberg,8475683,8476341,19,39,21,39,60,-0.2,14.8,14.6
2024021211,2025-04-05 00:00:00,20242025,PIT,DAL,5,3,8,2,0,T. Jarry,C. DeSmith,8477465,8479193,21,35,24,39,63,2.2,-1.0,1.2
2024021212,2025-04-05 00:00:00,20242025,ANA,VAN,2,6,8,4,0,L. Dostal,T. Demko,8480843,8477967,20,30,26,32,58,-8.0,6.0,-2.0
2024021213,2025-04-05 00:00:00,20242025,EDM,LAK,0,3,3,3,0,C. Pickard,D. Kuemper,8475717,8475311,26,27,28,27,55,1.2,12.4,13.6
2024021214,2025-04-05 00:00:00,20242025,CAR,BOS,1,5,6,4,0,F. Andersen,J. Swayman,8475883,8480280,22,39,27,40,67,-5.6,9.8,4.2
2024021215,2025-04-05 00:00:00,20242025,TBL,BUF,2,3,5,1,1,J. Johansson,J. Reimer,8477992,8473503,36,22,38,24,62,4.2,4.4,8.6
2024021216,2025-04-05 00:00:00,20242025,CBJ,TOR,0,5,5,5,0,E. Merzlikins,A. Stolarz,8478007,8476932,22,27,27,27,54,-5.6,12.4,6.8
2024021217,2025-04-05 00:00:00,20242025,PHI,MTL,2,3,5,1,0,S. Ersson,S. Montembeault,8481035,8478470,23,22,26,24,50,-1.4,4.4,3.0
2024021218,2025-04-05 00:00:00,20242025,COL,STL,4,5,9,1,0,M. Blackwood,J. Binnington,8478406,8476412,17,35,21,39,60,-4.6,3.0,-1.6
2024021219,2025-04-05 00:00:00,20242025,WPG,UTA,1,4,5,3,0,C. Hellebuyck,K. Vejmelka,8476945,8478872,24,32,27,33,60,-1.2,8.4,7.2
2024021220,2025-04-05 00:00:00,20242025,VGK,CGY,3,2,5,1,1,A. Schmid,D. Wolf,8481033,8481692,21,31,23,34,57,4.2,1.2,5.4
2024021221,2025-04-05 00:00:00,20242025,SEA,SJS,5,1,6,4,0,J. Daccord,A. Georgiev,8478916,8480382,23,7,24,11,35,6.6,-6.6,0.0
2024021222,2025-04-06 00:00:00,20242025,WSH,NYI,1,4,5,3,0,C. Lindgren,I. Sorokin,8479292,8478009,18,28,22,29,51,-4.4,7.6,3.2
2024021223,2025-04-06 00:00:00,20242025,DAL,MIN,2,3,5,1,1,J. Oettinger,F. Gustavsson,8479979,8479406,38,23,41,25,66,2.6,4.6,7.2
2024021224,2025-04-06 00:00:00,20242025,CBJ,OTT,0,4,4,4,0,D. Tarasov,L. Ullmark,8480193,8476999,4,29,6,29,35,-3.2,12.8,9.6
2024021225,2025-04-06 00:00:00,20242025,FLA,DET,1,2,3,1,0,V. Vanecek,C. Talbot,8477970,8475660,22,32,24,33,57,0.4,8.4,8.8
2024021226,2025-04-06 00:00:00,20242025,BOS,BUF,3,6,9,3,0,J. Korpisalo,U. Luukkonen,8476914,8480045,31,17,36,20,56,-3.8,1.4,-2.4
2024021227,2025-04-06 00:00:00,20242025,PIT,CHI,1,3,4,2,0,A. Nedeljkovic,S. Knight,8477968,8481519,28,28,30,29,59,1.6,7.6,9.2
2024021228,2025-04-06 00:00:00,20242025,MTL,NSH,2,1,3,1,0,J. Dobes,J. Saros,8482487,8477424,36,15,37,17,54,9.2,-1.0,8.2
2024021229,2025-04-06 00:00:00,20242025,VGK,VAN,3,2,5,1,0,A. Hill,K. Lankinen,8478499,8480947,19,32,21,35,56,3.8,0.4,4.2
2024021230,2025-04-07 00:00:00,20242025,TBL,NYR,5,1,6,4,0,A. Vasilevskiy,I. Shesterkin,8476883,8478048,38,18,39,22,61,9.6,-4.4,5.2
2024021231,2025-04-07 00:00:00,20242025,STL,WPG,1,3,4,2,0,J. Hofer,C. Hellebuyck,8480981,8476945,23,14,25,15,40,0.6,4.8,5.4
2024021232,2025-04-07 00:00:00,20242025,EDM,ANA,2,3,5,1,0,O. Rodrigue,L. Dostal,8480885,8480843,18,45,21,47,68,-2.4,9.0,6.6
2024021233,2025-04-07 00:00:00,20242025,SEA,LAK,2,1,3,1,0,J. Daccord,D. Kuemper,8478916,8475311,28,26,29,28,57,7.6,1.2,8.8
2024021234,2025-04-07 00:00:00,20242025,CGY,SJS,3,2,5,1,0,D. Wolf,G. Romanov,8481692,8484312,29,29,31,32,63,5.8,-0.2,5.6
2024021235,2025-04-08 00:00:00,20242025,CAR,BUF,0,3,3,3,0,P. Kochetkov,J. Reimer,8481611,8473503,15,33,18,33,51,-3.0,13.6,10.6
2024021236,2025-04-08 00:00:00,20242025,DET,MTL,1,4,5,3,0,C. Talbot,S. Montembeault,8475660,8478470,17,35,19,36,55,-0.6,9.0,8.4
2024021237,2025-04-08 00:00:00,20242025,TOR,FLA,1,3,4,2,0,J. Woll,S. Bobrovsky,8479361,8475683,34,17,36,18,54,2.8,5.4,8.2
2024021238,2025-04-08 00:00:00,20242025,BOS,NJD,7,2,9,5,0,J. Swayman,J. Markstrom,8480280,8474593,19,16,21,23,44,3.8,-10.8,-7.0
2024021239,2025-04-08 00:00:00,20242025,OTT,CBJ,2,5,7,3,0,A. Forsberg,E. Merzlikins,8476341,8478007,30,33,35,35,70,-4.0,6.6,2.6
2024021240,2025-04-08 00:00:00,20242025,CHI,PIT,0,5,5,5,0,S. Knight,T. Jarry,8481519,8477465,22,26,27,26,53,-5.6,12.2,6.6
2024021241,2025-04-08 00:00:00,20242025,NYI,NSH,6,7,13,1,1,I. Sorokin,J. Annunen,8478009,8481020,19,16,23,22,45,-4.2,-4.8,-9.0
2024021242,2025-04-08 00:00:00,20242025,VAN,DAL,6,5,11,1,1,T. Demko,C. DeSmith,8477967,8479193,23,26,27,32,59,0.6,-5.8,-5.2
2024021243,2025-04-08 00:00:00,20242025,SEA,UTA,1,7,8,6,0,J. Daccord,K. Vejmelka,8478916,8478872,22,18,29,19,48,-9.6,5.6,-4.0
2024021244,2025-04-08 00:00:00,20242025,VGK,COL,2,3,5,1,1,A. Schmid,S. Wedgewood,8481033,8475809,34,19,36,21,57,3.8,3.8,7.6
2024021245,2025-04-09 00:00:00,20242025,TOR,TBL,4,3,7,1,1,A. Stolarz,A. Vasilevskiy,8476932,8476883,25,27,28,31,59,3.0,-1.6,1.4
2024021246,2025-04-09 00:00:00,20242025,PHI,NYR,8,5,13,3,0,A. Kolosov,J. Quick,8482783,8471734,24,22,29,28,57,-1.2,-7.6,-8.8
2024021247,2025-04-09 00:00:00,20242025,SJS,MIN,7,8,15,1,1,A. Georgiev,M. Fleury,8480382,8470594,36,24,44,31,75,-7.8,-5.2,-13.0
2024021248,2025-04-09 00:00:00,20242025,STL,EDM,3,4,7,1,0,J. Binnington,C. Pickard,8476412,8475717,19,23,23,26,49,-4.2,2.6,-1.6
2024021249,2025-04-09 00:00:00,20242025,CGY,ANA,3,4,7,1,1,D. Wolf,V. Husso,8481692,8478024,19,36,23,39,62,-3.2,5.2,2.0
2024021250,2025-04-10 00:00:00,20242025,CHI,BOS,5,2,7,3,0,A. Soderblom,J. Swayman,8482821,8480280,31,16,33,20,53,6.2,-4.8,1.4
2024021251,2025-04-10 00:00:00,20242025,DET,FLA,1,4,5,3,0,C. Talbot,S. Bobrovsky,8475660,8475683,27,22,31,23,54,-2.6,6.4,3.8
2024021252,2025-04-10 00:00:00,20242025,CAR,WSH,4,5,9,1,1,F. Andersen,C. Lindgren,8475883,8479292,24,30,28,34,62,-2.2,2.0,-0.2
2024021253,2025-04-10 00:00:00,20242025,BUF,CBJ,2,3,5,1,0,J. Reimer,J. Greaves,8473503,8482982,27,39,30,41,71,-0.6,7.8,7.2
2024021254,2025-04-10 00:00:00,20242025,NYR,NYI,9,2,11,7,0,I. Shesterkin,M. Hogberg,8478048,8477405,44,22,46,30,76,8.8,-11.6,-2.8
2024021255,2025-04-10 00:00:00,20242025,WPG,DAL,4,0,4,4,0,C. Hellebuyck,J. Oettinger,8476945,8479979,25,31,25,35,60,12.0,-1.8,10.2
2024021256,2025-04-10 00:00:00,20242025,VAN,COL,4,1,5,3,0,K. Lankinen,M. Blackwood,8480947,8478406,31,26,32,29,61,8.2,-0.8,7.4
2024021257,2025-04-10 00:00:00,20242025,NSH,UTA,4,3,7,1,1,J. Saros,K. Vejmelka,8477424,8478872,39,28,42,31,73,5.8,0.6,6.4
2024021258,2025-04-10 00:00:00,20242025,SEA,VGK,1,2,3,1,0,J. Daccord,A. Hill,8478916,8478499,23,24,25,25,50,0.6,6.8,7.4
2024021259,2025-04-10 00:00:00,20242025,ANA,LAK,1,6,7,5,0,L. Dostal,D. Kuemper,8480843,8475311,23,24,29,25,54,-7.4,6.8,-0.6
2024021260,2025-04-11 00:00:00,20242025,MTL,OTT,2,5,7,3,0,S. Montembeault,L. Ullmark,8478470,8476999,29,20,33,22,55,-2.2,4.0,1.8
2024021261,2025-04-11 00:00:00,20242025,DET,TBL,4,3,7,1,1,A. Lyon,A. Vasilevskiy,8479312,8476883,18,22,21,26,47,1.6,-2.6,-1.0
2024021262,2025-04-11 00:00:00,20242025,PIT,NJD,4,2,6,2,0,T. Jarry,J. Allen,8477465,8474596,26,21,28,23,51,5.2,-1.8,3.4
2024021263,2025-04-11 00:00:00,20242025,SJS,EDM,2,4,6,2,0,G. Romanov,C. Pickard,8484312,8475717,30,22,33,24,57,0.0,4.4,4.4
2024021264,2025-04-11 00:00:00,20242025,MIN,CGY,2,4,6,2,0,F. Gustavsson,D. Wolf,8479406,8481692,25,16,29,18,47,-3.0,3.2,0.2
2024021265,2025-04-12 00:00:00,20242025,NYI,PHI,3,4,7,1,1,M. Hogberg,S. Ersson,8477405,8481035,19,37,22,40,62,-1.2,5.4,4.2
2024021266,2025-04-12 00:00:00,20242025,NYR,CAR,3,7,10,4,0,I. Shesterkin,P. Kochetkov,8478048,8481611,21,28,26,31,57,-5.8,3.6,-2.2
2024021267,2025-04-12 00:00:00,20242025,COL,LAK,4,5,9,1,0,M. Blackwood,D. Kuemper,8478406,8475311,28,22,33,26,59,-4.4,0.4,-4.0
2024021268,2025-04-12 00:00:00,20242025,BUF,FLA,2,3,5,1,1,U. Luukkonen,V. Vanecek,8480045,8477970,32,26,34,28,62,3.4,5.2,8.6
2024021269,2025-04-12 00:00:00,20242025,MTL,TOR,0,1,1,1,1,J. Dobes,A. Stolarz,8482487,8476932,34,15,35,15,50,5.8,10.0,15.8
2024021270,2025-04-12 00:00:00,20242025,WSH,CBJ,0,7,7,7,0,H. Shepard,J. Greaves,8482411,8482982,19,22,26,22,48,-10.2,11.4,1.2
2024021271,2025-04-12 00:00:00,20242025,WPG,CHI,5,4,9,1,1,C. Hellebuyck,S. Knight,8476945,8481519,28,38,32,42,74,1.6,0.6,2.2
2024021272,2025-04-12 00:00:00,20242025,UTA,DAL,5,3,8,2,0,K. Vejmelka,C. DeSmith,8478872,8479193,21,29,24,34,58,2.2,-4.2,-2.0
2024021273,2025-04-12 00:00:00,20242025,MIN,VAN,3,2,5,1,1,F. Gustavsson,K. Lankinen,8479406,8480947,12,30,14,33,47,2.4,1.0,3.4
2024021274,2025-04-12 00:00:00,20242025,NSH,VGK,3,5,8,2,0,J. Annunen,A. Hill,8481020,8478499,24,14,28,17,45,-3.2,0.8,-2.4
2024021275,2025-04-12 00:00:00,20242025,STL,SEA,3,4,7,1,1,J. Binnington,P. Grubauer,8476412,8475831,15,20,18,23,41,-2.0,2.0,0.0
2024021276,2025-04-13 00:00:00,20242025,PHI,OTT,3,4,7,1,1,I. Fedotov,A. Forsberg,8478905,8476341,21,29,25,32,57,-2.8,3.8,1.0
2024021277,2025-04-13 00:00:00,20242025,NYI,NJD,1,0,1,1,0,I. Sorokin,J. Markstrom,8478009,8474593,25,22,25,23,48,12.0,2.4,14.4
2024021278,2025-04-13 00:00:00,20242025,BOS,PIT,4,1,5,3,0,J. Korpisalo,T. Jarry,8476914,8477465,23,28,24,31,55,6.6,-0.4,6.2
2024021279,2025-04-13 00:00:00,20242025,TOR,CAR,4,1,5,3,0,J. Woll,F. Andersen,8479361,8475883,25,16,26,20,46,7.0,-4.8,2.2
2024021280,2025-04-13 00:00:00,20242025,BUF,TBL,4,7,11,3,0,J. Reimer,J. Johansson,8473503,8477992,24,21,31,25,56,-9.2,0.2,-9.0
2024021281,2025-04-13 00:00:00,20242025,CBJ,WSH,4,1,5,3,0,J. Greaves,C. Lindgren,8482982,8479292,30,19,31,23,54,8.0,-4.2,3.8
2024021282,2025-04-13 00:00:00,20242025,EDM,WPG,4,1,5,3,0,S. Skinner,E. Comrie,8479973,8477480,17,35,18,38,56,5.4,1.0,6.4
2024021283,2025-04-13 00:00:00,20242025,SJS,CGY,2,5,7,3,0,G. Romanov,D. Wolf,8484312,8481692,25,28,29,30,59,-3.0,5.6,2.6
2024021284,2025-04-13 00:00:00,20242025,COL,ANA,4,2,6,2,0,S. Wedgewood,L. Dostal,8475809,8480843,19,21,21,24,45,3.8,-1.8,2.0
2024021285,2025-04-14 00:00:00,20242025,CHI,MTL,4,3,7,1,1,A. Soderblom,S. Montembeault,8482821,8478470,18,22,21,25,46,1.6,-0.6,1.0
2024021286,2025-04-14 00:00:00,20242025,DAL,DET,4,6,10,2,0,J. Oettinger,C. Talbot,8479979,8475660,31,24,36,28,64,-3.8,0.8,-3.0
2024021287,2025-04-14 00:00:00,20242025,NYR,FLA,5,3,8,2,0,J. Quick,S. Bobrovsky,8471734,8475683,27,20,30,25,55,3.4,-6.0,-2.6
2024021288,2025-04-14 00:00:00,20242025,UTA,NSH,7,3,10,4,0,M. Villalta,J. Saros,8480191,8477424,28,29,31,35,66,3.6,-6.2,-2.6
2024021289,2025-04-14 00:00:00,20242025,LAK,EDM,5,0,5,5,0,D. Kuemper,C. Pickard,8475311,8475717,16,31,16,36,52,10.2,-3.8,6.4
2024021290,2025-04-14 00:00:00,20242025,SJS,VAN,1,2,3,1,1,A. Georgiev,N. Tolopilo,8480382,8484268,35,15,37,16,53,4.0,5.0,9.0
2024021291,2025-04-15 00:00:00,20242025,NJD,BOS,5,4,9,1,1,J. Allen,J. Swayman,8474596,8480280,20,21,24,26,50,0.0,-4.8,-4.8
2024021292,2025-04-15 00:00:00,20242025,TOR,BUF,4,0,4,4,0,A. Stolarz,U. Luukkonen,8476932,8480045,35,28,35,31,66,14.0,-0.4,13.6
2024021293,2025-04-15 00:00:00,20242025,CHI,OTT,4,3,7,1,1,S. Knight,A. Forsberg,8481519,8476341,34,12,37,16,53,4.8,-4.6,0.2
2024021294,2025-04-15 00:00:00,20242025,FLA,TBL,1,5,6,4,0,V. Vanecek,A. Vasilevskiy,8477970,8476883,26,23,31,24,55,-4.8,6.6,1.8
2024021295,2025-04-15 00:00:00,20242025,CBJ,PHI,3,0,3,3,0,J. Greaves,S. Ersson,8482982,8481035,29,31,29,34,63,12.8,0.2,13.0
2024021296,2025-04-15 00:00:00,20242025,WSH,NYI,3,1,4,2,0,C. Lindgren,I. Sorokin,8479292,8478009,32,33,33,35,68,8.4,2.6,11.0
2024021297,2025-04-15 00:00:00,20242025,UTA,STL,1,6,7,5,0,K. Vejmelka,J. Binnington,8478872,8476412,23,22,29,23,52,-7.4,6.4,-1.0
2024021298,2025-04-15 00:00:00,20242025,ANA,MIN,2,3,5,1,1,L. Dostal,F. Gustavsson,8480843,8479406,37,22,40,24,64,2.4,0.4,2.8
2024021299,2025-04-15 00:00:00,20242025,VGK,CGY,4,5,9,1,1,I. Samsonov,D. Wolf,8478492,8481692,24,38,28,42,70,-2.2,3.6,1.4
2024021300,2025-04-15 00:00:00,20242025,LAK,SEA,6,5,11,1,0,D. Rittich,J. Daccord,8479496,8478916,29,18,34,24,58,-0.2,-8.4,-8.6
2024021301,2025-04-16 00:00:00,20242025,CAR,MTL,2,4,6,2,0,P. Kochetkov,S. Montembeault,8481611,8478470,18,27,21,29,50,-2.4,5.4,3.0
2024021302,2025-04-16 00:00:00,20242025,ANA,WPG,1,2,3,1,1,V. Husso,C. Hellebuyck,8478024,8476945,42,30,44,31,75,5.4,8.0,13.4
2024021303,2025-04-16 00:00:00,20242025,DET,NJD,5,2,7,3,0,A. Lyon,N. Daws,8479312,8482076,28,22,30,26,56,5.6,-3.6,2.0
2024021304,2025-04-16 00:00:00,20242025,DAL,NSH,1,5,6,4,0,J. Oettinger,J. Saros,8479979,8477424,17,29,22,30,52,-6.6,7.8,1.2
2024021305,2025-04-16 00:00:00,20242025,VGK,VAN,4,1,5,3,0,A. Schmid,K. Lankinen,8481033,8480947,16,19,17,20,37,5.2,1.8,7.0
2024021306,2025-04-16 00:00:00,20242025,EDM,SJS,3,0,3,3,0,S. Skinner,A. Georgiev,8479973,8480382,18,25,18,27,45,10.6,1.0,11.6
2024020653,2025-04-17 00:00:00,20242025,CGY,LAK,5,1,6,4,0,D. Vladar,D. Rittich,8478435,8479496,30,24,31,29,60,8.0,-5.2,2.8
2024021307,2025-04-17 00:00:00,20242025,PHI,BUF,4,5,9,1,0,A. Kolosov,J. Reimer,8482783,8473503,26,20,30,24,54,-2.8,0.0,-2.8
2024021308,2025-04-17 00:00:00,20242025,DET,TOR,3,4,7,1,1,C. Talbot,J. Woll,8475660,8479361,16,31,20,34,54,-3.8,4.2,0.4
2024021309,2025-04-17 00:00:00,20242025,CAR,OTT,5,7,12,2,0,F. Andersen,L. Ullmark,8475883,8476999,25,28,32,33,65,-9.0,-0.4,-9.4
2024021310,2025-04-17 00:00:00,20242025,TBL,NYR,0,4,4,4,0,J. Johansson,I. Shesterkin,8477992,8478048,18,27,22,27,49,-4.4,12.4,8.0
2024021311,2025-04-17 00:00:00,20242025,WSH,PIT,2,5,7,3,0,C. Stevenson,A. Nedeljkovic,8483532,8477968,33,18,38,20,58,-3.4,3.6,0.2
2024021312,2025-04-17 00:00:00,20242025,NYI,CBJ,1,6,7,5,0,M. Hogberg,J. Greaves,8477405,8482982,20,36,26,37,63,-8.0,9.2,1.2
2024030151,2025-04-19 00:00:00,20242025,STL,WPG,3,5,8,2,0,J. Binnington,C. Hellebuyck,8476412,8476945,21,14,25,17,42,-3.8,0.8,-3.0
2024030161,2025-04-19 00:00:00,20242025,COL,DAL,5,1,6,4,0,M. Blackwood,J. Oettinger,8478406,8479979,23,20,24,24,48,6.6,-4.0,2.6
2024030111,2025-04-20 00:00:00,20242025,OTT,TOR,2,6,8,4,0,L. Ullmark,A. Stolarz,8476999,8476932,18,31,24,33,57,-8.4,6.2,-2.2
2024030141,2025-04-20 00:00:00,20242025,NJD,CAR,1,4,5,3,0,J. Markstrom,F. Andersen,8474593,8475883,41,23,44,24,68,2.2,6.6,8.8
2024030171,2025-04-20 00:00:00,20242025,MIN,VGK,2,4,6,2,0,F. Gustavsson,A. Hill,8479406,8478499,23,18,26,20,46,-1.4,3.6,2.2
2024030131,2025-04-21 00:00:00,20242025,MTL,WSH,2,3,5,1,1,S. Montembeault,L. Thompson,8478470,8480313,29,33,32,35,67,-0.2,6.6,6.4
2024030152,2025-04-21 00:00:00,20242025,STL,WPG,1,2,3,1,0,J. Binnington,C. Hellebuyck,8476412,8476945,20,21,22,22,44,0.0,6.2,6.2
2024030162,2025-04-21 00:00:00,20242025,COL,DAL,3,4,7,1,1,M. Blackwood,J. Oettinger,8478406,8479979,35,34,39,37,76,-1.0,4.8,3.8
2024030181,2025-04-21 00:00:00,20242025,EDM,LAK,5,6,11,1,0,S. Skinner,D. Kuemper,8479973,8475311,24,20,30,25,55,-7.2,-2.0,-9.2
2024030112,2025-04-22 00:00:00,20242025,OTT,TOR,2,3,5,1,1,L. Ullmark,A. Stolarz,8476999,8476932,18,26,21,28,49,-2.4,5.2,2.8
2024030121,2025-04-22 00:00:00,20242025,FLA,TBL,6,2,8,4,0,S. Bobrovsky,A. Vasilevskiy,8475683,8476883,20,11,22,17,39,4.0,-9.8,-5.8
2024030142,2025-04-22 00:00:00,20242025,NJD,CAR,1,3,4,2,0,J. Markstrom,F. Andersen,8474593,8475883,25,25,27,26,53,1.0,7.0,8.0
2024030172,2025-04-22 00:00:00,20242025,MIN,VGK,5,2,7,3,0,F. Gustavsson,A. Hill,8479406,8478499,30,12,32,16,48,6.0,-5.6,0.4
2024030132,2025-04-23 00:00:00,20242025,MTL,WSH,1,3,4,2,0,S. Montembeault,L. Thompson,8478470,8480313,29,25,31,26,57,1.8,7.0,8.8
2024030163,2025-04-23 00:00:00,20242025,DAL,COL,2,1,3,1,1,J. Oettinger,M. Blackwood,8479979,8478406,27,26,28,28,56,7.4,1.2,8.6
2024030182,2025-04-23 00:00:00,20242025,EDM,LAK,2,6,8,4,0,S. Skinner,D. Kuemper,8479973,8475311,23,24,28,26,54,-5.4,4.8,-0.6
2024030113,2025-04-24 00:00:00,20242025,TOR,OTT,3,2,5,1,1,A. Stolarz,L. Ullmark,8476932,8476999,18,17,20,20,40,3.6,-2.6,1.0
2024030122,2025-04-24 00:00:00,20242025,FLA,TBL,2,0,2,2,0,S. Bobrovsky,A. Vasilevskiy,8475683,8476883,19,21,19,22,41,10.8,2.2,13.0
2024030153,2025-04-24 00:00:00,20242025,WPG,STL,2,7,9,5,0,C. Hellebuyck,J. Binnington,8476945,8476412,19,17,25,19,44,-8.2,3.4,-4.8
2024030173,2025-04-24 00:00:00,20242025,VGK,MIN,2,5,7,3,0,A. Hill,F. Gustavsson,8478499,8479406,17,30,21,32,53,-4.6,6.0,1.4
2024030133,2025-04-25 00:00:00,20242025,WSH,MTL,3,6,9,3,0,L. Thompson,S. Montembeault,8480313,8478470,30,11,35,13,48,-4.0,-1.8,-5.8
2024030143,2025-04-25 00:00:00,20242025,CAR,NJD,2,3,5,1,1,F. Andersen,J. Markstrom,8475883,8474593,34,25,37,27,64,0.8,5.0,5.8
2024030183,2025-04-25 00:00:00,20242025,LAK,EDM,4,7,11,3,0,D. Kuemper,C. Pickard,8475311,8475717,30,24,35,28,63,-4.0,0.8,-3.2
2024030114,2025-04-26 00:00:00,20242025,TOR,OTT,3,4,7,1,1,A. Stolarz,L. Ullmark,8476932,8476999,17,31,21,34,55,-4.6,4.2,-0.4
2024030123,2025-04-26 00:00:00,20242025,TBL,FLA,5,1,6,4,0,A. Vasilevskiy,S. Bobrovsky,8476883,8475683,33,17,34,21,55,8.6,-4.6,4.0
2024030164,2025-04-26 00:00:00,20242025,DAL,COL,0,4,4,4,0,J. Oettinger,M. Blackwood,8479979,8478406,31,23,34,23,57,0.2,11.6,11.8
2024030174,2025-04-26 00:00:00,20242025,VGK,MIN,4,3,7,1,1,A. Hill,F. Gustavsson,8478499,8479406,29,42,32,46,78,3.8,0.4,4.2
2024030134,2025-04-27 00:00:00,20242025,WSH,MTL,5,2,7,3,0,L. Thompson,J. Dobes,8480313,8482487,16,21,18,24,42,3.2,-1.8,1.4
2024030144,2025-04-27 00:00:00,20242025,CAR,NJD,5,2,7,3,0,F. Andersen,J. Markstrom,8475883,8474593,6,24,7,28,35,3.2,-3.2,0.0
2024030154,2025-04-27 00:00:00,20242025,WPG,STL,1,5,6,4,0,C. Hellebuyck,J. Binnington,8476945,8476412,13,30,18,31,49,-7.4,8.0,0.6
2024030184,2025-04-27 00:00:00,20242025,LAK,EDM,3,4,7,1,1,D. Kuemper,C. Pickard,8475311,8475717,44,38,48,41,89,0.8,5.6,6.4
2024030124,2025-04-28 00:00:00,20242025,TBL,FLA,2,4,6,2,0,A. Vasilevskiy,S. Bobrovsky,8476883,8475683,19,18,22,20,42,-2.2,3.6,1.4
2024030165,2025-04-28 00:00:00,20242025,COL,DAL,2,6,8,4,0,M. Blackwood,J. Oettinger,8478406,8479979,13,26,18,28,46,-7.4,5.2,-2.2
2024030115,2025-04-29 00:00:00,20242025,OTT,TOR,4,0,4,4,0,L. Ullmark,A. Stolarz,8476999,8476932,29,15,29,17,46,12.8,-1.0,11.8
2024030145,2025-04-29 00:00:00,20242025,NJD,CAR,4,5,9,1,1,J. Markstrom,P. Kochetkov,8474593,8481611,49,31,54,35,89,-0.2,2.2,2.0
2024030175,2025-04-29 00:00:00,20242025,MIN,VGK,2,3,5,1,1,F. Gustavsson,A. Hill,8479406,8478499,23,20,25,22,47,0.6,4.0,4.6
2024030185,2025-04-29 00:00:00,20242025,EDM,LAK,3,1,4,2,0,C. Pickard,D. Kuemper,8475717,8475311,21,43,22,45,67,6.2,4.6,10.8
2024030125,2025-04-30 00:00:00,20242025,FLA,TBL,6,3,9,3,0,S. Bobrovsky,A. Vasilevskiy,8475683,8476883,26,25,29,30,59,3.2,-5.0,-1.8
2024030135,2025-04-30 00:00:00,20242025,MTL,WSH,1,4,5,3,0,J. Dobes,L. Thompson,8482487,8480313,24,28,27,29,56,-1.2,7.6,6.4
2024030155,2025-04-30 00:00:00,20242025,STL,WPG,3,5,8,2,0,J. Binnington,C. Hellebuyck,8476412,8476945,21,16,25,19,44,-3.8,1.2,-2.6
2024030116,2025-05-01 00:00:00,20242025,TOR,OTT,4,2,6,2,0,A. Stolarz,L. Ullmark,8476932,8476999,21,19,23,22,45,4.2,-2.2,2.0
2024030166,2025-05-01 00:00:00,20242025,DAL,COL,4,7,11,3,0,J. Oettinger,M. Blackwood,8479979,8478406,41,22,46,26,72,-1.8,0.4,-1.4
2024030176,2025-05-01 00:00:00,20242025,VGK,MIN,3,2,5,1,0,A. Hill,F. Gustavsson,8478499,8479406,29,21,31,24,55,5.8,-1.8,4.0
2024030186,2025-05-01 00:00:00,20242025,LAK,EDM,4,6,10,2,0,D. Kuemper,C. Pickard,8475311,8475717,23,23,28,27,55,-5.4,0.6,-4.8
2024030156,2025-05-02 00:00:00,20242025,WPG,STL,2,5,7,3,0,C. Hellebuyck,J. Binnington,8476945,8476412,18,21,23,23,46,-6.4,4.2,-2.2
2024030167,2025-05-03 00:00:00,20242025,COL,DAL,2,4,6,2,0,M. Blackwood,J. Oettinger,8478406,8479979,15,25,18,27,45,-3.0,5.0,2.0
2024030157,2025-05-04 00:00:00,20242025,STL,WPG,3,4,7,1,1,J. Binnington,C. Hellebuyck,8476412,8476945,43,26,47,29,76,0.6,3.2,3.8
2024030211,2025-05-05 00:00:00,20242025,FLA,TOR,4,5,9,1,0,S. Bobrovsky,A. Stolarz,8475683,8476932,25,8,30,9,39,-5.0,-0.4,-5.4
2024030221,2025-05-06 00:00:00,20242025,CAR,WSH,2,1,3,1,1,F. Andersen,L. Thompson,8475883,8480313,13,31,14,33,47,4.6,2.2,6.8
2024030241,2025-05-06 00:00:00,20242025,EDM,VGK,4,2,6,2,0,C. Pickard,A. Hill,8475717,8478499,15,24,17,28,45,3.0,-3.2,-0.2
2024030212,2025-05-07 00:00:00,20242025,FLA,TOR,3,4,7,1,0,S. Bobrovsky,J. Woll,8475683,8479361,16,25,20,28,48,-4.8,3.0,-1.8
2024030231,2025-05-07 00:00:00,20242025,DAL,WPG,3,2,5,1,0,J. Oettinger,C. Hellebuyck,8479979,8476945,29,21,31,24,55,5.8,-1.8,4.0
2024030222,2025-05-08 00:00:00,20242025,CAR,WSH,1,3,4,2,0,F. Andersen,L. Thompson,8475883,8480313,18,27,20,28,48,-0.4,7.4,7.0
2024030242,2025-05-08 00:00:00,20242025,EDM,VGK,5,4,9,1,1,C. Pickard,A. Hill,8475717,8478499,28,32,32,37,69,1.6,-3.6,-2.0
2024030213,2025-05-09 00:00:00,20242025,TOR,FLA,4,5,9,1,1,J. Woll,S. Bobrovsky,8479361,8475683,31,27,36,31,67,-3.8,1.4,-2.4
2024030232,2025-05-09 00:00:00,20242025,DAL,WPG,0,4,4,4,0,J. Oettinger,C. Hellebuyck,8479979,8476945,21,21,24,21,45,-1.8,11.2,9.4
2024030223,2025-05-10 00:00:00,20242025,WSH,CAR,0,4,4,4,0,L. Thompson,F. Andersen,8480313,8475883,24,21,28,21,49,-3.2,11.2,8.0
2024030243,2025-05-10 00:00:00,20242025,VGK,EDM,4,3,7,1,0,A. Hill,S. Skinner,8478499,8479973,17,20,20,24,44,1.4,-4.0,-2.6
2024030214,2025-05-11 00:00:00,20242025,TOR,FLA,0,2,2,2,0,J. Woll,S. Bobrovsky,8479361,8475683,35,23,37,23,60,3.0,11.6,14.6
2024030233,2025-05-11 00:00:00,20242025,WPG,DAL,2,5,7,3,0,C. Hellebuyck,J. Oettinger,8476945,8479979,21,24,26,26,52,-5.8,4.8,-1.0
2024030224,2025-05-12 00:00:00,20242025,WSH,CAR,2,5,7,3,0,L. Thompson,F. Andersen,8480313,8475883,33,19,37,21,58,-1.4,3.8,2.4
2024030244,2025-05-12 00:00:00,20242025,VGK,EDM,0,3,3,3,0,A. Hill,S. Skinner,8478499,8479973,29,23,32,23,55,-0.2,11.6,11.4
2024030234,2025-05-13 00:00:00,20242025,WPG,DAL,1,3,4,2,0,C. Hellebuyck,J. Oettinger,8476945,8479979,21,31,24,32,56,-1.8,8.2,6.4
2024030215,2025-05-14 00:00:00,20242025,FLA,TOR,6,1,7,5,0,S. Bobrovsky,J. Woll,8475683,8479361,31,20,32,25,57,8.2,-6.0,2.2
2024030245,2025-05-14 00:00:00,20242025,EDM,VGK,1,0,1,1,1,S. Skinner,A. Hill,8479973,8478499,24,32,24,33,57,11.8,4.4,16.2
2024030225,2025-05-15 00:00:00,20242025,CAR,WSH,3,1,4,2,0,F. Andersen,L. Thompson,8475883,8480313,18,19,19,21,40,5.6,-0.2,5.4
2024030235,2025-05-15 00:00:00,20242025,DAL,WPG,0,4,4,4,0,J. Oettinger,C. Hellebuyck,8479979,8476945,31,22,34,22,56,0.2,11.4,11.6
2024030216,2025-05-16 00:00:00,20242025,TOR,FLA,2,0,2,2,0,J. Woll,S. Bobrovsky,8479361,8475683,22,15,22,17,39,11.4,-1.0,10.4
2024030236,2025-05-17 00:00:00,20242025,WPG,DAL,1,2,3,1,1,C. Hellebuyck,J. Oettinger,8476945,8479979,18,22,20,23,43,-0.4,6.4,6.0
2024030217,2025-05-18 00:00:00,20242025,FLA,TOR,6,1,7,5,0,S. Bobrovsky,J. Woll,8475683,8479361,19,28,20,33,53,5.8,-4.4,1.4
2024030311,2025-05-20 00:00:00,20242025,FLA,CAR,5,2,7,3,0,S. Bobrovsky,F. Andersen,8475683,8475883,31,15,33,20,53,6.2,-7.0,-0.8
2024030321,2025-05-21 00:00:00,20242025,EDM,DAL,3,6,9,3,0,S. Skinner,J. Oettinger,8479973,8479979,22,24,27,27,54,-5.6,2.8,-2.8
2024030312,2025-05-22 00:00:00,20242025,FLA,CAR,5,0,5,5,0,S. Bobrovsky,F. Andersen,8475683,8475883,17,12,17,16,33,10.4,-5.6,4.8
2024030322,2025-05-23 00:00:00,20242025,EDM,DAL,3,0,3,3,0,S. Skinner,J. Oettinger,8479973,8479979,25,22,25,25,50,12.0,-1.6,10.4
2024030313,2025-05-24 00:00:00,20242025,CAR,FLA,2,6,8,4,0,P. Kochetkov,S. Bobrovsky,8481611,8475683,22,23,28,25,53,-7.6,4.6,-3.0
2024030323,2025-05-25 00:00:00,20242025,DAL,EDM,1,6,7,5,0,J. Oettinger,S. Skinner,8479979,8479973,18,33,24,34,58,-8.4,8.6,0.2
2024030314,2025-05-26 00:00:00,20242025,CAR,FLA,3,0,3,3,0,F. Andersen,S. Bobrovsky,8475883,8475683,20,25,20,26,46,11.0,3.0,14.0
2024030324,2025-05-27 00:00:00,20242025,DAL,EDM,1,4,5,3,0,J. Oettinger,S. Skinner,8479979,8479973,29,28,31,29,60,1.8,7.6,9.4
2024030315,2025-05-28 00:00:00,20242025,FLA,CAR,5,3,8,2,0,S. Bobrovsky,F. Andersen,8475683,8475883,20,20,23,24,47,2.0,-4.0,-2.0
2024030325,2025-05-29 00:00:00,20242025,EDM,DAL,6,3,9,3,0,S. Skinner,J. Oettinger,8479973,8479979,14,0,17,2,19,0.8,-4.0,-3.2
2024030411,2025-06-04 00:00:00,20242025,FLA,EDM,3,4,7,1,1,S. Bobrovsky,S. Skinner,8475683,8479973,42,29,46,32,78,0.4,3.8,4.2
2024030412,2025-06-06 00:00:00,20242025,FLA,EDM,5,4,9,1,1,S. Bobrovsky,S. Skinner,8475683,8479973,42,37,46,42,88,4.4,-2.6,1.8
2024030413,2025-06-09 00:00:00,20242025,EDM,FLA,1,6,7,5,0,S. Skinner,S. Bobrovsky,8479973,8475683,18,32,23,33,56,-6.4,8.4,2.0
2024030414,2025-06-12 00:00:00,20242025,EDM,FLA,5,4,9,1,1,S. Skinner,S. Bobrovsky,8479973,8475683,14,30,17,35,52,-3.2,-4.0,-7.2
2024030415,2025-06-14 00:00:00,20242025,FLA,EDM,5,2,7,3,0,S. Bobrovsky,C. Pickard,8475683,8475717,19,14,21,18,39,3.8,-5.2,-1.4
2024030416,2025-06-17 00:00:00,20242025,EDM,FLA,1,5,6,4,0,S. Skinner,S. Bobrovsky,8479973,8475683,20,28,23,29,52,-2.0,7.6,5.6
2025020001,2025-10-07 00:00:00,20252026,CHI,FLA,2,3,5,1,0,S. Knight,S. Bobrovsky,8481519,8475683,34,17,37,19,56,0.8,3.4,4.2
2025020002,2025-10-07 00:00:00,20252026,PIT,NYR,3,0,3,3,0,A. Silovs,I. Shesterkin,8481668,8478048,25,28,25,29,54,12.0,3.6,15.6
2025020003,2025-10-07 00:00:00,20252026,COL,LAK,4,1,5,3,0,S. Wedgewood,D. Kuemper,8475809,8475311,24,19,25,23,48,6.8,-4.2,2.6
2025020004,2025-10-08 00:00:00,20252026,MTL,TOR,2,5,7,3,0,S. Montembeault,A. Stolarz,8478470,8476932,22,29,25,31,56,-1.6,5.8,4.2
2025020005,2025-10-08 00:00:00,20252026,BOS,WSH,3,1,4,2,0,J. Swayman,L. Thompson,8480280,8480313,35,19,36,21,57,9.0,-0.2,8.8
2025020006,2025-10-08 00:00:00,20252026,CGY,EDM,4,3,7,1,1,D. Wolf,S. Skinner,8481692,8479973,32,19,35,22,57,4.4,-1.2,3.2
2025020007,2025-10-08 00:00:00,20252026,LAK,VGK,6,5,11,1,1,A. Forsberg,A. Hill,8476341,8478499,30,21,35,26,61,0.0,-4.8,-4.8
2025020008,2025-10-09 00:00:00,20252026,CHI,BOS,3,4,7,1,1,A. Soderblom,J. Korpisalo,8482821,8476914,29,21,33,24,57,-1.2,2.2,1.0
2025020009,2025-10-09 00:00:00,20252026,NYR,BUF,4,0,4,4,0,I. Shesterkin,A. Lyon,8478048,8479312,37,29,37,32,69,14.4,-0.2,14.2
2025020010,2025-10-09 00:00:00,20252026,MTL,DET,5,1,6,4,0,J. Dobes,J. Gibson,8482487,8476434,30,8,31,13,44,8.0,-8.4,-0.4
2025020011,2025-10-09 00:00:00,20252026,OTT,TBL,5,4,9,1,0,L. Ullmark,A. Vasilevskiy,8476999,8476883,21,29,25,33,58,0.2,-2.2,-2.0
2025020012,2025-10-09 00:00:00,20252026,PHI,FLA,1,2,3,1,0,D. Vladar,S. Bobrovsky,8478435,8475683,32,19,34,20,54,2.4,5.8,8.2
2025020013,2025-10-09 00:00:00,20252026,NYI,PIT,3,4,7,1,0,I. Sorokin,T. Jarry,8478009,8477465,24,34,28,37,65,-3.2,4.8,1.6
2025020014,2025-10-09 00:00:00,20252026,NJD,CAR,3,6,9,3,0,J. Markstrom,F. Andersen,8474593,8475883,27,19,32,22,54,-4.6,1.8,-2.8
2025020015,2025-10-09 00:00:00,20252026,MIN,STL,5,0,5,5,0,F. Gustavsson,J. Binnington,8479406,8476412,26,16,26,21,47,12.2,-6.8,5.4
2025020016,2025-10-09 00:00:00,20252026,CBJ,NSH,1,2,3,1,0,J. Greaves,J. Saros,8482982,8477424,30,38,32,39,71,2.0,9.6,11.6
2025020017,2025-10-09 00:00:00,20252026,DAL,WPG,5,4,9,1,0,J. Oettinger,C. Hellebuyck,8479979,8476945,21,32,25,37,62,0.2,-3.6,-3.4
2025020018,2025-10-09 00:00:00,20252026,UTA,COL,1,2,3,1,0,K. Vejmelka,S. Wedgewood,8478872,8475809,25,32,27,33,60,1.0,8.4,9.4
2025020019,2025-10-09 00:00:00,20252026,CGY,VAN,1,5,6,4,0,D. Wolf,T. Demko,8481692,8477967,21,17,26,18,44,-5.8,5.4,-0.4
2025020020,2025-10-09 00:00:00,20252026,VGK,SJS,4,3,7,1,1,A. Schmid,A. Nedeljkovic,8481033,8477968,20,27,23,31,54,2.0,-1.6,0.4
2025020021,2025-10-09 00:00:00,20252026,ANA,SEA,1,3,4,2,0,L. Dostal,J. Daccord,8480843,8478916,28,35,31,36,67,-0.4,9.0,8.6
2025020022,2025-10-11 00:00:00,20252026,LAK,WPG,2,3,5,1,0,D. Kuemper,C. Hellebuyck,8475311,8476945,24,30,27,32,59,-1.2,6.0,4.8
2025020023,2025-10-11 00:00:00,20252026,STL,CGY,4,2,6,2,0,J. Hofer,D. Wolf,8480981,8481692,27,24,29,28,57,5.4,-3.2,2.2
2025020024,2025-10-11 00:00:00,20252026,BUF,BOS,1,3,4,2,0,A. Lyon,J. Swayman,8479312,8480280,28,21,30,22,52,1.6,6.2,7.8
2025020025,2025-10-11 00:00:00,20252026,TOR,DET,3,6,9,3,0,A. Stolarz,C. Talbot,8476932,8475660,29,20,33,23,56,-2.2,2.0,-0.2
2025020026,2025-10-11 00:00:00,20252026,NJD,TBL,5,3,8,2,0,J. Markstrom,A. Vasilevskiy,8474593,8476883,14,26,17,31,48,0.8,-4.8,-4.0
2025020027,2025-10-11 00:00:00,20252026,OTT,FLA,2,6,8,4,0,L. Ullmark,S. Bobrovsky,8476999,8475683,21,26,27,28,55,-7.8,5.2,-2.6
2025020028,2025-10-11 00:00:00,20252026,WSH,NYI,4,2,6,2,0,L. Thompson,I. Sorokin,8480313,8478009,34,25,36,29,65,6.8,-3.0,3.8
2025020029,2025-10-11 00:00:00,20252026,NYR,PIT,6,1,7,5,0,I. Shesterkin,A. Silovs,8478048,8481668,18,24,19,30,49,5.6,-7.2,-1.6
2025020030,2025-10-11 00:00:00,20252026,PHI,CAR,3,4,7,1,1,S. Ersson,F. Andersen,8481035,8475883,35,20,39,23,62,0.0,2.0,2.0
2025020031,2025-10-11 00:00:00,20252026,MTL,CHI,3,2,5,1,0,S. Montembeault,S. Knight,8478470,8481519,20,25,22,28,50,4.0,-1.0,3.0
2025020032,2025-10-11 00:00:00,20252026,UTA,NSH,3,2,5,1,1,K. Vejmelka,J. Saros,8478872,8477424,21,20,23,23,46,4.2,-1.0,3.2
2025020033,2025-10-11 00:00:00,20252026,CBJ,MIN,7,4,11,3,0,E. Merzlikins,F. Gustavsson,8478007,8479406,48,25,52,31,83,5.6,-7.0,-1.4
2025020034,2025-10-11 00:00:00,20252026,DAL,COL,5,4,9,1,1,J. Oettinger,S. Wedgewood,8479979,8475809,35,18,39,22,61,3.0,-3.4,-0.4
2025020035,2025-10-11 00:00:00,20252026,VAN,EDM,1,3,4,2,0,T. Demko,C. Pickard,8477967,8475717,34,14,36,15,51,2.8,4.8,7.6
2025020036,2025-10-11 00:00:00,20252026,ANA,SJS,7,6,13,1,1,P. Mrazek,Y. Askarov,8475852,8482137,17,37,23,44,67,-4.6,-5.6,-10.2
2025020037,2025-10-11 00:00:00,20252026,VGK,SEA,1,2,3,1,1,A. Hill,J. Daccord,8478499,8478916,20,26,22,27,49,1.0,7.2,8.2
2025020038,2025-10-12 00:00:00,20252026,WSH,NYR,1,0,1,1,0,C. Lindgren,J. Quick,8479292,8471734,35,20,35,21,56,14.0,2.0,16.0
2025020039,2025-10-13 00:00:00,20252026,COL,BUF,3,1,4,2,0,S. Wedgewood,A. Lyon,8475809,8479312,27,34,28,37,65,7.4,0.8,8.2
2025020040,2025-10-13 00:00:00,20252026,TBL,BOS,4,3,7,1,0,J. Johansson,J. Korpisalo,8477992,8476914,30,19,33,23,56,4.0,-4.2,-0.2
2025020041,2025-10-13 00:00:00,20252026,NSH,OTT,4,1,5,3,0,J. Saros,L. Ullmark,8477424,8476999,31,22,32,24,56,8.2,0.4,8.6
2025020042,2025-10-13 00:00:00,20252026,WPG,NYI,5,2,7,3,0,E. Comrie,I. Sorokin,8477480,8478009,33,21,35,25,60,6.6,-3.8,2.8
2025020043,2025-10-13 00:00:00,20252026,DET,TOR,3,2,5,1,0,C. Talbot,A. Stolarz,8475660,8476932,38,12,40,15,55,7.6,-3.6,4.0
2025020044,2025-10-13 00:00:00,20252026,FLA,PHI,2,5,7,3,0,D. Tarasov,D. Vladar,8480193,8478435,17,24,20,26,46,-2.6,4.8,2.2
2025020045,2025-10-13 00:00:00,20252026,NJD,CBJ,3,2,5,1,0,J. Allen,J. Greaves,8474596,8482982,23,25,24,27,51,2.6,1.0,3.6
2025020046,2025-10-13 00:00:00,20252026,STL,VAN,5,2,7,3,0,J. Binnington,K. Lankinen,8476412,8480947,27,31,29,35,64,5.4,-1.8,3.6
2025020047,2025-10-13 00:00:00,20252026,LAK,MIN,3,4,7,1,1,D. Kuemper,J. Wallstedt,8475311,8482661,23,31,26,34,60,-0.4,4.2,3.8
2025020048,2025-10-13 00:00:00,20252026,UTA,CHI,1,3,4,2,0,V. Vanecek,S. Knight,8477970,8481519,11,21,13,22,35,-1.8,6.2,4.4
2025020049,2025-10-14 00:00:00,20252026,NSH,TOR,4,7,11,3,0,J. Annunen,C. Primeau,8481020,8480051,21,26,26,30,56,-5.8,1.2,-4.6
2025020050,2025-10-14 00:00:00,20252026,SEA,MTL,4,5,9,1,1,J. Daccord,S. Montembeault,8478916,8478470,17,18,22,22,44,-5.6,-0.4,-6.0
2025020051,2025-10-14 00:00:00,20252026,EDM,NYR,2,0,2,2,0,S. Skinner,I. Shesterkin,8479973,8478048,30,20,30,21,51,13.0,2.0,15.0
2025020052,2025-10-14 00:00:00,20252026,TBL,WSH,2,3,5,1,1,A. Vasilevskiy,L. Thompson,8476883,8480313,25,17,28,19,47,0.0,3.4,3.4
2025020053,2025-10-14 00:00:00,20252026,VGK,CGY,4,2,6,2,0,A. Hill,D. Wolf,8478499,8481692,8,26,10,29,39,-2.4,-0.8,-3.2
2025020054,2025-10-14 00:00:00,20252026,MIN,DAL,2,5,7,3,0,F. Gustavsson,J. Oettinger,8479406,8479979,20,39,23,41,64,-2.0,7.8,5.8
2025020055,2025-10-14 00:00:00,20252026,CAR,SJS,5,1,6,4,0,B. Bussi,A. Nedeljkovic,8483548,8477968,16,38,17,43,60,5.2,-2.4,2.8
2025020056,2025-10-14 00:00:00,20252026,PIT,ANA,3,4,7,1,0,T. Jarry,L. Dostal,8477465,8480843,18,22,22,25,47,-4.4,2.4,-2.0
2025020057,2025-10-15 00:00:00,20252026,OTT,BUF,4,8,12,4,0,L. Meriläinen,A. Lyon,8482447,8479312,19,33,26,37,63,-10.2,2.6,-7.6
2025020058,2025-10-15 00:00:00,20252026,FLA,DET,1,4,5,3,0,S. Bobrovsky,C. Talbot,8475683,8475660,21,20,23,21,44,0.2,6.0,6.2
2025020059,2025-10-15 00:00:00,20252026,CHI,STL,8,3,11,5,0,A. Soderblom,J. Hofer,8482821,8480981,23,15,26,22,48,2.6,-11.0,-8.4
2025020060,2025-10-15 00:00:00,20252026,CGY,UTA,1,3,4,2,0,D. Cooley,K. Vejmelka,8482445,8478872,29,19,31,20,51,1.8,5.8,7.6
2025020061,2025-10-16 00:00:00,20252026,NYR,TOR,1,2,3,1,1,I. Shesterkin,A. Stolarz,8478048,8476932,22,28,24,29,53,1.4,7.6,9.0
2025020062,2025-10-16 00:00:00,20252026,NSH,MTL,2,3,5,1,1,J. Saros,J. Dobes,8477424,8482487,27,17,30,19,49,0.4,3.4,3.8
2025020063,2025-10-16 00:00:00,20252026,SEA,OTT,3,4,7,1,1,P. Grubauer,L. Ullmark,8475831,8476999,20,30,23,33,56,-1.0,4.0,3.0
2025020064,2025-10-16 00:00:00,20252026,FLA,NJD,1,3,4,2,0,D. Tarasov,J. Allen,8480193,8474596,30,21,33,22,55,0.0,6.2,6.2
2025020065,2025-10-16 00:00:00,20252026,EDM,NYI,2,4,6,2,0,S. Skinner,D. Rittich,8479973,8479496,21,31,24,33,57,-1.8,6.2,4.4
2025020066,2025-10-16 00:00:00,20252026,WPG,PHI,5,2,7,3,0,C. Hellebuyck,S. Ersson,8476945,8481035,15,10,17,14,31,3.0,-6.0,-3.0
2025020067,2025-10-16 00:00:00,20252026,COL,CBJ,4,1,5,3,0,S. Wedgewood,E. Merzlikins,8475809,8478007,22,32,23,35,58,6.4,0.4,6.8
2025020068,2025-10-16 00:00:00,20252026,VAN,DAL,5,3,8,2,0,T. Demko,C. DeSmith,8477967,8479193,28,21,31,26,57,3.6,-5.8,-2.2
2025020069,2025-10-16 00:00:00,20252026,BOS,VGK,5,6,11,1,0,J. Swayman,A. Schmid,8480280,8481033,31,19,37,24,61,-5.8,-2.2,-8.0
2025020070,2025-10-16 00:00:00,20252026,CAR,ANA,4,1,5,3,0,F. Andersen,L. Dostal,8475883,8480843,23,28,24,32,56,6.6,-2.4,4.2
2025020071,2025-10-16 00:00:00,20252026,PIT,LAK,4,2,6,2,0,A. Silovs,A. Forsberg,8481668,8476341,30,22,32,25,57,6.0,-1.6,4.4
2025020072,2025-10-17 00:00:00,20252026,TBL,DET,1,2,3,1,1,A. Vasilevskiy,J. Gibson,8476883,8476434,29,31,31,32,63,2.8,8.2,11.0
2025020073,2025-10-17 00:00:00,20252026,MIN,WSH,1,5,6,4,0,F. Gustavsson,L. Thompson,8479406,8480313,40,13,45,14,59,-2.0,4.6,2.6
2025020074,2025-10-17 00:00:00,20252026,VAN,CHI,3,2,5,1,1,K. Lankinen,S. Knight,8480947,8481519,31,30,33,32,65,6.2,3.0,9.2
2025020075,2025-10-17 00:00:00,20252026,SJS,UTA,3,6,9,3,0,Y. Askarov,K. Vejmelka,8482137,8478872,28,18,34,21,55,-6.4,1.6,-4.8
2025020076,2025-10-18 00:00:00,20252026,FLA,BUF,0,3,3,3,0,S. Bobrovsky,A. Lyon,8475683,8479312,28,32,31,32,63,-0.4,13.4,13.0
2025020077,2025-10-18 00:00:00,20252026,NYI,OTT,5,4,9,1,0,I. Sorokin,L. Ullmark,8478009,8476999,28,18,32,23,55,1.6,-6.4,-4.8
2025020078,2025-10-18 00:00:00,20252026,EDM,NJD,3,5,8,2,0,C. Pickard,J. Allen,8475717,8474596,18,27,22,30,52,-4.4,3.4,-1.0
2025020079,2025-10-18 00:00:00,20252026,SEA,TOR,4,3,7,1,1,J. Daccord,A. Stolarz,8478916,8476932,27,24,30,28,58,3.4,-2.2,1.2
2025020080,2025-10-18 00:00:00,20252026,NYR,MTL,4,3,7,1,0,J. Quick,S. Montembeault,8471734,8478470,21,18,24,22,46,2.2,-4.4,-2.2
2025020081,2025-10-18 00:00:00,20252026,MIN,PHI,1,2,3,1,1,J. Wallstedt,D. Vladar,8482661,8478435,19,15,21,16,37,0.8,5.0,5.8
2025020082,2025-10-18 00:00:00,20252026,TBL,CBJ,2,3,5,1,0,J. Johansson,J. Greaves,8477992,8482982,28,22,31,24,55,-0.4,4.4,4.0
2025020083,2025-10-18 00:00:00,20252026,DAL,STL,1,3,4,2,0,J. Oettinger,J. Binnington,8479979,8476412,19,18,21,19,40,-0.2,5.6,5.4
2025020084,2025-10-18 00:00:00,20252026,NSH,WPG,1,4,5,3,0,J. Saros,C. Hellebuyck,8477424,8476945,20,30,24,31,55,-4.0,8.0,4.0
2025020085,2025-10-18 00:00:00,20252026,BOS,COL,1,4,5,3,0,J. Swayman,S. Wedgewood,8480280,8475809,34,13,37,14,51,0.8,4.6,5.4
2025020086,2025-10-18 00:00:00,20252026,CAR,LAK,4,3,7,1,1,B. Bussi,A. Forsberg,8483548,8476341,25,36,28,40,68,3.0,0.2,3.2
2025020087,2025-10-18 00:00:00,20252026,CGY,VGK,1,6,7,5,0,D. Wolf,A. Hill,8481692,8478499,14,26,19,27,46,-7.2,7.2,0.0
2025020088,2025-10-18 00:00:00,20252026,PIT,SJS,3,0,3,3,0,T. Jarry,A. Nedeljkovic,8477465,8477968,31,24,31,26,57,13.2,0.8,14.0
2025020089,2025-10-19 00:00:00,20252026,VAN,WSH,4,3,7,1,0,T. Demko,C. Lindgren,8477967,8479292,28,20,31,24,55,3.6,-4.0,-0.4
2025020090,2025-10-19 00:00:00,20252026,EDM,DET,2,4,6,2,0,S. Skinner,J. Gibson,8479973,8476434,21,16,24,18,42,-1.8,3.2,1.4
2025020091,2025-10-19 00:00:00,20252026,ANA,CHI,1,2,3,1,1,L. Dostal,S. Knight,8480843,8481519,28,38,30,39,69,2.6,9.6,12.2
2025020092,2025-10-19 00:00:00,20252026,BOS,UTA,2,3,5,1,0,J. Korpisalo,V. Vanecek,8476914,8477970,24,24,27,26,53,-1.2,4.8,3.6
2025020093,2025-10-20 00:00:00,20252026,MIN,NYR,3,1,4,2,0,F. Gustavsson,I. Shesterkin,8479406,8478048,23,29,24,31,55,6.6,1.8,8.4
2025020094,2025-10-20 00:00:00,20252026,SEA,PHI,2,5,7,3,0,J. Daccord,D. Vladar,8478916,8478435,16,21,21,23,44,-6.8,4.2,-2.6
2025020095,2025-10-20 00:00:00,20252026,BUF,MTL,2,4,6,2,0,A. Lyon,J. Dobes,8479312,8482487,28,30,31,32,63,-0.4,6.0,5.6
2025020096,2025-10-20 00:00:00,20252026,WPG,CGY,2,1,3,1,0,C. Hellebuyck,D. Wolf,8476945,8481692,32,25,33,27,60,8.4,1.0,9.4
2025020097,2025-10-20 00:00:00,20252026,CAR,VGK,1,4,5,3,0,F. Andersen,A. Hill,8475883,8478499,22,4,25,4,29,-1.6,3.8,2.2
2025020098,2025-10-21 00:00:00,20252026,NJD,TOR,5,2,7,3,0,J. Allen,A. Stolarz,8474596,8476932,23,30,25,34,59,4.6,-2.0,2.6
2025020099,2025-10-21 00:00:00,20252026,EDM,OTT,3,2,5,1,1,S. Skinner,L. Ullmark,8479973,8476999,19,22,21,25,46,3.8,-0.6,3.2
2025020100,2025-10-21 00:00:00,20252026,SJS,NYI,3,4,7,1,0,Y. Askarov,I. Sorokin,8482137,8478009,23,33,27,36,63,-3.4,4.6,1.2
2025020101,2025-10-21 00:00:00,20252026,VAN,PIT,1,5,6,4,0,K. Lankinen,A. Silovs,8480947,8481668,21,23,26,24,50,-5.8,6.6,0.8
2025020102,2025-10-21 00:00:00,20252026,SEA,WSH,1,4,5,3,0,M. Murray,L. Thompson,8476899,8480313,30,18,33,19,52,0.0,5.6,5.6
2025020103,2025-10-21 00:00:00,20252026,FLA,BOS,4,3,7,1,0,S. Bobrovsky,J. Swayman,8475683,8480280,28,19,31,23,54,3.6,-4.2,-0.6
2025020104,2025-10-21 00:00:00,20252026,LAK,STL,2,1,3,1,1,D. Kuemper,J. Binnington,8475311,8476412,17,26,18,28,46,5.4,2.2,7.6
2025020105,2025-10-21 00:00:00,20252026,ANA,NSH,5,2,7,3,0,L. Dostal,J. Saros,8480843,8477424,26,27,28,32,60,5.2,-4.6,0.6
2025020106,2025-10-21 00:00:00,20252026,CBJ,DAL,5,1,6,4,0,E. Merzlikins,J. Oettinger,8478007,8479979,22,24,23,28,51,6.4,-3.2,3.2
2025020107,2025-10-21 00:00:00,20252026,COL,UTA,3,4,7,1,1,S. Wedgewood,K. Vejmelka,8475809,8478872,29,30,33,33,66,-1.2,4.0,2.8
2025020108,2025-10-22 00:00:00,20252026,MIN,NJD,1,4,5,3,0,F. Gustavsson,N. Daws,8479406,8482076,31,30,34,31,65,0.2,8.0,8.2
2025020109,2025-10-22 00:00:00,20252026,DET,BUF,2,4,6,2,0,J. Gibson,C. Ellis,8476434,8481551,27,29,31,31,62,-2.6,5.8,3.2
2025020110,2025-10-22 00:00:00,20252026,MTL,CGY,2,1,3,1,1,J. Dobes,D. Wolf,8482487,8481692,36,26,37,28,65,9.2,2.2,11.4
2025020111,2025-10-23 00:00:00,20252026,ANA,BOS,7,5,12,2,0,P. Mrazek,J. Korpisalo,8475852,8476914,37,23,42,29,71,1.4,-7.4,-6.0
2025020112,2025-10-23 00:00:00,20252026,PHI,OTT,1,2,3,1,0,D. Vladar,L. Ullmark,8478435,8476999,31,22,33,23,56,2.2,6.4,8.6
2025020113,2025-10-23 00:00:00,20252026,CHI,TBL,3,2,5,1,0,S. Knight,A. Vasilevskiy,8481519,8476883,29,22,31,25,56,5.8,-1.6,4.2
2025020114,2025-10-23 00:00:00,20252026,PIT,FLA,5,3,8,2,0,T. Jarry,S. Bobrovsky,8477465,8475683,34,12,37,17,54,4.8,-7.6,-2.8
2025020115,2025-10-23 00:00:00,20252026,DET,NYI,2,7,9,5,0,C. Talbot,D. Rittich,8475660,8479496,23,32,30,34,64,-9.4,6.4,-3.0
2025020116,2025-10-23 00:00:00,20252026,SJS,NYR,6,5,11,1,1,A. Nedeljkovic,I. Shesterkin,8477968,8478048,23,18,28,24,52,-1.4,-7.4,-8.8
2025020117,2025-10-23 00:00:00,20252026,UTA,STL,7,4,11,3,0,K. Vejmelka,J. Hofer,8478872,8480981,16,3,20,6,26,-0.8,-5.4,-6.2
2025020118,2025-10-23 00:00:00,20252026,VAN,NSH,1,2,3,1,0,T. Demko,J. Saros,8477967,8477424,33,21,35,22,57,2.6,6.2,8.8
2025020119,2025-10-23 00:00:00,20252026,LAK,DAL,3,2,5,1,1,D. Kuemper,J. Oettinger,8475311,8479979,29,22,31,25,56,5.8,-0.6,5.2
2025020120,2025-10-23 00:00:00,20252026,SEA,WPG,3,0,3,3,0,J. Daccord,C. Hellebuyck,8478916,8476945,32,25,32,26,58,13.4,3.0,16.4
2025020121,2025-10-23 00:00:00,20252026,CAR,COL,5,4,9,1,1,F. Andersen,S. Wedgewood,8475883,8475809,44,7,48,11,59,4.8,-6.6,-1.8
2025020122,2025-10-23 00:00:00,20252026,MTL,EDM,5,6,11,1,0,S. Montembeault,C. Pickard,8478470,8475717,23,22,29,27,56,-7.4,-1.6,-9.0
2025020123,2025-10-24 00:00:00,20252026,TOR,BUF,3,5,8,2,0,A. Stolarz,A. Lyon,8476932,8479312,25,31,30,34,64,-5.0,4.2,-0.8
2025020124,2025-10-24 00:00:00,20252026,SJS,NJD,1,3,4,2,0,Y. Askarov,J. Allen,8482137,8474596,26,16,28,17,45,1.2,5.2,6.4
2025020125,2025-10-24 00:00:00,20252026,WSH,CBJ,5,1,6,4,0,L. Thompson,J. Greaves,8480313,8482982,34,25,35,30,65,8.8,-5.0,3.8
2025020126,2025-10-24 00:00:00,20252026,CGY,WPG,3,5,8,2,0,D. Wolf,E. Comrie,8481692,8477480,27,30,31,33,64,-2.6,4.0,1.4
2025020127,2025-10-25 00:00:00,20252026,NYI,PHI,3,4,7,1,1,I. Sorokin,S. Ersson,8478009,8481035,23,23,26,26,52,-0.4,2.6,2.2
2025020128,2025-10-25 00:00:00,20252026,COL,BOS,2,3,5,1,0,S. Wedgewood,J. Swayman,8475809,8480280,16,31,19,33,52,-2.8,6.2,3.4
2025020129,2025-10-25 00:00:00,20252026,ANA,TBL,3,4,7,1,0,L. Dostal,J. Johansson,8480843,8477992,29,37,33,40,73,-2.2,5.4,3.2
2025020130,2025-10-25 00:00:00,20252026,VGK,FLA,0,3,3,3,0,A. Schmid,S. Bobrovsky,8481033,8475683,23,17,26,17,43,-1.4,10.4,9.0
2025020131,2025-10-25 00:00:00,20252026,UTA,MIN,6,2,8,4,0,K. Vejmelka,F. Gustavsson,8478872,8479406,33,35,35,40,75,6.6,-3.0,3.6
2025020132,2025-10-25 00:00:00,20252026,BUF,TOR,3,4,7,1,1,U. Luukkonen,C. Primeau,8480045,8480051,19,23,23,26,49,-3.2,2.6,-0.6
2025020133,2025-10-25 00:00:00,20252026,STL,DET,4,6,10,2,0,J. Binnington,J. Gibson,8476412,8476434,22,25,27,29,56,-5.6,1.0,-4.6
2025020134,2025-10-25 00:00:00,20252026,CBJ,PIT,5,4,9,1,1,E. Merzlikins,A. Silovs,8478007,8481668,27,37,31,41,72,1.4,0.4,1.8
2025020135,2025-10-25 00:00:00,20252026,OTT,WSH,7,1,8,6,0,L. Ullmark,C. Lindgren,8476999,8479292,12,27,13,34,47,4.4,-8.6,-4.2
2025020136,2025-10-25 00:00:00,20252026,MTL,VAN,4,3,7,1,0,J. Dobes,K. Lankinen,8482487,8480947,28,20,31,24,55,3.6,-4.0,-0.4
2025020137,2025-10-25 00:00:00,20252026,LAK,NSH,4,5,9,1,1,D. Kuemper,J. Saros,8475311,8477424,21,36,25,40,65,-2.8,3.2,0.4
2025020138,2025-10-25 00:00:00,20252026,CAR,DAL,2,3,5,1,0,B. Bussi,J. Oettinger,8483548,8479979,31,26,34,28,62,0.2,5.2,5.4
2025020139,2025-10-25 00:00:00,20252026,EDM,SEA,2,3,5,1,0,S. Skinner,J. Daccord,8479973,8478916,20,31,23,33,56,-2.0,6.2,4.2
2025020140,2025-10-26 00:00:00,20252026,COL,NJD,3,4,7,1,1,T. Miner,J. Allen,8481529,8474596,20,21,24,24,48,-3.0,2.2,-0.8
2025020141,2025-10-26 00:00:00,20252026,VGK,TBL,1,2,3,1,1,C. Lindbom,A. Vasilevskiy,8482761,8476883,26,18,28,19,47,2.2,5.6,7.8
2025020142,2025-10-26 00:00:00,20252026,SJS,MIN,6,5,11,1,1,Y. Askarov,J. Wallstedt,8482137,8482661,28,19,33,25,58,-0.4,-7.2,-7.6
2025020143,2025-10-26 00:00:00,20252026,UTA,WPG,3,2,5,1,0,V. Vanecek,C. Hellebuyck,8477970,8476945,28,29,30,32,62,5.6,-0.2,5.4
2025020144,2025-10-26 00:00:00,20252026,LAK,CHI,3,1,4,2,0,A. Forsberg,A. Soderblom,8476341,8482821,22,19,23,21,44,6.4,-0.2,6.2
2025020145,2025-10-26 00:00:00,20252026,DAL,NSH,3,2,5,1,0,C. DeSmith,J. Annunen,8479193,8481020,23,25,25,28,53,4.6,-1.0,3.6
2025020146,2025-10-26 00:00:00,20252026,NYR,CGY,1,5,6,4,0,I. Shesterkin,D. Wolf,8478048,8481692,25,30,30,31,61,-5.0,8.0,3.0
2025020147,2025-10-26 00:00:00,20252026,EDM,VAN,3,4,7,1,1,C. Pickard,T. Demko,8475717,8477967,23,26,27,29,56,-2.4,3.2,0.8
2025020148,2025-10-27 00:00:00,20252026,STL,PIT,3,6,9,3,0,J. Hofer,T. Jarry,8480981,8477465,20,25,25,28,53,-6.0,3.0,-3.0
2025020149,2025-10-27 00:00:00,20252026,BOS,OTT,2,7,9,5,0,J. Swayman,L. Meriläinen,8480280,8482447,16,26,23,28,51,-10.8,5.2,-5.6
2025020150,2025-10-28 00:00:00,20252026,PIT,PHI,2,3,5,1,1,A. Silovs,S. Ersson,8481668,8481035,32,24,34,26,60,3.4,4.8,8.2
2025020151,2025-10-28 00:00:00,20252026,CGY,TOR,3,4,7,1,0,D. Wolf,A. Stolarz,8481692,8476932,33,26,37,29,66,-1.4,3.2,1.8
2025020152,2025-10-28 00:00:00,20252026,CBJ,BUF,4,3,7,1,1,J. Greaves,A. Lyon,8482982,8479312,35,35,38,39,77,5.0,0.0,5.0
2025020153,2025-10-28 00:00:00,20252026,ANA,FLA,3,2,5,1,1,L. Dostal,D. Tarasov,8480843,8480193,31,15,33,17,50,6.2,0.0,6.2
2025020154,2025-10-28 00:00:00,20252026,NYI,BOS,2,5,7,3,0,I. Sorokin,J. Korpisalo,8478009,8476914,17,33,21,35,56,-4.6,6.6,2.0
2025020155,2025-10-28 00:00:00,20252026,VGK,CAR,6,3,9,3,0,A. Schmid,F. Andersen,8481033,8475883,21,29,24,34,58,2.2,-4.2,-2.0
2025020156,2025-10-28 00:00:00,20252026,TBL,NSH,5,2,7,3,0,A. Vasilevskiy,J. Saros,8476883,8477424,18,27,20,31,51,3.6,-2.6,1.0
2025020157,2025-10-28 00:00:00,20252026,WPG,MIN,4,3,7,1,1,C. Hellebuyck,F. Gustavsson,8476945,8479406,32,17,35,21,56,4.4,-3.6,0.8
2025020158,2025-10-28 00:00:00,20252026,DET,STL,5,2,7,3,0,J. Gibson,J. Binnington,8476434,8476412,20,15,22,19,41,4.0,-5.0,-1.0
2025020159,2025-10-28 00:00:00,20252026,WSH,DAL,0,1,1,1,0,L. Thompson,J. Oettinger,8480313,8479979,18,24,19,24,43,1.6,11.8,13.4
2025020160,2025-10-28 00:00:00,20252026,OTT,CHI,3,7,10,4,0,L. Ullmark,S. Knight,8476999,8481519,19,21,25,24,49,-8.2,2.2,-6.0
2025020161,2025-10-28 00:00:00,20252026,NJD,COL,4,8,12,4,0,J. Markstrom,S. Wedgewood,8474593,8475809,34,26,42,30,72,-9.2,1.2,-8.0
2025020162,2025-10-28 00:00:00,20252026,UTA,EDM,3,6,9,3,0,K. Vejmelka,S. Skinner,8478872,8479973,18,20,23,23,46,-6.4,2.0,-4.4
2025020163,2025-10-28 00:00:00,20252026,NYR,VAN,2,0,2,2,0,J. Quick,T. Demko,8471734,8477967,23,23,23,24,47,11.6,2.6,14.2
2025020164,2025-10-28 00:00:00,20252026,MTL,SEA,4,3,7,1,1,J. Dobes,J. Daccord,8482487,8478916,18,17,21,21,42,1.6,-3.6,-2.0
2025020165,2025-10-28 00:00:00,20252026,LAK,SJS,4,3,7,1,0,D. Kuemper,Y. Askarov,8475311,8482137,37,10,40,14,54,5.4,-6.0,-0.6
2025020166,2025-10-29 00:00:00,20252026,TOR,CBJ,3,6,9,3,0,C. Primeau,E. Merzlikins,8480051,8478007,18,33,24,36,60,-8.4,4.6,-3.8
2025020167,2025-10-30 00:00:00,20252026,BUF,BOS,3,4,7,1,1,A. Lyon,J. Korpisalo,8479312,8476914,18,37,22,40,62,-3.4,5.4,2.0
2025020168,2025-10-30 00:00:00,20252026,CGY,OTT,3,4,7,1,1,D. Cooley,L. Ullmark,8482445,8476999,35,26,38,29,67,2.0,3.2,5.2
2025020169,2025-10-30 00:00:00,20252026,DAL,TBL,1,2,3,1,1,J. Oettinger,A. Vasilevskiy,8479979,8476883,31,20,33,21,54,3.2,6.0,9.2
2025020170,2025-10-30 00:00:00,20252026,NSH,PHI,1,4,5,3,0,J. Saros,D. Vladar,8477424,8478435,14,32,17,33,50,-3.2,8.4,5.2
2025020171,2025-10-30 00:00:00,20252026,NYI,CAR,2,6,8,4,0,D. Rittich,B. Bussi,8479496,8483548,28,26,34,28,62,-6.4,5.2,-1.2
2025020172,2025-10-30 00:00:00,20252026,VAN,STL,4,3,7,1,1,K. Lankinen,J. Binnington,8480947,8476412,36,15,39,18,57,5.2,-2.0,3.2
2025020173,2025-10-30 00:00:00,20252026,PIT,MIN,4,1,5,3,0,T. Jarry,F. Gustavsson,8477465,8479406,26,30,27,33,60,7.2,0.0,7.2
2025020174,2025-10-30 00:00:00,20252026,CHI,WPG,3,6,9,3,0,S. Knight,C. Hellebuyck,8481519,8476945,26,21,32,24,56,-6.8,2.2,-4.6
2025020175,2025-10-30 00:00:00,20252026,NYR,EDM,4,3,7,1,1,I. Shesterkin,S. Skinner,8478048,8479973,33,31,36,35,71,4.6,-0.8,3.8
2025020176,2025-10-30 00:00:00,20252026,NJD,SJS,2,5,7,3,0,J. Allen,A. Nedeljkovic,8474596,8477968,23,29,28,31,59,-5.4,5.8,0.4
2025020177,2025-10-30 00:00:00,20252026,DET,LAK,4,3,7,1,1,C. Talbot,D. Kuemper,8475660,8475311,36,24,39,27,66,5.2,-0.2,5.0
2025020178,2025-10-31 00:00:00,20252026,COL,VGK,4,2,6,2,0,S. Wedgewood,C. Lindbom,8475809,8482761,21,22,23,25,48,4.2,-1.6,2.6
2025020179,2025-10-31 00:00:00,20252026,NYI,WSH,3,1,4,2,0,I. Sorokin,L. Thompson,8478009,8480313,22,20,23,22,45,6.4,0.0,6.4
2025020180,2025-10-31 00:00:00,20252026,DET,ANA,2,5,7,3,0,J. Gibson,L. Dostal,8476434,8480843,27,28,31,30,61,-2.6,5.6,3.0
2025020181,2025-11-01 00:00:00,20252026,CAR,BOS,1,2,3,1,0,F. Andersen,J. Swayman,8475883,8480280,20,28,22,29,51,0.0,7.6,7.6
2025020182,2025-11-01 00:00:00,20252026,PIT,WPG,2,5,7,3,0,A. Silovs,E. Comrie,8481668,8477480,29,28,33,30,63,-2.2,5.6,3.4
2025020183,2025-11-01 00:00:00,20252026,CGY,NSH,2,4,6,2,0,D. Wolf,J. Saros,8481692,8477424,8,33,11,35,46,-4.4,6.6,2.2
2025020184,2025-11-01 00:00:00,20252026,COL,SJS,2,3,5,1,1,M. Blackwood,Y. Askarov,8478406,8482137,20,37,23,38,61,-1.0,7.4,6.4
2025020185,2025-11-01 00:00:00,20252026,DAL,FLA,3,4,7,1,1,C. DeSmith,S. Bobrovsky,8479193,8475683,25,19,28,22,50,0.0,1.8,1.8
2025020186,2025-11-01 00:00:00,20252026,WSH,BUF,3,4,7,1,1,C. Lindgren,U. Luukkonen,8479292,8480045,21,31,24,34,58,-0.8,4.2,3.4
2025020187,2025-11-01 00:00:00,20252026,OTT,MTL,3,4,7,1,1,L. Ullmark,S. Montembeault,8476999,8478470,23,14,27,17,44,-2.4,0.8,-1.6
2025020188,2025-11-01 00:00:00,20252026,TOR,PHI,5,2,7,3,0,A. Stolarz,D. Vladar,8476932,8478435,31,15,33,19,52,6.2,-5.0,1.2
2025020189,2025-11-01 00:00:00,20252026,STL,CBJ,2,3,5,1,0,J. Hofer,J. Greaves,8480981,8482982,32,37,35,39,74,0.4,7.4,7.8
2025020190,2025-11-01 00:00:00,20252026,VAN,MIN,2,5,7,3,0,T. Demko,F. Gustavsson,8477967,8479406,23,26,27,28,55,-3.4,5.2,1.8
2025020191,2025-11-01 00:00:00,20252026,NJD,LAK,4,1,5,3,0,J. Markstrom,D. Kuemper,8474593,8475311,43,18,44,21,65,10.6,-2.4,8.2
2025020192,2025-11-01 00:00:00,20252026,CHI,EDM,2,3,5,1,1,S. Knight,S. Skinner,8481519,8479973,27,27,30,29,59,0.4,5.4,5.8
2025020193,2025-11-01 00:00:00,20252026,NYR,SEA,3,2,5,1,1,I. Shesterkin,J. Daccord,8478048,8478916,11,24,13,27,40,2.2,-0.2,2.0
2025020194,2025-11-02 00:00:00,20252026,TBL,UTA,4,2,6,2,0,J. Johansson,K. Vejmelka,8477992,8478872,25,22,27,25,52,5.0,-1.6,3.4
2025020195,2025-11-02 00:00:00,20252026,CBJ,NYI,2,3,5,1,0,E. Merzlikins,D. Rittich,8478007,8479496,36,20,39,22,61,1.2,4.0,5.2
2025020196,2025-11-02 00:00:00,20252026,CGY,PHI,2,1,3,1,0,D. Wolf,A. Kolosov,8481692,8482783,17,19,18,21,39,5.4,-0.2,5.2
2025020197,2025-11-02 00:00:00,20252026,NJD,ANA,1,4,5,3,0,J. Allen,L. Dostal,8474596,8480843,25,32,28,33,61,-1.0,8.4,7.4
2025020198,2025-11-02 00:00:00,20252026,DET,SJS,3,2,5,1,1,C. Talbot,A. Nedeljkovic,8475660,8477968,16,30,18,32,50,3.2,3.0,6.2
2025020199,2025-11-03 00:00:00,20252026,PIT,TOR,3,4,7,1,0,T. Jarry,A. Stolarz,8477465,8476932,16,34,20,37,57,-4.8,4.8,0.0
2025020200,2025-11-03 00:00:00,20252026,EDM,STL,2,3,5,1,0,C. Pickard,J. Binnington,8475717,8476412,19,24,22,26,48,-2.2,4.8,2.6
2025020201,2025-11-03 00:00:00,20252026,VAN,NSH,5,4,9,1,1,T. Demko,J. Saros,8477967,8477424,25,31,29,36,65,1.0,-2.8,-1.8
2025020202,2025-11-03 00:00:00,20252026,CHI,SEA,1,3,4,2,0,A. Soderblom,J. Daccord,8482821,8478916,21,29,24,30,54,-1.8,7.8,6.0
2025020203,2025-11-04 00:00:00,20252026,UTA,BUF,2,1,3,1,1,K. Vejmelka,A. Lyon,8478872,8479312,17,33,18,35,53,5.4,3.6,9.0
2025020204,2025-11-04 00:00:00,20252026,PHI,MTL,5,4,9,1,1,D. Vladar,S. Montembeault,8478435,8478470,16,38,20,42,62,-0.8,0.6,-0.2
2025020205,2025-11-04 00:00:00,20252026,BOS,NYI,4,3,7,1,1,J. Swayman,I. Sorokin,8480280,8478009,30,24,33,27,60,4.0,-0.2,3.8
2025020206,2025-11-04 00:00:00,20252026,CAR,NYR,3,0,3,3,0,P. Kochetkov,I. Shesterkin,8481611,8478048,26,29,26,31,57,12.2,1.8,14.0
2025020207,2025-11-04 00:00:00,20252026,EDM,DAL,3,4,7,1,1,S. Skinner,C. DeSmith,8479973,8479193,24,23,27,26,53,-0.2,2.6,2.4
2025020208,2025-11-04 00:00:00,20252026,NSH,MIN,2,3,5,1,1,J. Annunen,F. Gustavsson,8481020,8479406,22,32,24,34,58,-0.6,6.4,5.8
2025020209,2025-11-04 00:00:00,20252026,TBL,COL,2,3,5,1,0,A. Vasilevskiy,S. Wedgewood,8476883,8475809,30,22,33,24,57,0.0,4.4,4.4
2025020210,2025-11-04 00:00:00,20252026,DET,VGK,0,1,1,1,0,J. Gibson,A. Schmid,8476434,8481033,33,24,34,24,58,4.6,11.8,16.4
2025020211,2025-11-04 00:00:00,20252026,FLA,ANA,3,7,10,4,0,S. Bobrovsky,L. Dostal,8475683,8480843,25,18,32,21,53,-9.0,1.6,-7.4
2025020212,2025-11-04 00:00:00,20252026,WPG,LAK,0,3,3,3,0,C. Hellebuyck,D. Kuemper,8476945,8475311,23,23,25,23,48,0.6,11.6,12.2
2025020213,2025-11-05 00:00:00,20252026,UTA,TOR,3,5,8,2,0,V. Vanecek,A. Stolarz,8477970,8476932,14,21,18,24,42,-5.2,2.2,-3.0
2025020214,2025-11-05 00:00:00,20252026,STL,WSH,1,6,7,5,0,J. Binnington,L. Thompson,8476412,8480313,11,23,15,24,39,-5.8,6.6,0.8
2025020215,2025-11-05 00:00:00,20252026,CBJ,CGY,1,5,6,4,0,J. Greaves,D. Wolf,8482982,8481692,21,42,25,43,68,-3.8,10.4,6.6
2025020216,2025-11-05 00:00:00,20252026,CHI,VAN,5,2,7,3,0,S. Knight,K. Lankinen,8481519,8480947,43,23,45,27,72,8.6,-3.4,5.2
2025020217,2025-11-05 00:00:00,20252026,SJS,SEA,6,1,7,5,0,Y. Askarov,J. Daccord,8482137,8478916,29,15,30,20,50,7.8,-7.0,0.8
2025020218,2025-11-06 00:00:00,20252026,OTT,BOS,2,3,5,1,1,L. Ullmark,J. Korpisalo,8476999,8476914,22,20,25,22,47,-0.6,4.0,3.4
2025020219,2025-11-06 00:00:00,20252026,STL,BUF,3,0,3,3,0,J. Hofer,U. Luukkonen,8480981,8480045,28,14,28,16,44,12.6,-1.2,11.4
2025020220,2025-11-06 00:00:00,20252026,MTL,NJD,3,4,7,1,1,J. Dobes,J. Markstrom,8482487,8474593,24,16,28,19,47,-2.2,1.2,-1.0
2025020221,2025-11-06 00:00:00,20252026,WSH,PIT,3,5,8,2,0,C. Lindgren,A. Silovs,8479292,8481668,26,27,30,30,60,-2.8,3.4,0.6
2025020222,2025-11-06 00:00:00,20252026,MIN,CAR,3,4,7,1,0,F. Gustavsson,F. Andersen,8479406,8475883,23,21,27,24,51,-3.4,2.2,-1.2
2025020223,2025-11-06 00:00:00,20252026,PHI,NSH,3,1,4,2,0,D. Vladar,J. Saros,8478435,8477424,23,23,24,25,49,6.6,0.6,7.2
2025020224,2025-11-06 00:00:00,20252026,ANA,DAL,7,5,12,2,0,L. Dostal,J. Oettinger,8480843,8479979,21,18,26,24,50,-1.8,-8.4,-10.2
2025020225,2025-11-06 00:00:00,20252026,TBL,VGK,6,3,9,3,0,A. Vasilevskiy,C. Lindbom,8476883,8482761,29,21,32,26,58,3.8,-5.8,-2.0
2025020226,2025-11-06 00:00:00,20252026,FLA,LAK,5,2,7,3,0,S. Bobrovsky,A. Forsberg,8475683,8476341,24,19,26,24,50,4.8,-6.2,-1.4
2025020227,2025-11-07 00:00:00,20252026,NYR,DET,4,1,5,3,0,J. Quick,C. Talbot,8471734,8475660,32,22,33,26,59,8.4,-3.6,4.8
2025020228,2025-11-07 00:00:00,20252026,MIN,NYI,5,2,7,3,0,J. Wallstedt,D. Rittich,8482661,8479496,25,21,27,26,53,5.0,-5.8,-0.8
2025020229,2025-11-07 00:00:00,20252026,CHI,CGY,4,0,4,4,0,S. Knight,D. Wolf,8481519,8481692,33,23,33,27,60,13.6,-3.4,10.2
2025020230,2025-11-07 00:00:00,20252026,WPG,SJS,1,2,3,1,0,C. Hellebuyck,A. Nedeljkovic,8476945,8477968,26,32,28,33,61,1.2,8.4,9.6
2025020231,2025-11-08 00:00:00,20252026,PIT,NJD,1,2,3,1,1,A. Silovs,J. Allen,8481668,8474596,23,33,24,34,58,3.6,8.6,12.2
2025020232,2025-11-08 00:00:00,20252026,OTT,PHI,3,2,5,1,1,L. Ullmark,S. Ersson,8476999,8481035,20,11,22,14,36,4.0,-2.8,1.2
2025020233,2025-11-08 00:00:00,20252026,DAL,NSH,5,4,9,1,0,J. Oettinger,J. Annunen,8479979,8481020,17,17,21,22,43,-0.6,-6.6,-7.2
2025020234,2025-11-08 00:00:00,20252026,BOS,TOR,5,3,8,2,0,J. Swayman,A. Stolarz,8480280,8476932,30,15,33,19,52,4.0,-5.0,-1.0
2025020235,2025-11-08 00:00:00,20252026,UTA,MTL,2,6,8,4,0,K. Vejmelka,S. Montembeault,8478872,8478470,17,25,23,27,50,-8.6,5.0,-3.6
2025020236,2025-11-08 00:00:00,20252026,WSH,TBL,2,3,5,1,0,L. Thompson,A. Vasilevskiy,8480313,8476883,17,29,20,30,50,-2.6,5.8,3.2
2025020237,2025-11-08 00:00:00,20252026,NYI,NYR,5,0,5,5,0,I. Sorokin,I. Shesterkin,8478009,8478048,33,21,33,25,58,13.6,-3.8,9.8
2025020238,2025-11-08 00:00:00,20252026,BUF,CAR,3,6,9,3,0,A. Lyon,P. Kochetkov,8479312,8481611,29,19,33,22,55,-2.2,1.8,-0.4
2025020239,2025-11-08 00:00:00,20252026,SEA,STL,4,3,7,1,1,P. Grubauer,J. Hofer,8475831,8480981,16,26,19,30,49,1.2,-1.8,-0.6
2025020240,2025-11-08 00:00:00,20252026,COL,EDM,9,1,10,8,0,S. Wedgewood,S. Skinner,8475809,8479973,23,9,24,13,37,6.6,-6.2,0.4
2025020241,2025-11-08 00:00:00,20252026,CBJ,VAN,3,4,7,1,0,E. Merzlikins,K. Lankinen,8478007,8480947,20,29,24,32,56,-4.0,3.8,-0.2
2025020242,2025-11-08 00:00:00,20252026,ANA,VGK,4,3,7,1,1,P. Mrazek,A. Schmid,8475852,8481033,36,25,39,29,68,5.2,-2.0,3.2
2025020243,2025-11-08 00:00:00,20252026,FLA,SJS,1,3,4,2,0,D. Tarasov,Y. Askarov,8480193,8482137,20,38,22,39,61,0.0,9.6,9.6
2025020244,2025-11-09 00:00:00,20252026,CHI,DET,5,1,6,4,0,A. Soderblom,J. Gibson,8482821,8476434,45,15,46,19,65,11.0,-5.0,6.0
2025020245,2025-11-09 00:00:00,20252026,LAK,PIT,3,2,5,1,0,D. Kuemper,S. Murashov,8475311,8483703,31,24,33,27,60,6.2,-1.2,5.0
2025020246,2025-11-09 00:00:00,20252026,CAR,TOR,5,4,9,1,0,B. Bussi,D. Hildeby,8483548,8483710,16,42,20,47,67,-0.8,-1.6,-2.4
2025020247,2025-11-09 00:00:00,20252026,UTA,OTT,2,4,6,2,0,V. Vanecek,L. Meriläinen,8477970,8482447,21,29,25,31,56,-3.8,5.8,2.0
2025020248,2025-11-09 00:00:00,20252026,SEA,DAL,1,2,3,1,0,M. Murray,C. DeSmith,8476899,8479193,23,30,25,31,56,0.6,8.0,8.6
2025020249,2025-11-09 00:00:00,20252026,CGY,MIN,0,2,2,2,0,D. Cooley,J. Wallstedt,8482445,8482661,17,36,18,36,54,1.4,14.2,15.6
2025020250,2025-11-09 00:00:00,20252026,COL,VAN,5,4,9,1,1,M. Blackwood,K. Lankinen,8478406,8480947,29,27,33,32,65,1.8,-3.6,-1.8
2025020251,2025-11-09 00:00:00,20252026,WPG,ANA,1,4,5,3,0,E. Comrie,L. Dostal,8477480,8480843,17,23,21,24,45,-4.6,6.6,2.0
2025020252,2025-11-10 00:00:00,20252026,NYI,NJD,3,2,5,1,1,I. Sorokin,J. Markstrom,8478009,8474593,33,21,35,24,59,6.6,-0.8,5.8
2025020253,2025-11-10 00:00:00,20252026,NSH,NYR,3,6,9,3,0,J. Saros,I. Shesterkin,8477424,8478048,7,27,12,30,42,-8.6,3.4,-5.2
2025020254,2025-11-10 00:00:00,20252026,CBJ,EDM,4,5,9,1,1,J. Greaves,S. Skinner,8482982,8479973,19,18,24,22,46,-5.2,-0.4,-5.6
2025020255,2025-11-10 00:00:00,20252026,FLA,VGK,3,2,5,1,0,S. Bobrovsky,C. Lindbom,8475683,8482761,30,17,32,20,52,6.0,-2.6,3.4
2025020256,2025-11-11 00:00:00,20252026,TOR,BOS,3,5,8,2,0,A. Stolarz,J. Swayman,8476932,8480280,8,30,11,33,44,-4.4,4.0,-0.4
2025020257,2025-11-11 00:00:00,20252026,LAK,MTL,5,1,6,4,0,D. Kuemper,S. Montembeault,8475311,8478470,21,21,22,25,47,6.2,-3.8,2.4
2025020258,2025-11-11 00:00:00,20252026,DAL,OTT,3,2,5,1,1,J. Oettinger,L. Ullmark,8479979,8476999,27,30,29,33,62,5.4,1.0,6.4
2025020259,2025-11-11 00:00:00,20252026,WSH,CAR,4,1,5,3,0,L. Thompson,F. Andersen,8480313,8475883,30,24,31,27,58,8.0,-1.2,6.8
2025020260,2025-11-11 00:00:00,20252026,CGY,STL,2,3,5,1,0,D. Wolf,J. Binnington,8481692,8476412,28,38,31,40,71,-0.4,7.6,7.2
2025020261,2025-11-11 00:00:00,20252026,SJS,MIN,2,1,3,1,1,Y. Askarov,F. Gustavsson,8482137,8479406,28,16,29,18,47,7.6,0.2,7.8
2025020262,2025-11-11 00:00:00,20252026,ANA,COL,1,4,5,3,0,L. Dostal,S. Wedgewood,8480843,8475809,32,35,35,36,71,0.4,9.0,9.4
2025020263,2025-11-11 00:00:00,20252026,WPG,VAN,5,3,8,2,0,C. Hellebuyck,T. Demko,8476945,8477967,30,5,33,8,41,4.0,-5.0,-1.0
2025020264,2025-11-11 00:00:00,20252026,CBJ,SEA,2,1,3,1,1,J. Greaves,M. Murray,8482982,8476899,22,33,23,34,57,6.4,5.6,12.0
2025020265,2025-11-12 00:00:00,20252026,NYR,TBL,7,3,10,4,0,I. Shesterkin,A. Vasilevskiy,8478048,8476883,33,8,36,13,49,4.6,-8.4,-3.8
2025020266,2025-11-12 00:00:00,20252026,EDM,PHI,2,1,3,1,1,S. Skinner,D. Vladar,8479973,8478435,20,29,21,31,52,6.0,2.8,8.8
2025020267,2025-11-12 00:00:00,20252026,BUF,UTA,2,5,7,3,0,C. Ellis,K. Vejmelka,8481551,8478872,32,17,36,19,55,-1.6,3.4,1.8
2025020268,2025-11-12 00:00:00,20252026,NJD,CHI,4,3,7,1,1,J. Markstrom,S. Knight,8474593,8481519,17,33,20,37,57,1.4,-0.4,1.0
2025020269,2025-11-13 00:00:00,20252026,LAK,TOR,4,3,7,1,1,D. Kuemper,D. Hildeby,8475311,8483710,12,33,15,37,52,0.4,-0.4,0.0
2025020270,2025-11-13 00:00:00,20252026,DAL,MTL,7,0,7,7,0,C. DeSmith,J. Dobes,8479193,8482487,24,8,24,13,37,11.8,-8.4,3.4
2025020271,2025-11-13 00:00:00,20252026,BOS,OTT,3,5,8,2,0,J. Korpisalo,L. Meriläinen,8476914,8482447,17,18,21,21,42,-4.6,1.6,-3.0
2025020272,2025-11-13 00:00:00,20252026,ANA,DET,3,6,9,3,0,L. Dostal,J. Gibson,8480843,8476434,27,15,32,17,49,-4.6,-1.0,-5.6
2025020273,2025-11-13 00:00:00,20252026,WSH,FLA,3,6,9,3,0,L. Thompson,D. Tarasov,8480313,8480193,22,37,27,40,67,-5.6,5.4,-0.2
2025020274,2025-11-13 00:00:00,20252026,EDM,CBJ,4,5,9,1,0,C. Pickard,J. Greaves,8475717,8482982,20,25,25,29,54,-6.0,1.0,-5.0
2025020275,2025-11-13 00:00:00,20252026,BUF,COL,3,6,9,3,0,A. Lyon,M. Blackwood,8479312,8478406,1,18,3,21,24,-3.8,1.6,-2.2
2025020276,2025-11-13 00:00:00,20252026,SJS,CGY,0,2,2,2,0,Y. Askarov,D. Wolf,8482137,8481692,34,17,35,17,52,4.8,10.4,15.2
2025020277,2025-11-13 00:00:00,20252026,NYI,VGK,4,3,7,1,1,I. Sorokin,A. Schmid,8478009,8481033,26,20,29,24,53,3.2,-3.0,0.2
2025020278,2025-11-13 00:00:00,20252026,WPG,SEA,3,5,8,2,0,C. Hellebuyck,P. Grubauer,8476945,8475831,13,23,17,26,43,-5.4,2.6,-2.8
2025020279,2025-11-14 00:00:00,20252026,VAN,CAR,3,4,7,1,1,K. Lankinen,P. Kochetkov,8480947,8481611,34,14,38,17,55,-0.2,0.8,0.6
2025020280,2025-11-14 00:00:00,20252026,PHI,STL,6,5,11,1,1,S. Ersson,J. Binnington,8481035,8476412,12,26,17,31,48,-3.6,-3.8,-7.4
2025020281,2025-11-14 00:00:00,20252026,PIT,NSH,1,2,3,1,1,A. Silovs,J. Saros,8481668,8477424,28,16,30,17,47,2.6,5.2,7.8
2025020282,2025-11-14 00:00:00,20252026,NYI,UTA,3,2,5,1,1,D. Rittich,K. Vejmelka,8479496,8478872,28,19,30,21,51,5.6,-1.2,4.4
2025020283,2025-11-15 00:00:00,20252026,TBL,FLA,3,1,4,2,0,A. Vasilevskiy,S. Bobrovsky,8476883,8475683,22,17,23,19,42,6.4,-0.6,5.8
2025020284,2025-11-15 00:00:00,20252026,ANA,MIN,0,2,2,2,0,P. Mrazek,J. Wallstedt,8475852,8482661,28,28,29,28,57,3.6,12.6,16.2
2025020285,2025-11-15 00:00:00,20252026,BOS,MTL,3,2,5,1,0,J. Swayman,S. Montembeault,8480280,8478470,26,20,28,23,51,5.2,-2.0,3.2
2025020286,2025-11-15 00:00:00,20252026,LAK,OTT,1,0,1,1,0,A. Forsberg,L. Ullmark,8476341,8476999,17,17,17,18,35,10.4,1.4,11.8
2025020287,2025-11-15 00:00:00,20252026,BUF,DET,5,4,9,1,1,C. Ellis,J. Gibson,8481551,8476434,24,22,28,27,55,0.8,-4.6,-3.8
2025020288,2025-11-15 00:00:00,20252026,NJD,WSH,3,2,5,1,1,J. Allen,L. Thompson,8474596,8480313,29,29,31,31,62,5.8,2.8,8.6
2025020289,2025-11-15 00:00:00,20252026,EDM,CAR,4,3,7,1,1,S. Skinner,F. Andersen,8479973,8475883,33,19,36,23,59,4.6,-3.2,1.4
2025020290,2025-11-15 00:00:00,20252026,NYR,CBJ,2,1,3,1,1,I. Shesterkin,J. Greaves,8478048,8482982,26,32,27,33,60,7.2,5.4,12.6
2025020291,2025-11-15 00:00:00,20252026,TOR,CHI,2,3,5,1,0,J. Woll,S. Knight,8479361,8481519,29,31,32,33,65,-0.2,6.2,6.0
2025020292,2025-11-15 00:00:00,20252026,VGK,STL,4,1,5,3,0,A. Schmid,J. Hofer,8481033,8480981,22,30,23,34,57,6.4,-2.0,4.4
2025020293,2025-11-15 00:00:00,20252026,PHI,DAL,1,5,6,4,0,D. Vladar,J. Oettinger,8478435,8479979,23,20,28,21,49,-5.4,6.0,0.6
2025020294,2025-11-15 00:00:00,20252026,WPG,CGY,4,3,7,1,1,C. Hellebuyck,D. Wolf,8476945,8481692,31,20,34,23,57,4.2,-1.0,3.2
2025020295,2025-11-15 00:00:00,20252026,SJS,SEA,1,4,5,3,0,A. Nedeljkovic,M. Murray,8477968,8476899,19,6,22,7,29,-2.2,-0.8,-3.0
2025020296,2025-11-16 00:00:00,20252026,NSH,PIT,0,4,4,4,0,J. Saros,S. Murashov,8477424,8483703,18,21,21,21,42,-2.4,11.2,8.8
2025020297,2025-11-16 00:00:00,20252026,VAN,TBL,6,2,8,4,0,K. Lankinen,J. Johansson,8480947,8477992,28,12,30,17,47,5.6,-7.6,-2.0
2025020298,2025-11-16 00:00:00,20252026,VGK,MIN,2,3,5,1,1,C. Lindbom,F. Gustavsson,8482761,8479406,25,23,28,25,53,0.0,4.6,4.6
2025020299,2025-11-16 00:00:00,20252026,DET,NYR,2,1,3,1,0,C. Talbot,J. Quick,8475660,8471734,18,40,19,42,61,5.6,4.0,9.6
2025020300,2025-11-16 00:00:00,20252026,NYI,COL,1,4,5,3,0,I. Sorokin,S. Wedgewood,8478009,8475809,24,28,27,29,56,-1.2,7.6,6.4
2025020301,2025-11-17 00:00:00,20252026,CAR,BOS,3,1,4,2,0,P. Kochetkov,J. Swayman,8481611,8480280,29,29,30,32,62,7.8,-0.2,7.6
2025020302,2025-11-17 00:00:00,20252026,EDM,BUF,1,5,6,4,0,S. Skinner,C. Ellis,8479973,8481551,23,32,27,33,60,-3.4,8.4,5.0
2025020303,2025-11-17 00:00:00,20252026,VAN,FLA,5,8,13,3,0,J. Patera,S. Bobrovsky,8480238,8475683,33,10,40,15,55,-7.4,-4.0,-11.4
2025020304,2025-11-17 00:00:00,20252026,LAK,WSH,1,2,3,1,0,D. Kuemper,C. Lindgren,8475311,8479292,23,30,25,31,56,0.6,8.0,8.6
2025020305,2025-11-17 00:00:00,20252026,MTL,CBJ,3,4,7,1,1,J. Dobes,J. Greaves,8482487,8482982,20,29,23,32,55,-1.0,3.8,2.8
2025020306,2025-11-17 00:00:00,20252026,UTA,ANA,2,3,5,1,1,K. Vejmelka,L. Dostal,8478872,8480843,23,16,26,18,44,-0.4,3.2,2.8
2025020307,2025-11-18 00:00:00,20252026,STL,TOR,2,3,5,1,1,J. Binnington,J. Woll,8476412,8479361,26,28,29,29,58,0.2,5.6,5.8
2025020308,2025-11-18 00:00:00,20252026,SEA,DET,2,4,6,2,0,J. Daccord,C. Talbot,8478916,8475660,23,20,26,22,48,-1.4,4.0,2.6
2025020309,2025-11-18 00:00:00,20252026,NJD,TBL,1,5,6,4,0,J. Markstrom,A. Vasilevskiy,8474593,8476883,24,31,29,32,61,-5.2,8.2,3.0
2025020310,2025-11-18 00:00:00,20252026,NYI,DAL,3,2,5,1,0,D. Rittich,J. Oettinger,8479496,8479979,22,19,24,22,46,4.4,-2.2,2.2
2025020311,2025-11-18 00:00:00,20252026,CBJ,WPG,2,5,7,3,0,E. Merzlikins,E. Comrie,8478007,8477480,25,20,30,22,52,-5.0,4.0,-1.0
2025020312,2025-11-18 00:00:00,20252026,CGY,CHI,2,5,7,3,0,D. Wolf,A. Soderblom,8481692,8482821,18,19,22,21,43,-4.4,3.8,-0.6
2025020313,2025-11-18 00:00:00,20252026,NYR,VGK,2,3,5,1,0,I. Shesterkin,A. Schmid,8478048,8481033,23,17,26,19,45,-1.4,3.4,2.0
2025020314,2025-11-18 00:00:00,20252026,UTA,SJS,2,3,5,1,1,V. Vanecek,Y. Askarov,8477970,8482137,19,24,22,26,48,-1.2,4.8,3.6
2025020315,2025-11-19 00:00:00,20252026,EDM,WSH,4,7,11,3,0,S. Skinner,L. Thompson,8479973,8480313,15,26,20,30,50,-7.0,1.2,-5.8
2025020316,2025-11-19 00:00:00,20252026,CGY,BUF,6,2,8,4,0,D. Cooley,C. Ellis,8482445,8481551,28,29,30,35,65,5.6,-6.2,-0.6
2025020317,2025-11-19 00:00:00,20252026,CAR,MIN,3,4,7,1,1,F. Andersen,J. Wallstedt,8475883,8482661,16,42,19,45,64,-1.8,6.4,4.6
2025020318,2025-11-19 00:00:00,20252026,BOS,ANA,3,4,7,1,0,J. Korpisalo,L. Dostal,8476914,8480843,29,36,33,39,72,-2.2,5.2,3.0
2025020319,2025-11-20 00:00:00,20252026,CBJ,TOR,3,2,5,1,1,J. Greaves,J. Woll,8482982,8479361,27,27,29,30,59,5.4,0.4,5.8
2025020320,2025-11-20 00:00:00,20252026,WSH,MTL,8,4,12,4,0,C. Lindgren,S. Montembeault,8479292,8478470,24,7,28,10,38,0.8,-4.6,-3.8
2025020321,2025-11-20 00:00:00,20252026,NYI,DET,5,0,5,5,0,I. Sorokin,J. Gibson,8478009,8476434,29,21,29,26,55,12.8,-5.8,7.0
2025020322,2025-11-20 00:00:00,20252026,EDM,TBL,1,2,3,1,1,C. Pickard,A. Vasilevskiy,8475717,8476883,33,24,35,25,60,3.6,6.8,10.4
2025020323,2025-11-20 00:00:00,20252026,NJD,FLA,0,1,1,1,0,J. Allen,S. Bobrovsky,8474596,8475683,23,32,24,32,56,2.6,13.4,16.0
2025020324,2025-11-20 00:00:00,20252026,STL,PHI,2,3,5,1,1,J. Hofer,D. Vladar,8480981,8478435,25,27,28,29,57,0.0,5.4,5.4
2025020325,2025-11-20 00:00:00,20252026,SEA,CHI,3,2,5,1,0,J. Daccord,S. Knight,8478916,8481519,22,24,24,27,51,4.4,-1.2,3.2
2025020326,2025-11-20 00:00:00,20252026,NYR,COL,3,6,9,3,0,I. Shesterkin,S. Wedgewood,8478048,8475809,29,16,33,19,52,-2.2,1.2,-1.0
2025020327,2025-11-20 00:00:00,20252026,VGK,UTA,4,1,5,3,0,A. Schmid,K. Vejmelka,8481033,8478872,25,29,26,33,59,7.0,-2.2,4.8
2025020328,2025-11-20 00:00:00,20252026,DAL,VAN,4,2,6,2,0,J. Oettinger,K. Lankinen,8479979,8480947,34,20,36,24,60,6.8,-4.0,2.8
2025020329,2025-11-20 00:00:00,20252026,OTT,ANA,3,2,5,1,0,L. Ullmark,P. Mrazek,8476999,8475852,23,22,25,25,50,4.6,-1.6,3.0
2025020330,2025-11-20 00:00:00,20252026,LAK,SJS,3,4,7,1,1,A. Forsberg,Y. Askarov,8476341,8482137,21,31,24,34,58,-0.8,4.2,3.4
2025020331,2025-11-21 00:00:00,20252026,CHI,BUF,3,9,12,6,0,A. Soderblom,U. Luukkonen,8482821,8480045,22,20,31,23,54,-13.6,2.0,-11.6
2025020332,2025-11-21 00:00:00,20252026,MIN,PIT,5,0,5,5,0,F. Gustavsson,A. Silovs,8479406,8481668,19,6,19,10,29,10.8,-6.8,4.0
2025020333,2025-11-21 00:00:00,20252026,CAR,WPG,4,3,7,1,0,B. Bussi,E. Comrie,8483548,8477480,25,24,28,28,56,3.0,-3.2,-0.2
2025020334,2025-11-21 00:00:00,20252026,BOS,LAK,2,1,3,1,1,J. Swayman,D. Kuemper,8480280,8475311,31,24,32,26,58,8.2,1.8,10.0
2025020335,2025-11-22 00:00:00,20252026,CBJ,DET,3,4,7,1,1,J. Greaves,C. Talbot,8482982,8475660,29,32,33,35,68,-1.2,4.4,3.2
2025020336,2025-11-22 00:00:00,20252026,STL,NYI,2,1,3,1,0,J. Binnington,I. Sorokin,8476412,8478009,29,20,30,22,52,7.8,0.0,7.8
2025020337,2025-11-22 00:00:00,20252026,TOR,MTL,2,5,7,3,0,J. Woll,J. Dobes,8479361,8482487,21,24,25,26,51,-3.8,4.8,1.0
2025020338,2025-11-22 00:00:00,20252026,EDM,FLA,6,3,9,3,0,S. Skinner,S. Bobrovsky,8479973,8475683,35,13,38,17,55,5.0,-5.4,-0.4
2025020339,2025-11-22 00:00:00,20252026,NJD,PHI,3,6,9,3,0,J. Allen,D. Vladar,8474596,8478435,23,32,29,35,64,-7.4,4.4,-3.0
2025020340,2025-11-22 00:00:00,20252026,SEA,PIT,3,2,5,1,1,P. Grubauer,S. Murashov,8475831,8483703,30,18,32,21,53,6.0,-1.4,4.6
2025020341,2025-11-22 00:00:00,20252026,TBL,WSH,5,3,8,2,0,J. Johansson,L. Thompson,8477992,8480313,29,2,32,6,38,3.8,-7.6,-3.8
2025020342,2025-11-22 00:00:00,20252026,OTT,SJS,3,2,5,1,0,L. Ullmark,A. Nedeljkovic,8476999,8477968,17,24,19,27,46,3.4,-1.2,2.2
2025020343,2025-11-22 00:00:00,20252026,COL,NSH,3,0,3,3,0,M. Blackwood,J. Saros,8478406,8477424,35,23,35,24,59,14.0,2.6,16.6
2025020344,2025-11-22 00:00:00,20252026,NYR,UTA,2,3,5,1,0,J. Quick,K. Vejmelka,8471734,8478872,31,20,34,22,56,0.2,4.0,4.2
2025020345,2025-11-22 00:00:00,20252026,DAL,CGY,2,3,5,1,1,C. DeSmith,D. Cooley,8479193,8482445,31,28,33,30,63,3.2,5.6,8.8
2025020346,2025-11-22 00:00:00,20252026,VGK,ANA,3,4,7,1,1,A. Schmid,L. Dostal,8481033,8480843,29,29,33,32,65,-1.2,3.8,2.6
2025020347,2025-11-23 00:00:00,20252026,CAR,BUF,1,4,5,3,0,F. Andersen,U. Luukkonen,8475883,8480045,17,29,20,30,50,-2.6,7.8,5.2
2025020348,2025-11-23 00:00:00,20252026,MIN,WPG,3,0,3,3,0,J. Wallstedt,E. Comrie,8482661,8477480,32,27,32,30,62,13.4,-0.6,12.8
2025020349,2025-11-23 00:00:00,20252026,SEA,NYI,0,1,1,1,1,J. Daccord,D. Rittich,8478916,8479496,34,19,34,19,53,10.8,10.8,21.6
2025020350,2025-11-23 00:00:00,20252026,COL,CHI,1,0,1,1,0,S. Wedgewood,S. Knight,8475809,8481519,22,25,22,26,48,11.4,3.0,14.4
2025020351,2025-11-23 00:00:00,20252026,BOS,SJS,1,3,4,2,0,J. Swayman,Y. Askarov,8480280,8482137,28,34,30,35,65,1.6,8.8,10.4
2025020352,2025-11-23 00:00:00,20252026,CGY,VAN,5,2,7,3,0,D. Wolf,K. Lankinen,8481692,8480947,29,16,31,21,52,5.8,-6.8,-1.0
2025020353,2025-11-24 00:00:00,20252026,PHI,TBL,0,3,3,3,0,S. Ersson,A. Vasilevskiy,8481035,8476883,15,20,17,20,37,-1.0,11.0,10.0
2025020354,2025-11-24 00:00:00,20252026,DET,NJD,3,4,7,1,0,C. Talbot,J. Markstrom,8475660,8474593,16,32,20,35,55,-4.8,4.4,-0.4
2025020355,2025-11-24 00:00:00,20252026,STL,NYR,2,3,5,1,0,J. Hofer,I. Shesterkin,8480981,8478048,18,19,21,21,42,-2.4,3.8,1.4
2025020356,2025-11-24 00:00:00,20252026,CBJ,WSH,1,5,6,4,0,E. Merzlikins,L. Thompson,8478007,8480313,26,22,31,23,54,-4.8,6.4,1.6
2025020357,2025-11-24 00:00:00,20252026,FLA,NSH,8,3,11,5,0,D. Tarasov,J. Saros,8480193,8477424,36,11,39,16,55,5.2,-7.8,-2.6
2025020358,2025-11-24 00:00:00,20252026,VGK,UTA,1,5,6,4,0,C. Lindbom,K. Vejmelka,8482761,8478872,18,33,21,34,55,-2.4,8.6,6.2
2025020359,2025-11-24 00:00:00,20252026,OTT,LAK,1,2,3,1,0,L. Meriläinen,D. Kuemper,8482447,8475311,20,27,22,28,50,0.0,7.4,7.4
2025020360,2025-11-25 00:00:00,20252026,DAL,EDM,8,3,11,5,0,J. Oettinger,S. Skinner,8479979,8479973,22,4,25,8,33,2.4,-7.2,-4.8
2025020361,2025-11-26 00:00:00,20252026,NSH,DET,6,3,9,3,0,J. Annunen,C. Talbot,8481020,8475660,28,23,31,28,59,3.6,-5.4,-1.8
2025020362,2025-11-26 00:00:00,20252026,CGY,TBL,1,5,6,4,0,D. Wolf,A. Vasilevskiy,8481692,8476883,1,31,4,32,36,-5.8,8.2,2.4
2025020363,2025-11-26 00:00:00,20252026,PHI,FLA,4,2,6,2,0,D. Vladar,S. Bobrovsky,8478435,8475683,25,14,27,18,45,5.0,-5.2,-0.2
2025020364,2025-11-26 00:00:00,20252026,STL,NJD,2,3,5,1,1,J. Binnington,J. Markstrom,8476412,8474593,26,21,29,23,52,0.2,4.2,4.4
2025020365,2025-11-26 00:00:00,20252026,BOS,NYI,3,1,4,2,0,J. Swayman,I. Sorokin,8480280,8478009,43,11,44,14,58,10.6,-3.8,6.8
2025020366,2025-11-26 00:00:00,20252026,BUF,PIT,2,4,6,2,0,U. Luukkonen,T. Jarry,8480045,8477465,15,29,18,31,49,-3.0,5.8,2.8
2025020367,2025-11-26 00:00:00,20252026,WPG,WSH,3,4,7,1,0,E. Comrie,C. Lindgren,8477480,8479292,31,18,35,21,56,-1.8,1.6,-0.2
2025020368,2025-11-26 00:00:00,20252026,NYR,CAR,4,2,6,2,0,I. Shesterkin,F. Andersen,8478048,8475883,36,14,38,17,55,7.2,-3.2,4.0
2025020369,2025-11-26 00:00:00,20252026,TOR,CBJ,2,1,3,1,1,J. Woll,J. Greaves,8479361,8482982,35,22,36,24,60,9.0,1.4,10.4
2025020370,2025-11-26 00:00:00,20252026,MIN,CHI,4,3,7,1,1,F. Gustavsson,S. Knight,8479406,8481519,34,20,37,24,61,4.8,-3.0,1.8
2025020371,2025-11-26 00:00:00,20252026,SJS,COL,0,6,6,6,0,Y. Askarov,M. Blackwood,8482137,8478406,15,26,19,26,45,-5.0,12.2,7.2
2025020372,2025-11-26 00:00:00,20252026,MTL,UTA,4,3,7,1,0,J. Dobes,K. Vejmelka,8482487,8478872,31,13,34,17,51,4.2,-5.4,-1.2
2025020373,2025-11-26 00:00:00,20252026,OTT,VGK,4,3,7,1,1,L. Ullmark,A. Schmid,8476999,8481033,32,19,35,22,57,4.4,-1.2,3.2
2025020374,2025-11-26 00:00:00,20252026,VAN,ANA,5,4,9,1,0,N. Tolopilo,P. Mrazek,8484268,8475852,37,23,41,27,68,3.4,-3.4,0.0
2025020375,2025-11-26 00:00:00,20252026,DAL,SEA,3,2,5,1,0,C. DeSmith,J. Daccord,8479193,8478916,26,18,28,21,49,5.2,-2.4,2.8
2025020376,2025-11-28 00:00:00,20252026,NYR,BOS,6,2,8,4,0,I. Shesterkin,J. Korpisalo,8478048,8476914,19,31,21,36,57,3.8,-3.8,0.0
2025020377,2025-11-28 00:00:00,20252026,TBL,DET,6,3,9,3,0,A. Vasilevskiy,J. Gibson,8476883,8476434,34,21,37,26,63,4.8,-5.8,-1.0
2025020378,2025-11-28 00:00:00,20252026,COL,MIN,2,3,5,1,1,S. Wedgewood,J. Wallstedt,8475809,8482661,37,39,39,41,80,4.4,7.8,12.2
2025020379,2025-11-28 00:00:00,20252026,NJD,BUF,5,0,5,5,0,J. Allen,A. Lyon,8474596,8479312,42,18,42,23,65,15.4,-6.4,9.0
2025020380,2025-11-28 00:00:00,20252026,CGY,FLA,5,3,8,2,0,D. Cooley,D. Tarasov,8482445,8480193,38,29,41,33,74,5.6,-2.2,3.4
2025020381,2025-11-28 00:00:00,20252026,PHI,NYI,4,3,7,1,1,S. Ersson,D. Rittich,8481035,8479496,28,18,31,21,52,3.6,-1.4,2.2
2025020382,2025-11-28 00:00:00,20252026,OTT,STL,3,4,7,1,0,L. Meriläinen,J. Binnington,8482447,8476412,27,25,31,28,59,-2.6,3.0,0.4
2025020383,2025-11-28 00:00:00,20252026,MTL,VGK,4,1,5,3,0,S. Montembeault,A. Schmid,8478470,8481033,30,15,31,18,49,8.0,-3.0,5.0
2025020384,2025-11-28 00:00:00,20252026,LAK,ANA,4,5,9,1,1,D. Kuemper,V. Husso,8475311,8478024,27,23,31,27,58,-1.6,0.6,-1.0
2025020385,2025-11-28 00:00:00,20252026,VAN,SJS,2,3,5,1,0,N. Tolopilo,Y. Askarov,8484268,8482137,21,32,24,34,58,-1.8,6.4,4.6
2025020386,2025-11-28 00:00:00,20252026,TOR,WSH,2,4,6,2,0,J. Woll,L. Thompson,8479361,8480313,30,20,33,22,55,0.0,4.0,4.0
2025020387,2025-11-28 00:00:00,20252026,WPG,CAR,1,5,6,4,0,T. Milic,B. Bussi,8483114,8483548,30,12,34,13,47,-2.0,4.4,2.4
2025020388,2025-11-28 00:00:00,20252026,PIT,CBJ,4,3,7,1,1,T. Jarry,J. Greaves,8477465,8482982,26,20,29,24,53,3.2,-3.0,0.2
2025020389,2025-11-28 00:00:00,20252026,NSH,CHI,4,3,7,1,0,J. Saros,A. Soderblom,8477424,8482821,24,25,27,29,56,2.8,-3.0,-0.2
2025020390,2025-11-28 00:00:00,20252026,UTA,DAL,3,4,7,1,0,V. Vanecek,J. Oettinger,8477970,8479979,24,27,28,30,58,-3.2,3.4,0.2
2025020391,2025-11-29 00:00:00,20252026,TBL,NYR,4,1,5,3,0,J. Johansson,I. Shesterkin,8477992,8478048,12,31,13,34,47,4.4,0.2,4.6
2025020392,2025-11-29 00:00:00,20252026,MTL,COL,2,7,9,5,0,J. Dobes,M. Blackwood,8482487,8478406,29,21,36,23,59,-8.2,4.2,-4.0
2025020393,2025-11-29 00:00:00,20252026,EDM,SEA,4,0,4,4,0,S. Skinner,J. Daccord,8479973,8478916,26,21,26,25,51,12.2,-3.8,8.4
2025020394,2025-11-29 00:00:00,20252026,DET,BOS,2,3,5,1,1,C. Talbot,J. Swayman,8475660,8480280,18,24,20,26,46,0.6,4.8,5.4
2025020395,2025-11-29 00:00:00,20252026,PHI,NJD,5,3,8,2,0,D. Vladar,J. Markstrom,8478435,8474593,29,27,32,31,63,3.8,-2.6,1.2
2025020396,2025-11-29 00:00:00,20252026,TOR,PIT,7,2,9,5,0,D. Hildeby,A. Silovs,8483710,8481668,33,6,35,10,45,6.6,-6.8,-0.2
2025020397,2025-11-29 00:00:00,20252026,WPG,NSH,5,2,7,3,0,E. Comrie,J. Annunen,8477480,8481020,21,22,23,26,49,4.2,-3.6,0.6
2025020398,2025-11-29 00:00:00,20252026,UTA,STL,0,1,1,1,0,K. Vejmelka,J. Hofer,8478872,8480981,18,18,19,18,37,1.6,10.6,12.2
2025020399,2025-11-29 00:00:00,20252026,BUF,MIN,3,2,5,1,1,C. Ellis,F. Gustavsson,8481551,8479406,22,31,24,33,57,4.4,3.2,7.6
2025020400,2025-11-29 00:00:00,20252026,SJS,VGK,3,4,7,1,0,A. Nedeljkovic,C. Lindbom,8477968,8482761,20,18,24,21,45,-4.0,1.6,-2.4
2025020401,2025-11-29 00:00:00,20252026,VAN,LAK,1,2,3,1,1,K. Lankinen,A. Forsberg,8480947,8476341,21,19,23,20,43,1.2,5.8,7.0
2025020402,2025-11-30 00:00:00,20252026,WSH,NYI,4,1,5,3,0,L. Thompson,I. Sorokin,8480313,8478009,30,15,31,17,48,8.0,-1.0,7.0
2025020403,2025-11-30 00:00:00,20252026,ANA,CHI,3,5,8,2,0,P. Mrazek,S. Knight,8475852,8481519,13,23,16,26,42,-3.4,2.6,-0.8
2025020404,2025-11-30 00:00:00,20252026,CGY,CAR,0,1,1,1,1,D. Cooley,B. Bussi,8482445,8483548,16,16,17,16,33,2.2,10.2,12.4
2025020405,2025-11-30 00:00:00,20252026,OTT,DAL,1,6,7,5,0,L. Ullmark,C. DeSmith,8476999,8479193,20,15,26,16,42,-8.0,5.0,-3.0
2025020406,2025-12-01 00:00:00,20252026,CBJ,NJD,5,3,8,2,0,E. Merzlikins,J. Allen,8478007,8474596,30,20,33,25,58,4.0,-6.0,-2.0
2025020407,2025-12-01 00:00:00,20252026,PIT,PHI,5,1,6,4,0,T. Jarry,D. Vladar,8477465,8478435,28,22,29,27,56,7.6,-5.6,2.0
2025020408,2025-12-01 00:00:00,20252026,WPG,BUF,1,5,6,4,0,E. Comrie,U. Luukkonen,8477480,8480045,11,23,14,24,38,-3.8,6.6,2.8
2025020409,2025-12-01 00:00:00,20252026,ANA,STL,4,1,5,3,0,V. Husso,J. Binnington,8478024,8476412,21,3,22,5,27,6.2,-3.4,2.8
2025020410,2025-12-01 00:00:00,20252026,UTA,SJS,3,6,9,3,0,K. Vejmelka,Y. Askarov,8478872,8482137,6,31,9,34,43,-4.8,4.2,-0.6
2025020411,2025-12-02 00:00:00,20252026,OTT,MTL,5,2,7,3,0,L. Ullmark,S. Montembeault,8476999,8478470,20,24,22,29,51,4.0,-5.2,-1.2
2025020412,2025-12-02 00:00:00,20252026,BOS,DET,4,5,9,1,0,J. Swayman,J. Gibson,8480280,8476434,18,34,23,38,61,-6.4,2.8,-3.6
2025020413,2025-12-02 00:00:00,20252026,TOR,FLA,4,1,5,3,0,J. Woll,S. Bobrovsky,8479361,8475683,25,27,26,30,56,7.0,-0.6,6.4
2025020414,2025-12-02 00:00:00,20252026,TBL,NYI,1,2,3,1,0,A. Vasilevskiy,I. Sorokin,8476883,8478009,22,30,24,31,55,0.4,8.0,8.4
2025020415,2025-12-02 00:00:00,20252026,DAL,NYR,2,3,5,1,1,C. DeSmith,I. Shesterkin,8479193,8478048,38,24,41,26,67,2.6,4.8,7.4
2025020416,2025-12-02 00:00:00,20252026,CGY,NSH,1,5,6,4,0,D. Cooley,J. Saros,8482445,8477424,12,27,16,28,44,-5.6,7.4,1.8
2025020417,2025-12-02 00:00:00,20252026,VAN,COL,1,3,4,2,0,K. Lankinen,S. Wedgewood,8480947,8475809,28,10,31,11,42,-0.4,0.0,-0.4
2025020418,2025-12-02 00:00:00,20252026,MIN,EDM,1,0,1,1,0,J. Wallstedt,S. Skinner,8482661,8479973,33,23,33,24,57,13.6,2.6,16.2
2025020419,2025-12-02 00:00:00,20252026,CHI,VGK,3,4,7,1,1,S. Knight,C. Hart,8481519,8479394,25,27,28,30,58,0.0,3.4,3.4
2025020420,2025-12-02 00:00:00,20252026,WSH,LAK,3,1,4,2,0,L. Thompson,D. Kuemper,8480313,8475311,24,22,25,24,49,6.8,0.4,7.2
2025020421,2025-12-03 00:00:00,20252026,DAL,NJD,3,0,3,3,0,J. Oettinger,J. Markstrom,8479979,8474593,30,25,30,28,58,13.0,-1.0,12.0
2025020422,2025-12-03 00:00:00,20252026,WPG,MTL,2,3,5,1,1,E. Comrie,J. Dobes,8477480,8482487,29,30,31,32,63,2.8,6.0,8.8
2025020423,2025-12-03 00:00:00,20252026,BUF,PHI,2,5,7,3,0,C. Ellis,S. Ersson,8481551,8481035,30,27,35,29,64,-4.0,5.4,1.4
2025020424,2025-12-03 00:00:00,20252026,UTA,ANA,7,0,7,7,0,K. Vejmelka,V. Husso,8478872,8478024,27,17,27,21,48,12.4,-4.6,7.8
2025020425,2025-12-03 00:00:00,20252026,WSH,SJS,7,1,8,6,0,C. Lindgren,Y. Askarov,8479292,8482137,23,8,24,12,36,6.6,-6.4,0.2
2025020426,2025-12-04 00:00:00,20252026,STL,BOS,2,5,7,3,0,J. Binnington,J. Korpisalo,8476412,8476914,22,37,27,39,66,-5.6,7.4,1.8
2025020427,2025-12-04 00:00:00,20252026,NYR,OTT,4,2,6,2,0,I. Shesterkin,L. Meriläinen,8478048,8482447,25,24,27,27,54,5.0,-1.2,3.8
2025020428,2025-12-04 00:00:00,20252026,PIT,TBL,4,3,7,1,0,T. Jarry,J. Johansson,8477465,8477992,37,27,40,31,71,5.4,-2.6,2.8
2025020429,2025-12-04 00:00:00,20252026,NSH,FLA,2,1,3,1,1,J. Saros,S. Bobrovsky,8477424,8475683,30,27,31,29,60,8.0,2.4,10.4
2025020430,2025-12-04 00:00:00,20252026,COL,NYI,3,6,9,3,0,M. Blackwood,I. Sorokin,8478406,8478009,36,35,41,38,79,-2.8,5.0,2.2
2025020431,2025-12-04 00:00:00,20252026,TOR,CAR,5,1,6,4,0,J. Woll,F. Andersen,8479361,8475883,23,19,24,23,47,6.6,-4.2,2.4
2025020432,2025-12-04 00:00:00,20252026,DET,CBJ,5,6,11,1,1,C. Talbot,E. Merzlikins,8475660,8478007,27,28,32,33,65,-3.6,-0.4,-4.0
2025020433,2025-12-04 00:00:00,20252026,MIN,CGY,1,4,5,3,0,F. Gustavsson,D. Wolf,8479406,8481692,27,26,30,27,57,-0.6,7.2,6.6
2025020434,2025-12-04 00:00:00,20252026,SEA,EDM,4,9,13,5,0,J. Daccord,C. Pickard,8478916,8475717,9,28,14,32,46,-8.2,1.6,-6.6
2025020435,2025-12-04 00:00:00,20252026,CHI,LAK,2,1,3,1,0,S. Knight,D. Kuemper,8481519,8475311,26,34,27,36,63,7.2,2.8,10.0
2025020436,2025-12-05 00:00:00,20252026,VGK,NJD,3,0,3,3,0,A. Schmid,J. Markstrom,8481033,8474593,24,22,24,25,49,11.8,-1.6,10.2
2025020437,2025-12-05 00:00:00,20252026,BUF,WPG,1,4,5,3,0,U. Luukkonen,E. Comrie,8480045,8477480,19,34,22,35,57,-2.2,8.8,6.6
2025020438,2025-12-05 00:00:00,20252026,SJS,DAL,1,4,5,3,0,Y. Askarov,J. Oettinger,8482137,8479979,20,16,23,17,40,-2.0,5.2,3.2
2025020439,2025-12-05 00:00:00,20252026,UTA,VAN,4,1,5,3,0,K. Vejmelka,K. Lankinen,8478872,8480947,32,14,33,17,50,8.4,-3.2,5.2
2025020440,2025-12-05 00:00:00,20252026,WSH,ANA,3,4,7,1,1,L. Thompson,V. Husso,8480313,8478024,35,18,38,21,59,2.0,1.6,3.6
2025020441,2025-12-06 00:00:00,20252026,COL,NYR,3,2,5,1,1,M. Blackwood,I. Shesterkin,8478406,8478048,25,39,27,42,69,5.0,2.8,7.8
2025020442,2025-12-06 00:00:00,20252026,CBJ,FLA,6,7,13,1,1,E. Merzlikins,S. Bobrovsky,8478007,8475683,33,25,40,31,71,-6.4,-3.0,-9.4
2025020443,2025-12-06 00:00:00,20252026,NJD,BOS,1,4,5,3,0,J. Allen,J. Swayman,8474596,8480280,18,29,21,30,51,-2.4,7.8,5.4
2025020444,2025-12-06 00:00:00,20252026,MTL,TOR,2,1,3,1,1,J. Dobes,D. Hildeby,8482487,8483710,22,33,23,34,57,6.4,5.6,12.0
2025020445,2025-12-06 00:00:00,20252026,STL,OTT,2,1,3,1,0,J. Hofer,L. Ullmark,8480981,8476999,41,18,42,20,62,10.2,-0.4,9.8
2025020446,2025-12-06 00:00:00,20252026,NYI,TBL,2,0,2,2,0,I. Sorokin,J. Johansson,8478009,8477992,32,17,32,18,50,13.4,1.4,14.8
2025020447,2025-12-06 00:00:00,20252026,NSH,CAR,3,6,9,3,0,J. Saros,B. Bussi,8477424,8483548,32,19,38,22,60,-5.6,1.8,-3.8
2025020448,2025-12-06 00:00:00,20252026,UTA,CGY,0,2,2,2,0,V. Vanecek,D. Wolf,8477970,8481692,21,28,22,28,50,2.2,12.6,14.8
2025020449,2025-12-06 00:00:00,20252026,CHI,LAK,0,6,6,6,0,S. Knight,D. Kuemper,8481519,8475311,26,23,32,23,55,-6.8,11.6,4.8
2025020450,2025-12-06 00:00:00,20252026,WPG,EDM,2,6,8,4,0,E. Comrie,S. Skinner,8477480,8479973,12,19,16,21,37,-5.6,3.8,-1.8
2025020451,2025-12-06 00:00:00,20252026,MIN,VAN,2,4,6,2,0,J. Wallstedt,N. Tolopilo,8482661,8484268,17,28,21,30,51,-4.6,5.6,1.0
2025020452,2025-12-06 00:00:00,20252026,DET,SEA,4,3,7,1,0,J. Gibson,J. Daccord,8476434,8478916,24,21,27,25,52,2.8,-3.8,-1.0
2025020453,2025-12-07 00:00:00,20252026,COL,PHI,3,2,5,1,0,M. Blackwood,S. Ersson,8478406,8481035,23,25,25,28,53,4.6,-1.0,3.6
2025020454,2025-12-07 00:00:00,20252026,NYI,FLA,1,4,5,3,0,D. Rittich,D. Tarasov,8479496,8480193,26,20,29,21,50,-0.8,6.0,5.2
2025020455,2025-12-07 00:00:00,20252026,SJS,CAR,4,1,5,3,0,A. Nedeljkovic,P. Kochetkov,8477968,8481611,28,19,29,22,51,7.6,-2.2,5.4
2025020456,2025-12-07 00:00:00,20252026,PIT,DAL,2,3,5,1,1,T. Jarry,J. Oettinger,8477465,8479979,21,27,23,29,52,1.2,5.4,6.6
2025020457,2025-12-07 00:00:00,20252026,STL,MTL,4,3,7,1,0,J. Binnington,J. Dobes,8476412,8482487,23,14,26,18,44,2.6,-5.2,-2.6
2025020458,2025-12-07 00:00:00,20252026,VGK,NYR,3,2,5,1,1,C. Hart,J. Quick,8479394,8471734,22,25,24,28,52,4.4,0.0,4.4
2025020459,2025-12-07 00:00:00,20252026,CBJ,WSH,0,2,2,2,0,J. Greaves,L. Thompson,8482982,8480313,36,39,37,39,76,5.2,14.8,20.0
2025020460,2025-12-07 00:00:00,20252026,CHI,ANA,1,7,8,6,0,A. Soderblom,V. Husso,8482821,8478024,46,19,53,20,73,-4.8,5.8,1.0
2025020461,2025-12-08 00:00:00,20252026,TBL,TOR,0,2,2,2,0,J. Johansson,D. Hildeby,8477992,8483710,23,29,24,29,53,2.6,12.8,15.4
2025020462,2025-12-08 00:00:00,20252026,LAK,UTA,4,2,6,2,0,D. Kuemper,K. Vejmelka,8475311,8478872,19,23,21,26,47,3.8,-1.4,2.4
2025020463,2025-12-08 00:00:00,20252026,BUF,CGY,4,7,11,3,0,U. Luukkonen,D. Wolf,8480045,8481692,17,25,22,29,51,-6.6,1.0,-5.6
2025020464,2025-12-08 00:00:00,20252026,DET,VAN,4,0,4,4,0,J. Gibson,K. Lankinen,8476434,8480947,39,11,39,14,53,14.8,-3.8,11.0
2025020465,2025-12-08 00:00:00,20252026,MIN,SEA,4,1,5,3,0,F. Gustavsson,P. Grubauer,8479406,8475831,23,25,24,27,51,6.6,1.0,7.6
2025020466,2025-12-09 00:00:00,20252026,TBL,MTL,6,1,7,5,0,J. Johansson,J. Dobes,8477992,8482487,26,11,27,14,41,7.2,-3.8,3.4
2025020467,2025-12-09 00:00:00,20252026,NJD,OTT,4,3,7,1,0,J. Markstrom,L. Ullmark,8474593,8476999,35,28,38,32,70,5.0,-2.4,2.6
2025020468,2025-12-09 00:00:00,20252026,VGK,NYI,4,5,9,1,1,C. Hart,I. Sorokin,8479394,8478009,23,33,27,37,64,-2.4,2.6,0.2
2025020469,2025-12-09 00:00:00,20252026,SJS,PHI,1,4,5,3,0,A. Nedeljkovic,D. Vladar,8477968,8478435,26,17,29,18,47,-0.8,5.4,4.6
2025020470,2025-12-09 00:00:00,20252026,ANA,PIT,4,3,7,1,1,V. Husso,A. Silovs,8478024,8481668,44,26,47,28,75,6.8,0.2,7.0
2025020471,2025-12-09 00:00:00,20252026,CBJ,CAR,1,4,5,3,0,J. Greaves,B. Bussi,8482982,8483548,28,23,31,24,55,-0.4,6.6,6.2
2025020472,2025-12-09 00:00:00,20252026,BOS,STL,5,2,7,3,0,J. Swayman,J. Hofer,8480280,8480981,24,26,26,30,56,4.8,-2.8,2.0
2025020473,2025-12-09 00:00:00,20252026,DAL,WPG,4,3,7,1,0,C. DeSmith,E. Comrie,8479193,8477480,30,15,33,19,52,4.0,-5.0,-1.0
2025020474,2025-12-09 00:00:00,20252026,BUF,EDM,4,3,7,1,1,C. Ellis,S. Skinner,8481551,8479973,6,24,6,28,34,4.2,-2.2,2.0
2025020475,2025-12-09 00:00:00,20252026,COL,NSH,3,4,7,1,1,S. Wedgewood,J. Saros,8475809,8477424,28,39,31,42,73,0.6,5.8,6.4
2025020476,2025-12-10 00:00:00,20252026,NYR,CHI,0,3,3,3,0,I. Shesterkin,S. Knight,8478048,8481519,22,21,25,21,46,-1.6,11.2,9.6
2025020477,2025-12-10 00:00:00,20252026,DET,CGY,4,3,7,1,0,J. Gibson,D. Cooley,8476434,8482445,34,25,37,29,66,4.8,-3.0,1.8
2025020478,2025-12-10 00:00:00,20252026,FLA,UTA,4,3,7,1,0,S. Bobrovsky,K. Vejmelka,8475683,8478872,27,32,30,36,66,3.4,-1.6,1.8
2025020479,2025-12-10 00:00:00,20252026,LAK,SEA,2,3,5,1,1,A. Forsberg,J. Daccord,8476341,8478916,30,24,33,26,59,1.0,4.8,5.8
2025020480,2025-12-11 00:00:00,20252026,SJS,TOR,3,2,5,1,1,A. Nedeljkovic,D. Hildeby,8477968,8483710,28,29,30,32,62,5.6,0.8,6.4
2025020481,2025-12-11 00:00:00,20252026,TBL,NJD,8,4,12,4,0,J. Johansson,J. Markstrom,8477992,8474593,33,4,37,7,44,2.6,-5.2,-2.6
2025020482,2025-12-11 00:00:00,20252026,ANA,NYI,2,5,7,3,0,V. Husso,D. Rittich,8478024,8479496,32,31,37,33,70,-3.6,6.2,2.6
2025020483,2025-12-11 00:00:00,20252026,VGK,PHI,3,2,5,1,1,A. Schmid,D. Vladar,8481033,8478435,17,19,19,22,41,3.4,-1.2,2.2
2025020484,2025-12-11 00:00:00,20252026,MTL,PIT,4,2,6,2,0,J. Fowler,T. Jarry,8484170,8477465,36,25,38,29,67,7.2,-3.0,4.2
2025020485,2025-12-11 00:00:00,20252026,CAR,WSH,3,2,5,1,1,B. Bussi,L. Thompson,8483548,8480313,23,37,25,39,64,4.6,4.4,9.0
2025020486,2025-12-11 00:00:00,20252026,OTT,CBJ,6,3,9,3,0,L. Ullmark,E. Merzlikins,8476999,8478007,24,2,27,5,32,2.8,-5.6,-2.8
2025020487,2025-12-11 00:00:00,20252026,STL,NSH,2,7,9,5,0,J. Binnington,J. Saros,8476412,8477424,19,24,25,26,51,-8.2,4.8,-3.4
2025020488,2025-12-11 00:00:00,20252026,DAL,MIN,2,5,7,3,0,J. Oettinger,F. Gustavsson,8479979,8479406,27,16,30,18,48,-0.6,3.2,2.6
2025020489,2025-12-11 00:00:00,20252026,BOS,WPG,6,3,9,3,0,J. Korpisalo,E. Comrie,8476914,8477480,26,18,29,23,52,3.2,-6.4,-3.2
2025020490,2025-12-11 00:00:00,20252026,FLA,COL,2,6,8,4,0,D. Tarasov,M. Blackwood,8480193,8478406,36,23,42,25,67,-4.8,4.6,-0.2
2025020491,2025-12-11 00:00:00,20252026,DET,EDM,1,4,5,3,0,C. Talbot,S. Skinner,8475660,8479973,25,27,28,28,56,-1.0,7.4,6.4
2025020492,2025-12-11 00:00:00,20252026,BUF,VAN,3,2,5,1,0,A. Lyon,T. Demko,8479312,8477967,30,12,32,15,47,6.0,-3.6,2.4
2025020493,2025-12-12 00:00:00,20252026,CHI,STL,2,3,5,1,0,S. Knight,J. Hofer,8481519,8480981,23,27,26,29,55,-1.4,5.4,4.0
2025020494,2025-12-12 00:00:00,20252026,SEA,UTA,3,5,8,2,0,P. Grubauer,K. Vejmelka,8475831,8478872,28,34,31,37,68,-0.4,4.8,4.4
2025020495,2025-12-13 00:00:00,20252026,ANA,NJD,1,4,5,3,0,L. Dostal,J. Allen,8480843,8474596,18,30,21,31,52,-2.4,8.0,5.6
2025020496,2025-12-13 00:00:00,20252026,OTT,MIN,2,3,5,1,0,L. Meriläinen,J. Wallstedt,8482447,8482661,22,34,25,36,61,-1.6,6.8,5.2
2025020497,2025-12-13 00:00:00,20252026,SJS,PIT,6,5,11,1,1,Y. Askarov,A. Silovs,8482137,8481668,38,25,43,31,74,1.6,-6.0,-4.4
2025020498,2025-12-13 00:00:00,20252026,TBL,NYI,2,3,5,1,1,J. Johansson,I. Sorokin,8477992,8478009,15,32,17,34,51,0.0,6.4,6.4
2025020499,2025-12-13 00:00:00,20252026,EDM,TOR,6,3,9,3,0,T. Jarry,D. Hildeby,8477465,8483710,25,27,28,32,60,3.0,-6.6,-3.6
2025020500,2025-12-13 00:00:00,20252026,MTL,NYR,4,5,9,1,1,J. Fowler,I. Shesterkin,8484170,8478048,24,14,29,18,47,-4.2,-1.2,-5.4
2025020501,2025-12-13 00:00:00,20252026,CAR,PHI,4,3,7,1,1,P. Kochetkov,S. Ersson,8481611,8481035,15,18,18,21,39,1.0,-1.4,-0.4
2025020502,2025-12-13 00:00:00,20252026,VGK,CBJ,3,2,5,1,0,C. Hart,J. Greaves,8479394,8482982,28,23,30,26,56,5.6,-1.4,4.2
2025020503,2025-12-13 00:00:00,20252026,WSH,WPG,1,5,6,4,0,L. Thompson,C. Hellebuyck,8480313,8476945,30,24,35,25,60,-4.0,6.8,2.8
2025020504,2025-12-13 00:00:00,20252026,DET,CHI,4,0,4,4,0,J. Gibson,A. Soderblom,8476434,8482821,26,20,26,23,49,12.2,-2.0,10.2
2025020505,2025-12-13 00:00:00,20252026,FLA,DAL,4,0,4,4,0,S. Bobrovsky,J. Oettinger,8475683,8479979,15,19,15,22,37,10.0,-2.2,7.8
2025020506,2025-12-13 00:00:00,20252026,NSH,COL,2,4,6,2,0,J. Annunen,S. Wedgewood,8481020,8475809,37,27,40,29,69,1.4,5.4,6.8
2025020507,2025-12-13 00:00:00,20252026,CGY,LAK,2,1,3,1,1,D. Wolf,D. Kuemper,8481692,8475311,21,36,22,38,60,6.2,4.2,10.4
2025020508,2025-12-14 00:00:00,20252026,VAN,NJD,2,1,3,1,0,T. Demko,J. Markstrom,8477967,8474593,25,13,26,15,41,7.0,-1.4,5.6
2025020509,2025-12-14 00:00:00,20252026,UTA,PIT,5,4,9,1,1,K. Vejmelka,S. Murashov,8478872,8483703,12,31,16,36,52,-1.6,-2.8,-4.4
2025020510,2025-12-14 00:00:00,20252026,PHI,CAR,2,3,5,1,1,D. Vladar,B. Bussi,8478435,8483548,30,24,32,26,58,3.0,4.8,7.8
2025020511,2025-12-14 00:00:00,20252026,BOS,MIN,2,6,8,4,0,J. Swayman,F. Gustavsson,8480280,8479406,25,29,31,31,62,-7.0,5.8,-1.2
2025020512,2025-12-14 00:00:00,20252026,EDM,MTL,1,4,5,3,0,C. Pickard,J. Dobes,8475717,8482487,23,27,27,28,55,-3.4,7.4,4.0
2025020513,2025-12-14 00:00:00,20252026,BUF,SEA,3,1,4,2,0,A. Lyon,J. Daccord,8479312,8478916,23,20,24,22,46,6.6,0.0,6.6
2025020514,2025-12-15 00:00:00,20252026,FLA,TBL,5,2,7,3,0,S. Bobrovsky,J. Johansson,8475683,8477992,26,19,28,24,52,5.2,-6.2,-1.0
2025020515,2025-12-15 00:00:00,20252026,ANA,NYR,4,1,5,3,0,L. Dostal,I. Shesterkin,8480843,8478048,26,22,27,25,52,7.2,-1.6,5.6
2025020516,2025-12-15 00:00:00,20252026,OTT,WPG,3,2,5,1,1,L. Ullmark,C. Hellebuyck,8476999,8476945,23,28,25,31,56,4.6,0.6,5.2
2025020517,2025-12-15 00:00:00,20252026,NSH,STL,5,2,7,3,0,J. Saros,J. Hofer,8477424,8480981,20,21,22,25,47,4.0,-3.8,0.2
2025020518,2025-12-15 00:00:00,20252026,LAK,DAL,1,4,5,3,0,D. Kuemper,C. DeSmith,8475311,8479193,5,27,5,28,33,4.0,7.4,11.4
2025020519,2025-12-16 00:00:00,20252026,UTA,BOS,1,4,5,3,0,V. Vanecek,J. Swayman,8477970,8480280,19,20,23,21,44,-4.2,6.0,1.8
2025020520,2025-12-16 00:00:00,20252026,CHI,TOR,2,3,5,1,0,S. Knight,J. Woll,8481519,8479361,24,23,27,25,52,-1.2,4.6,3.4
2025020521,2025-12-16 00:00:00,20252026,PHI,MTL,4,1,5,3,0,D. Vladar,J. Fowler,8478435,8484170,21,17,22,20,42,6.2,-2.6,3.6
2025020522,2025-12-16 00:00:00,20252026,NYI,DET,2,3,5,1,0,I. Sorokin,J. Gibson,8478009,8476434,18,16,21,18,39,-2.4,3.2,0.8
2025020523,2025-12-16 00:00:00,20252026,VAN,NYR,3,0,3,3,0,T. Demko,J. Quick,8477967,8471734,23,14,23,16,39,11.6,-1.2,10.4
2025020524,2025-12-16 00:00:00,20252026,EDM,PIT,6,4,10,2,0,T. Jarry,S. Skinner,8477465,8479973,26,17,30,22,52,1.2,-6.6,-5.4
2025020525,2025-12-16 00:00:00,20252026,ANA,CBJ,3,4,7,1,1,V. Husso,J. Greaves,8478024,8482982,24,24,28,27,55,-2.2,2.8,0.6
2025020526,2025-12-16 00:00:00,20252026,WSH,MIN,0,5,5,5,0,C. Lindgren,F. Gustavsson,8479292,8479406,27,25,32,25,57,-4.6,12.0,7.4
2025020527,2025-12-16 00:00:00,20252026,CGY,SJS,3,6,9,3,0,D. Wolf,Y. Askarov,8481692,8482137,20,27,25,30,55,-6.0,3.4,-2.6
2025020528,2025-12-16 00:00:00,20252026,COL,SEA,5,3,8,2,0,M. Blackwood,P. Grubauer,8478406,8475831,35,34,38,38,76,5.0,-1.2,3.8
2025020529,2025-12-17 00:00:00,20252026,LAK,FLA,2,3,5,1,0,A. Forsberg,D. Tarasov,8476341,8480193,26,27,29,29,58,-0.8,5.4,4.6
2025020530,2025-12-17 00:00:00,20252026,UTA,DET,4,1,5,3,0,K. Vejmelka,C. Talbot,8478872,8475660,27,24,28,28,56,7.4,-3.2,4.2
2025020531,2025-12-17 00:00:00,20252026,WPG,STL,0,1,1,1,0,C. Hellebuyck,J. Hofer,8476945,8480981,25,24,26,24,50,3.0,11.8,14.8
2025020532,2025-12-17 00:00:00,20252026,CAR,NSH,4,1,5,3,0,P. Kochetkov,J. Saros,8481611,8477424,25,33,26,36,62,7.0,0.6,7.6
2025020533,2025-12-17 00:00:00,20252026,NJD,VGK,2,1,3,1,1,J. Allen,C. Hart,8474596,8479394,36,32,37,33,70,9.2,5.4,14.6
2025020534,2025-12-18 00:00:00,20252026,EDM,BOS,3,1,4,2,0,T. Jarry,J. Swayman,8477465,8480280,12,22,13,25,38,4.4,-1.6,2.8
2025020535,2025-12-18 00:00:00,20252026,PHI,BUF,3,5,8,2,0,S. Ersson,A. Lyon,8481035,8479312,23,24,27,27,54,-3.4,2.8,-0.6
2025020536,2025-12-18 00:00:00,20252026,CHI,MTL,1,4,5,3,0,S. Knight,J. Dobes,8481519,8482487,31,14,34,15,49,0.2,4.8,5.0
2025020537,2025-12-18 00:00:00,20252026,PIT,OTT,0,4,4,4,0,A. Silovs,L. Ullmark,8481668,8476999,22,25,26,25,51,-3.6,12.0,8.4
2025020538,2025-12-18 00:00:00,20252026,LAK,TBL,2,1,3,1,0,A. Forsberg,A. Vasilevskiy,8476341,8476883,31,18,32,20,52,8.2,-0.4,7.8
2025020539,2025-12-18 00:00:00,20252026,TOR,WSH,0,4,4,4,0,D. Hildeby,L. Thompson,8483710,8480313,25,22,29,22,51,-3.0,11.4,8.4
2025020540,2025-12-18 00:00:00,20252026,MIN,CBJ,5,2,7,3,0,J. Wallstedt,J. Greaves,8482661,8482982,27,23,29,26,55,5.4,-1.4,4.0
2025020541,2025-12-18 00:00:00,20252026,NYR,STL,2,1,3,1,1,I. Shesterkin,J. Binnington,8478048,8476412,26,29,27,31,58,7.2,2.8,10.0
2025020542,2025-12-18 00:00:00,20252026,SEA,CGY,2,4,6,2,0,J. Daccord,D. Wolf,8478916,8481692,42,21,45,23,68,2.4,4.2,6.6
2025020543,2025-12-18 00:00:00,20252026,DAL,SJS,5,3,8,2,0,J. Oettinger,A. Nedeljkovic,8479979,8477968,34,25,37,29,66,4.8,-3.0,1.8
2025020544,2025-12-19 00:00:00,20252026,CAR,FLA,3,4,7,1,1,B. Bussi,S. Bobrovsky,8483548,8475683,38,26,41,29,70,2.6,3.2,5.8
2025020545,2025-12-19 00:00:00,20252026,VAN,NYI,4,1,5,3,0,T. Demko,I. Sorokin,8477967,8478009,23,27,24,30,54,6.6,-0.6,6.0
2025020546,2025-12-19 00:00:00,20252026,WPG,COL,2,3,5,1,0,C. Hellebuyck,S. Wedgewood,8476945,8475809,23,20,26,22,48,-1.4,4.0,2.6
2025020547,2025-12-19 00:00:00,20252026,NJD,UTA,2,1,3,1,0,J. Markstrom,K. Vejmelka,8474593,8478872,32,20,33,22,55,8.4,0.0,8.4
2025020548,2025-12-19 00:00:00,20252026,DAL,ANA,8,3,11,5,0,C. DeSmith,L. Dostal,8479193,8480843,22,3,25,7,32,2.4,-7.4,-5.0
2025020549,2025-12-20 00:00:00,20252026,PHI,NYR,4,5,9,1,1,S. Ersson,I. Shesterkin,8481035,8478048,23,28,27,32,59,-2.4,1.6,-0.8
2025020550,2025-12-20 00:00:00,20252026,DET,WSH,5,2,7,3,0,J. Gibson,L. Thompson,8476434,8480313,24,36,26,40,66,4.8,-0.8,4.0
2025020551,2025-12-20 00:00:00,20252026,CHI,OTT,4,6,10,2,0,A. Soderblom,L. Meriläinen,8482821,8482447,34,20,40,24,64,-5.2,0.0,-5.2
2025020552,2025-12-20 00:00:00,20252026,EDM,MIN,2,5,7,3,0,C. Pickard,F. Gustavsson,8475717,8479406,32,28,36,30,66,-1.6,5.6,4.0
2025020553,2025-12-20 00:00:00,20252026,NYI,BUF,2,3,5,1,1,D. Rittich,A. Lyon,8479496,8479312,30,32,32,34,66,3.0,6.4,9.4
2025020554,2025-12-20 00:00:00,20252026,STL,FLA,6,2,8,4,0,J. Hofer,D. Tarasov,8480981,8480193,27,26,29,31,60,5.4,-4.8,0.6
2025020555,2025-12-20 00:00:00,20252026,VAN,BOS,5,4,9,1,1,K. Lankinen,J. Swayman,8480947,8480280,39,19,43,23,66,3.8,-3.2,0.6
2025020556,2025-12-20 00:00:00,20252026,PIT,MTL,0,4,4,4,0,S. Skinner,J. Fowler,8479973,8484170,17,31,20,31,51,-2.6,13.2,10.6
2025020557,2025-12-20 00:00:00,20252026,CAR,TBL,4,6,10,2,0,P. Kochetkov,A. Vasilevskiy,8481611,8476883,23,18,28,22,50,-5.4,-0.4,-5.8
2025020558,2025-12-20 00:00:00,20252026,TOR,NSH,3,5,8,2,0,J. Woll,J. Saros,8479361,8477424,29,19,32,22,54,-0.2,1.8,1.6
2025020559,2025-12-20 00:00:00,20252026,VGK,CGY,3,6,9,3,0,A. Schmid,D. Cooley,8481033,8482445,20,34,25,37,62,-6.0,4.8,-1.2
2025020560,2025-12-20 00:00:00,20252026,CBJ,ANA,3,4,7,1,0,E. Merzlikins,L. Dostal,8478007,8480843,24,23,28,26,54,-3.2,2.6,-0.6
2025020561,2025-12-20 00:00:00,20252026,SEA,SJS,4,2,6,2,0,J. Daccord,Y. Askarov,8478916,8482137,35,28,36,31,67,7.0,-0.4,6.6
2025020562,2025-12-21 00:00:00,20252026,WSH,DET,2,3,5,1,1,C. Lindgren,C. Talbot,8479292,8475660,24,31,27,33,60,-0.2,6.2,6.0
2025020563,2025-12-21 00:00:00,20252026,COL,MIN,5,1,6,4,0,M. Blackwood,J. Wallstedt,8478406,8482661,28,37,29,41,70,7.6,-0.6,7.0
2025020564,2025-12-21 00:00:00,20252026,OTT,BOS,6,2,8,4,0,L. Ullmark,J. Korpisalo,8476999,8476914,18,12,20,17,37,3.6,-7.6,-4.0
2025020565,2025-12-21 00:00:00,20252026,BUF,NJD,3,1,4,2,0,U. Luukkonen,J. Allen,8480045,8474596,26,22,27,24,51,7.2,0.4,7.6
2025020566,2025-12-21 00:00:00,20252026,MTL,PIT,3,4,7,1,1,J. Dobes,A. Silovs,8482487,8481668,28,22,31,25,56,0.6,2.4,3.0
2025020567,2025-12-21 00:00:00,20252026,NYR,NSH,1,2,3,1,0,J. Quick,J. Annunen,8471734,8481020,30,16,31,17,48,4.0,5.2,9.2
2025020568,2025-12-21 00:00:00,20252026,TOR,DAL,1,5,6,4,0,D. Hildeby,J. Oettinger,8483710,8479979,17,27,21,28,49,-4.6,7.4,2.8
2025020569,2025-12-21 00:00:00,20252026,WPG,UTA,3,4,7,1,1,C. Hellebuyck,K. Vejmelka,8476945,8478872,18,23,22,26,48,-3.4,2.6,-0.8
2025020570,2025-12-21 00:00:00,20252026,VGK,EDM,3,4,7,1,0,C. Hart,C. Ingram,8479394,8478971,17,28,21,31,52,-4.6,3.6,-1.0
2025020571,2025-12-22 00:00:00,20252026,STL,TBL,1,4,5,3,0,J. Binnington,A. Vasilevskiy,8476412,8476883,13,23,17,24,41,-5.4,6.6,1.2
2025020572,2025-12-22 00:00:00,20252026,VAN,PHI,2,5,7,3,0,T. Demko,D. Vladar,8477967,8478435,34,23,38,25,63,-1.2,4.6,3.4
2025020573,2025-12-22 00:00:00,20252026,SEA,ANA,3,1,4,2,0,P. Grubauer,L. Dostal,8475831,8480843,40,18,41,20,61,10.0,-0.4,9.6
2025020574,2025-12-22 00:00:00,20252026,CBJ,LAK,3,1,4,2,0,J. Greaves,A. Forsberg,8482982,8476341,23,27,24,30,54,6.6,-0.6,6.0
2025020575,2025-12-23 00:00:00,20252026,PIT,TOR,3,6,9,3,0,S. Skinner,J. Woll,8479973,8479361,25,29,29,32,61,-3.0,3.8,0.8
2025020576,2025-12-23 00:00:00,20252026,NYR,WSH,7,3,10,4,0,I. Shesterkin,L. Thompson,8478048,8480313,29,14,32,20,52,3.8,-9.2,-5.4
2025020577,2025-12-23 00:00:00,20252026,MTL,BOS,6,2,8,4,0,J. Fowler,J. Swayman,8484170,8480280,26,23,28,29,57,5.2,-7.4,-2.2
2025020578,2025-12-23 00:00:00,20252026,BUF,OTT,3,2,5,1,1,A. Lyon,L. Ullmark,8479312,8476999,24,22,26,25,51,4.8,-0.6,4.2
2025020579,2025-12-23 00:00:00,20252026,DAL,DET,3,4,7,1,1,C. DeSmith,J. Gibson,8479193,8476434,21,19,25,22,47,-2.8,1.8,-1.0
2025020580,2025-12-23 00:00:00,20252026,NJD,NYI,1,2,3,1,0,J. Markstrom,D. Rittich,8474593,8479496,23,31,25,32,57,0.6,8.2,8.8
2025020581,2025-12-23 00:00:00,20252026,FLA,CAR,5,2,7,3,0,S. Bobrovsky,F. Andersen,8475683,8475883,17,17,19,22,41,3.4,-6.6,-3.2
2025020582,2025-12-23 00:00:00,20252026,NSH,MIN,3,2,5,1,1,J. Saros,F. Gustavsson,8477424,8479406,30,26,32,29,61,6.0,0.2,6.2
2025020583,2025-12-23 00:00:00,20252026,PHI,CHI,3,1,4,2,0,S. Ersson,S. Knight,8481035,8481519,20,23,21,25,46,6.0,0.6,6.6
2025020584,2025-12-23 00:00:00,20252026,UTA,COL,0,1,1,1,0,V. Vanecek,S. Wedgewood,8477970,8475809,25,32,26,32,58,3.0,13.4,16.4
2025020585,2025-12-23 00:00:00,20252026,CGY,EDM,1,5,6,4,0,D. Wolf,C. Ingram,8481692,8478971,34,18,39,19,58,-3.2,5.6,2.4
2025020586,2025-12-23 00:00:00,20252026,SJS,VGK,2,7,9,5,0,Y. Askarov,C. Hart,8482137,8479394,12,21,16,23,39,-5.6,4.2,-1.4
2025020587,2025-12-23 00:00:00,20252026,SEA,LAK,3,2,5,1,0,J. Daccord,P. Copley,8478916,8477831,35,25,37,28,65,7.0,-1.0,6.0
2025020588,2025-12-27 00:00:00,20252026,NYR,NYI,0,2,2,2,0,I. Shesterkin,D. Rittich,8478048,8479496,24,27,25,27,52,2.8,12.4,15.2
2025020589,2025-12-27 00:00:00,20252026,BOS,BUF,1,4,5,3,0,J. Korpisalo,U. Luukkonen,8476914,8480045,30,22,33,23,56,0.0,6.4,6.4
2025020590,2025-12-27 00:00:00,20252026,OTT,TOR,5,7,12,2,0,L. Ullmark,J. Woll,8476999,8479361,10,26,14,31,45,-6.0,-0.8,-6.8
2025020591,2025-12-27 00:00:00,20252026,TBL,FLA,4,2,6,2,0,A. Vasilevskiy,S. Bobrovsky,8476883,8475683,24,21,26,24,50,4.8,-1.8,3.0
2025020592,2025-12-27 00:00:00,20252026,WSH,NJD,4,3,7,1,1,L. Thompson,J. Allen,8480313,8474596,35,29,38,33,71,5.0,-1.2,3.8
2025020593,2025-12-27 00:00:00,20252026,DET,CAR,2,5,7,3,0,J. Gibson,B. Bussi,8476434,8483548,33,18,37,20,57,-1.4,3.6,2.2
2025020594,2025-12-27 00:00:00,20252026,MIN,WPG,4,3,7,1,1,J. Wallstedt,C. Hellebuyck,8482661,8476945,23,15,26,19,45,2.6,-4.0,-1.4
2025020595,2025-12-27 00:00:00,20252026,NSH,STL,2,3,5,1,0,J. Saros,J. Hofer,8477424,8480981,17,30,20,32,52,-2.6,6.0,3.4
2025020596,2025-12-27 00:00:00,20252026,CHI,DAL,4,3,7,1,1,A. Soderblom,J. Oettinger,8482821,8479979,28,30,31,33,64,3.6,1.0,4.6
2025020597,2025-12-27 00:00:00,20252026,ANA,LAK,1,6,7,5,0,L. Dostal,A. Forsberg,8480843,8476341,24,25,30,26,56,-7.2,7.0,-0.2
2025020598,2025-12-27 00:00:00,20252026,EDM,CGY,2,3,5,1,0,C. Ingram,D. Wolf,8478971,8481692,29,29,32,31,63,-0.2,5.8,5.6
2025020599,2025-12-27 00:00:00,20252026,SJS,VAN,6,3,9,3,0,Y. Askarov,T. Demko,8482137,8477967,24,32,27,36,63,2.8,-3.6,-0.8
2025020600,2025-12-27 00:00:00,20252026,COL,VGK,6,5,11,1,1,S. Wedgewood,C. Hart,8475809,8479394,20,34,25,39,64,-2.0,-2.2,-4.2
2025020601,2025-12-28 00:00:00,20252026,TOR,DET,2,3,5,1,1,D. Hildeby,C. Talbot,8483710,8475660,33,25,36,27,63,1.6,5.0,6.6
2025020602,2025-12-28 00:00:00,20252026,MTL,TBL,4,5,9,1,1,J. Fowler,J. Johansson,8484170,8477992,17,31,21,35,56,-3.6,2.2,-1.4
2025020603,2025-12-28 00:00:00,20252026,NYI,CBJ,2,4,6,2,0,D. Rittich,J. Greaves,8479496,8482982,31,24,34,26,60,0.2,4.8,5.0
2025020604,2025-12-28 00:00:00,20252026,PIT,CHI,7,3,10,4,0,A. Silovs,S. Knight,8481668,8481519,21,5,24,9,33,2.2,-7.0,-4.8
2025020605,2025-12-28 00:00:00,20252026,PHI,SEA,1,4,5,3,0,D. Vladar,P. Grubauer,8478435,8475831,16,32,18,33,51,-0.8,8.4,7.6
2025020606,2025-12-29 00:00:00,20252026,CBJ,OTT,4,1,5,3,0,J. Greaves,L. Meriläinen,8482982,8482447,27,18,28,22,50,7.4,-4.4,3.0
2025020607,2025-12-29 00:00:00,20252026,WSH,FLA,3,5,8,2,0,L. Thompson,S. Bobrovsky,8480313,8475683,24,24,28,27,55,-3.2,2.8,-0.4
2025020608,2025-12-29 00:00:00,20252026,NYR,CAR,2,3,5,1,1,I. Shesterkin,B. Bussi,8478048,8483548,32,18,35,20,55,1.4,3.6,5.0
2025020609,2025-12-29 00:00:00,20252026,EDM,WPG,3,1,4,2,0,C. Pickard,C. Hellebuyck,8475717,8476945,41,18,42,20,62,10.2,-0.4,9.8
2025020610,2025-12-29 00:00:00,20252026,BUF,STL,4,2,6,2,0,A. Lyon,J. Hofer,8479312,8480981,16,30,18,33,51,3.2,0.0,3.2
2025020611,2025-12-29 00:00:00,20252026,LAK,COL,2,5,7,3,0,A. Forsberg,M. Blackwood,8476341,8478406,21,23,25,25,50,-3.8,4.6,0.8
2025020612,2025-12-29 00:00:00,20252026,NSH,UTA,4,3,7,1,0,J. Saros,V. Vanecek,8477424,8477970,28,22,31,26,57,3.6,-3.6,0.0
2025020613,2025-12-29 00:00:00,20252026,BOS,CGY,1,2,3,1,1,J. Swayman,D. Wolf,8480280,8481692,19,25,20,26,46,0.8,7.0,7.8
2025020614,2025-12-29 00:00:00,20252026,MIN,VGK,5,2,7,3,0,F. Gustavsson,C. Hart,8479406,8479394,14,7,16,12,28,2.8,-8.6,-5.8
2025020615,2025-12-29 00:00:00,20252026,SJS,ANA,5,4,9,1,0,Y. Askarov,L. Dostal,8482137,8480843,38,5,42,9,51,3.6,-7.0,-3.4
2025020616,2025-12-29 00:00:00,20252026,VAN,SEA,3,2,5,1,1,K. Lankinen,J. Daccord,8480947,8478916,37,22,39,24,63,7.4,1.4,8.8
2025020617,2025-12-30 00:00:00,20252026,NJD,TOR,0,4,4,4,0,J. Markstrom,J. Woll,8474593,8479361,26,33,29,33,62,-0.8,13.6,12.8
2025020618,2025-12-30 00:00:00,20252026,MTL,FLA,3,2,5,1,1,S. Montembeault,D. Tarasov,8478470,8480193,28,26,30,29,59,5.6,0.2,5.8
2025020619,2025-12-30 00:00:00,20252026,CAR,PIT,1,5,6,4,0,F. Andersen,S. Skinner,8475883,8479973,23,27,28,28,56,-5.4,7.4,2.0
2025020620,2025-12-30 00:00:00,20252026,NYI,CHI,3,2,5,1,1,D. Rittich,S. Knight,8479496,8481519,17,19,19,21,40,3.4,0.8,4.2
2025020621,2025-12-30 00:00:00,20252026,PHI,VAN,6,3,9,3,0,D. Vladar,T. Demko,8478435,8477967,32,27,35,31,66,4.4,-2.6,1.8
2025020622,2025-12-31 00:00:00,20252026,NYR,WSH,3,6,9,3,0,J. Quick,C. Lindgren,8471734,8479292,21,22,26,25,51,-5.8,2.4,-3.4
2025020623,2025-12-31 00:00:00,20252026,NSH,VGK,4,2,6,2,0,J. Annunen,A. Schmid,8481020,8481033,29,15,31,19,50,5.8,-5.0,0.8
2025020624,2025-12-31 00:00:00,20252026,TBL,ANA,4,3,7,1,1,A. Vasilevskiy,L. Dostal,8476883,8480843,25,25,28,29,57,3.0,-2.0,1.0
2025020625,2025-12-31 00:00:00,20252026,MIN,SJS,3,4,7,1,1,J. Wallstedt,Y. Askarov,8482661,8482137,25,20,28,23,51,0.0,2.0,2.0
2025020626,2025-12-31 00:00:00,20252026,WPG,DET,1,2,3,1,0,C. Hellebuyck,J. Gibson,8476945,8476434,17,23,19,24,43,-0.6,6.6,6.0
2025020627,2025-12-31 00:00:00,20252026,NJD,CBJ,3,2,5,1,0,J. Allen,J. Greaves,8474596,8482982,33,30,35,33,68,6.6,0.0,6.6
2025020628,2025-12-31 00:00:00,20252026,BUF,DAL,4,1,5,3,0,U. Luukkonen,C. DeSmith,8480045,8479193,28,27,29,31,60,7.6,-2.6,5.0
2025020629,2025-12-31 00:00:00,20252026,STL,COL,1,6,7,5,0,J. Binnington,M. Blackwood,8476412,8478406,37,12,43,13,56,-4.6,4.4,-0.2
2025020630,2025-12-31 00:00:00,20252026,PHI,CGY,1,5,6,4,0,S. Ersson,D. Wolf,8481035,8481692,21,26,26,26,52,-5.8,7.2,1.4
2025020631,2025-12-31 00:00:00,20252026,BOS,EDM,6,2,8,4,0,J. Swayman,C. Ingram,8480280,8478971,34,23,36,29,65,6.8,-7.4,-0.6
2025020632,2026-01-01 00:00:00,20252026,WSH,OTT,3,4,7,1,0,L. Thompson,L. Meriläinen,8480313,8482447,28,26,32,29,61,-2.4,3.2,0.8
2025020633,2026-01-01 00:00:00,20252026,UTA,NYI,7,2,9,5,0,K. Vejmelka,D. Rittich,8478872,8479496,20,9,22,14,36,4.0,-8.2,-4.2
2025020634,2026-01-01 00:00:00,20252026,WPG,TOR,5,6,11,1,0,E. Comrie,J. Woll,8477480,8479361,24,13,30,17,47,-7.2,-5.4,-12.6
2025020635,2026-01-01 00:00:00,20252026,DET,PIT,3,4,7,1,1,C. Talbot,A. Silovs,8475660,8481668,27,24,31,27,58,-1.6,2.8,1.2
2025020636,2026-01-01 00:00:00,20252026,MTL,CAR,7,5,12,2,0,J. Dobes,B. Bussi,8482487,8483548,20,16,25,22,47,-2.0,-8.8,-10.8
2025020637,2026-01-01 00:00:00,20252026,DAL,CHI,3,4,7,1,0,J. Oettinger,S. Knight,8479979,8481519,17,22,21,25,46,-4.6,2.4,-2.2
2025020638,2026-01-01 00:00:00,20252026,NSH,SEA,1,4,5,3,0,J. Saros,P. Grubauer,8477424,8475831,19,24,22,25,47,-2.2,6.8,4.6
2025020639,2026-01-01 00:00:00,20252026,TBL,LAK,5,3,8,2,0,J. Johansson,D. Kuemper,8477992,8475311,17,19,20,23,43,1.4,-4.2,-2.8
2025020640,2026-01-02 00:00:00,20252026,VGK,STL,3,4,7,1,0,C. Hart,J. Hofer,8479394,8480981,15,22,19,25,44,-5.0,2.4,-2.6
2025020641,2026-01-02 00:00:00,20252026,NYR,FLA,5,1,6,4,0,I. Shesterkin,S. Bobrovsky,8478048,8475683,36,15,37,19,56,9.2,-5.0,4.2
2025020642,2026-01-02 00:00:00,20252026,SEA,VAN,4,3,7,1,1,J. Daccord,T. Demko,8478916,8477967,21,25,24,28,52,2.2,0.0,2.2
2025020643,2026-01-02 00:00:00,20252026,MIN,ANA,5,2,7,3,0,F. Gustavsson,L. Dostal,8479406,8480843,26,29,28,34,62,5.2,-4.2,1.0
2025020644,2026-01-03 00:00:00,20252026,PIT,DET,4,1,5,3,0,S. Skinner,J. Gibson,8479973,8476434,11,27,12,29,41,4.2,1.4,5.6
2025020645,2026-01-03 00:00:00,20252026,UTA,NJD,1,4,5,3,0,K. Vejmelka,J. Markstrom,8478872,8474593,26,30,30,31,61,-2.8,8.0,5.2
2025020646,2026-01-03 00:00:00,20252026,BUF,CBJ,1,5,6,4,0,U. Luukkonen,J. Greaves,8480045,8482982,30,32,34,33,67,-2.0,8.4,6.4
2025020647,2026-01-03 00:00:00,20252026,PHI,EDM,5,2,7,3,0,D. Vladar,C. Pickard,8478435,8475717,23,24,25,28,53,4.6,-3.2,1.4
2025020648,2026-01-03 00:00:00,20252026,MTL,STL,0,2,2,2,0,J. Fowler,J. Binnington,8484170,8476412,17,26,19,26,45,-0.6,12.2,11.6
2025020649,2026-01-03 00:00:00,20252026,TBL,SJS,7,3,10,4,0,A. Vasilevskiy,Y. Askarov,8476883,8482137,19,7,22,10,32,1.8,-4.6,-2.8
2025020650,2026-01-03 00:00:00,20252026,WPG,OTT,2,4,6,2,0,C. Hellebuyck,L. Meriläinen,8476945,8482447,23,21,27,23,50,-3.4,4.2,0.8
2025020651,2026-01-03 00:00:00,20252026,TOR,NYI,3,4,7,1,1,J. Woll,D. Rittich,8479361,8479496,21,18,25,21,46,-2.8,1.6,-1.2
2025020652,2026-01-03 00:00:00,20252026,CHI,WSH,3,2,5,1,1,S. Knight,L. Thompson,8481519,8480313,32,31,34,33,67,6.4,3.2,9.6
2025020653,2026-01-03 00:00:00,20252026,COL,CAR,5,3,8,2,0,S. Wedgewood,F. Andersen,8475809,8475883,25,30,28,34,62,3.0,-2.0,1.0
2025020654,2026-01-03 00:00:00,20252026,NSH,CGY,4,3,7,1,0,J. Saros,D. Wolf,8477424,8481692,20,32,23,36,59,2.0,-1.6,0.4
2025020655,2026-01-03 00:00:00,20252026,MIN,LAK,4,5,9,1,1,J. Wallstedt,D. Kuemper,8482661,8475311,35,24,38,28,66,0.0,0.8,0.8
2025020656,2026-01-03 00:00:00,20252026,BOS,VAN,3,2,5,1,1,J. Swayman,K. Lankinen,8480280,8480947,32,19,34,22,56,6.4,-1.2,5.2
2025020657,2026-01-04 00:00:00,20252026,MTL,DAL,4,3,7,1,1,S. Montembeault,J. Oettinger,8478470,8479979,24,24,27,28,55,2.8,-2.2,0.6
2025020658,2026-01-04 00:00:00,20252026,PIT,CBJ,5,4,9,1,1,A. Silovs,J. Greaves,8481668,8482982,21,38,25,43,68,0.2,-1.4,-1.2
2025020659,2026-01-04 00:00:00,20252026,COL,FLA,1,2,3,1,0,S. Wedgewood,D. Tarasov,8475809,8480193,23,27,25,28,53,0.6,7.4,8.0
2025020660,2026-01-04 00:00:00,20252026,CAR,NJD,3,1,4,2,0,B. Bussi,J. Allen,8483548,8474596,28,27,29,29,58,7.6,-0.6,7.0
2025020661,2026-01-04 00:00:00,20252026,VGK,CHI,2,3,5,1,1,A. Schmid,A. Soderblom,8481033,8482821,17,13,20,15,35,-1.6,2.6,1.0
2025020662,2026-01-05 00:00:00,20252026,UTA,NYR,3,2,5,1,1,K. Vejmelka,I. Shesterkin,8478872,8478048,22,9,24,9,33,4.4,4.8,9.2
2025020663,2026-01-05 00:00:00,20252026,ANA,WSH,4,7,11,3,0,P. Mrazek,C. Lindgren,8475852,8479292,19,41,24,45,69,-6.2,4.2,-2.0
2025020664,2026-01-05 00:00:00,20252026,DET,OTT,5,3,8,2,0,J. Gibson,L. Meriläinen,8476434,8482447,34,6,37,9,46,4.8,-4.8,0.0
2025020665,2026-01-05 00:00:00,20252026,SEA,CGY,5,1,6,4,0,P. Grubauer,D. Wolf,8475831,8481692,41,23,42,27,69,10.2,-3.4,6.8
2025020666,2026-01-05 00:00:00,20252026,MIN,LAK,2,4,6,2,0,F. Gustavsson,D. Kuemper,8479406,8475311,29,33,32,35,67,-0.2,6.6,6.4
2025020667,2026-01-06 00:00:00,20252026,VAN,BUF,3,5,8,2,0,T. Demko,U. Luukkonen,8477967,8480045,15,34,19,37,56,-5.0,4.8,-0.2
2025020668,2026-01-06 00:00:00,20252026,COL,TBL,2,4,6,2,0,S. Wedgewood,A. Vasilevskiy,8475809,8476883,24,31,27,33,60,-1.2,6.2,5.0
2025020669,2026-01-06 00:00:00,20252026,NJD,NYI,0,9,9,9,0,J. Markstrom,I. Sorokin,8474593,8478009,15,44,24,44,68,-15.0,15.8,0.8
2025020670,2026-01-06 00:00:00,20252026,ANA,PHI,2,5,7,3,0,L. Dostal,D. Vladar,8480843,8478435,34,16,38,18,56,-1.2,3.2,2.0
2025020671,2026-01-06 00:00:00,20252026,DAL,CAR,3,6,9,3,0,J. Oettinger,B. Bussi,8479979,8483548,10,21,15,23,38,-8.0,2.2,-5.8
2025020672,2026-01-06 00:00:00,20252026,FLA,TOR,1,4,5,3,0,S. Bobrovsky,J. Woll,8475683,8479361,19,31,22,32,54,-2.2,8.2,6.0
2025020673,2026-01-06 00:00:00,20252026,VGK,WPG,4,3,7,1,1,C. Hart,C. Hellebuyck,8479394,8476945,17,27,20,31,51,1.4,-1.6,-0.2
2025020674,2026-01-06 00:00:00,20252026,NSH,EDM,2,6,8,4,0,J. Saros,C. Ingram,8477424,8478971,37,24,43,26,69,-4.6,4.8,0.2
2025020675,2026-01-06 00:00:00,20252026,CBJ,SJS,2,5,7,3,0,J. Greaves,A. Nedeljkovic,8482982,8477968,31,34,34,36,70,0.2,6.8,7.0
2025020676,2026-01-06 00:00:00,20252026,BOS,SEA,4,7,11,3,0,J. Swayman,J. Daccord,8480280,8478916,20,32,26,36,62,-8.0,2.4,-5.6
2025020677,2026-01-07 00:00:00,20252026,DAL,WSH,4,1,5,3,0,C. DeSmith,L. Thompson,8479193,8480313,23,32,24,35,59,6.6,0.4,7.0
2025020678,2026-01-07 00:00:00,20252026,CGY,MTL,1,4,5,3,0,D. Wolf,J. Fowler,8481692,8484170,32,28,36,29,65,-1.6,7.6,6.0
2025020679,2026-01-07 00:00:00,20252026,STL,CHI,3,7,10,4,0,J. Binnington,S. Knight,8476412,8481519,28,27,35,30,65,-8.4,3.4,-5.0
2025020680,2026-01-07 00:00:00,20252026,OTT,UTA,1,3,4,2,0,L. Meriläinen,K. Vejmelka,8482447,8478872,18,32,21,33,54,-2.4,8.4,6.0
2025020681,2026-01-07 00:00:00,20252026,SJS,LAK,4,3,7,1,1,Y. Askarov,D. Kuemper,8482137,8475311,23,24,26,28,54,2.6,-2.2,0.4
2025020682,2026-01-08 00:00:00,20252026,CGY,BOS,1,4,5,3,0,D. Wolf,J. Korpisalo,8481692,8476914,26,28,30,29,59,-2.8,7.6,4.8
2025020683,2026-01-08 00:00:00,20252026,FLA,MTL,2,6,8,4,0,S. Bobrovsky,S. Montembeault,8475683,8478470,14,25,19,27,46,-7.2,5.0,-2.2
2025020684,2026-01-08 00:00:00,20252026,VAN,DET,1,5,6,4,0,K. Lankinen,J. Gibson,8480947,8476434,20,23,24,24,48,-4.0,6.6,2.6
2025020685,2026-01-08 00:00:00,20252026,BUF,NYR,5,2,7,3,0,C. Ellis,J. Quick,8481551,8471734,30,16,32,20,52,6.0,-4.8,1.2
2025020686,2026-01-08 00:00:00,20252026,TOR,PHI,2,1,3,1,1,D. Hildeby,D. Vladar,8483710,8478435,22,21,23,23,46,6.4,1.2,7.6
2025020687,2026-01-08 00:00:00,20252026,NJD,PIT,1,4,5,3,0,J. Allen,S. Skinner,8474596,8479973,25,28,29,29,58,-3.0,7.6,4.6
2025020688,2026-01-08 00:00:00,20252026,ANA,CAR,2,5,7,3,0,V. Husso,F. Andersen,8478024,8475883,30,11,34,13,47,-2.0,2.2,0.2
2025020689,2026-01-08 00:00:00,20252026,NYI,NSH,1,2,3,1,1,D. Rittich,J. Saros,8479496,8477424,26,30,27,31,58,4.2,8.0,12.2
2025020690,2026-01-08 00:00:00,20252026,EDM,WPG,4,3,7,1,0,C. Pickard,C. Hellebuyck,8475717,8476945,13,26,16,30,46,0.6,-2.8,-2.2
2025020691,2026-01-08 00:00:00,20252026,OTT,COL,2,8,10,6,0,L. Meriläinen,S. Wedgewood,8482447,8475809,15,29,18,31,49,-3.0,5.8,2.8
2025020692,2026-01-08 00:00:00,20252026,CBJ,VGK,3,5,8,2,0,J. Greaves,C. Hart,8482982,8479394,21,0,26,1,27,-5.8,-2.0,-7.8
2025020693,2026-01-08 00:00:00,20252026,MIN,SEA,3,2,5,1,1,J. Wallstedt,P. Grubauer,8482661,8475831,26,31,28,34,62,5.2,1.2,6.4
2025020694,2026-01-09 00:00:00,20252026,WSH,CHI,5,1,6,4,0,L. Thompson,D. Commesso,8480313,8482123,23,19,24,24,48,6.6,-6.2,0.4
2025020695,2026-01-09 00:00:00,20252026,LAK,WPG,1,5,6,4,0,D. Kuemper,E. Comrie,8475311,8477480,11,23,16,24,40,-7.8,6.6,-1.2
2025020696,2026-01-09 00:00:00,20252026,STL,UTA,2,4,6,2,0,J. Hofer,K. Vejmelka,8480981,8478872,19,26,23,28,51,-4.2,5.2,1.0
2025020697,2026-01-10 00:00:00,20252026,NYR,BOS,2,10,12,8,0,J. Quick,J. Swayman,8471734,8480280,14,27,20,29,49,-9.2,5.4,-3.8
2025020698,2026-01-10 00:00:00,20252026,CGY,PIT,2,1,3,1,0,D. Cooley,A. Silovs,8482445,8481668,27,23,28,25,53,7.4,0.6,8.0
2025020699,2026-01-10 00:00:00,20252026,CBJ,COL,0,4,4,4,0,E. Merzlikins,T. Miner,8478007,8481529,27,29,31,29,60,-2.6,12.8,10.2
2025020700,2026-01-10 00:00:00,20252026,DAL,SJS,4,5,9,1,1,C. DeSmith,A. Nedeljkovic,8479193,8477968,26,16,31,20,51,-3.8,-0.8,-4.6
2025020701,2026-01-10 00:00:00,20252026,ANA,BUF,3,5,8,2,0,L. Dostal,U. Luukkonen,8480843,8480045,27,33,31,36,67,-2.6,4.6,2.0
2025020702,2026-01-10 00:00:00,20252026,VAN,TOR,0,5,5,5,0,T. Demko,J. Woll,8477967,8479361,3,29,6,29,35,-5.4,12.8,7.4
2025020703,2026-01-10 00:00:00,20252026,DET,MTL,4,0,4,4,0,J. Gibson,J. Fowler,8476434,8484170,27,20,27,23,50,12.4,-2.0,10.4
2025020704,2026-01-10 00:00:00,20252026,FLA,OTT,3,2,5,1,0,S. Bobrovsky,L. Meriläinen,8475683,8482447,17,18,19,21,40,3.4,-2.4,1.0
2025020705,2026-01-10 00:00:00,20252026,TBL,PHI,7,2,9,5,0,A. Vasilevskiy,S. Ersson,8476883,8481035,18,16,20,23,43,3.6,-10.8,-7.2
2025020706,2026-01-10 00:00:00,20252026,SEA,CAR,2,3,5,1,0,J. Daccord,B. Bussi,8478916,8483548,33,10,36,12,48,0.6,2.0,2.6
2025020707,2026-01-10 00:00:00,20252026,CHI,NSH,3,0,3,3,0,D. Commesso,J. Saros,8482123,8477424,36,18,36,20,56,14.2,-0.4,13.8
2025020708,2026-01-10 00:00:00,20252026,NYI,MIN,4,3,7,1,1,I. Sorokin,F. Gustavsson,8478009,8479406,33,24,36,27,63,4.6,-2.2,2.4
2025020709,2026-01-10 00:00:00,20252026,LAK,EDM,4,3,7,1,1,A. Forsberg,C. Ingram,8476341,8478971,23,27,26,30,56,2.6,0.4,3.0
2025020710,2026-01-10 00:00:00,20252026,STL,VGK,2,4,6,2,0,J. Binnington,A. Schmid,8476412,8481033,21,17,24,19,43,-1.8,3.4,1.6
2025020711,2026-01-11 00:00:00,20252026,NJD,WPG,3,4,7,1,0,J. Allen,C. Hellebuyck,8474596,8476945,18,24,22,27,49,-4.4,2.8,-1.6
2025020712,2026-01-11 00:00:00,20252026,PIT,BOS,0,1,1,1,0,S. Skinner,J. Korpisalo,8479973,8476914,18,27,19,27,46,1.6,12.4,14.0
2025020713,2026-01-11 00:00:00,20252026,WSH,NSH,2,3,5,1,0,C. Lindgren,J. Annunen,8479292,8481020,18,30,21,32,53,-2.4,6.0,3.6
2025020714,2026-01-11 00:00:00,20252026,CBJ,UTA,3,2,5,1,1,J. Greaves,V. Vanecek,8482982,8477970,25,33,27,36,63,5.0,1.6,6.6
2025020715,2026-01-11 00:00:00,20252026,VGK,SJS,7,2,9,5,0,C. Lindbom,Y. Askarov,8482761,8482137,18,25,20,31,51,3.6,-7.0,-3.4
2025020716,2026-01-12 00:00:00,20252026,FLA,BUF,4,3,7,1,0,S. Bobrovsky,C. Ellis,8475683,8481551,20,28,23,31,54,2.0,-0.4,1.6
2025020717,2026-01-12 00:00:00,20252026,CAR,DET,3,4,7,1,1,F. Andersen,J. Gibson,8475883,8476434,14,31,18,34,52,-4.2,4.2,0.0
2025020718,2026-01-12 00:00:00,20252026,SEA,NYR,4,2,6,2,0,P. Grubauer,J. Quick,8475831,8471734,20,25,22,28,50,4.0,-1.0,3.0
2025020719,2026-01-12 00:00:00,20252026,TBL,PHI,5,1,6,4,0,J. Johansson,D. Vladar,8477992,8478435,20,21,21,25,46,6.0,-3.8,2.2
2025020720,2026-01-12 00:00:00,20252026,VAN,MTL,3,6,9,3,0,N. Tolopilo,J. Dobes,8484268,8482487,35,20,41,23,64,-5.0,2.0,-3.0
2025020721,2026-01-12 00:00:00,20252026,NJD,MIN,5,2,7,3,0,J. Markstrom,J. Wallstedt,8474593,8482661,21,24,23,29,52,4.2,-5.2,-1.0
2025020722,2026-01-12 00:00:00,20252026,EDM,CHI,4,1,5,3,0,C. Ingram,S. Knight,8478971,8481519,29,33,30,36,66,7.8,0.6,8.4
2025020723,2026-01-12 00:00:00,20252026,TOR,COL,4,3,7,1,1,J. Woll,T. Miner,8479361,8481529,31,28,34,31,65,4.2,-1.4,2.8
2025020724,2026-01-12 00:00:00,20252026,DAL,LAK,3,1,4,2,0,J. Oettinger,D. Kuemper,8479979,8475311,24,15,25,17,42,6.8,-1.0,5.8
2025020725,2026-01-13 00:00:00,20252026,VAN,OTT,1,2,3,1,0,K. Lankinen,L. Meriläinen,8480947,8482447,38,19,40,20,60,3.6,5.8,9.4
2025020726,2026-01-13 00:00:00,20252026,TBL,PIT,2,1,3,1,1,A. Vasilevskiy,A. Silovs,8476883,8481668,26,30,27,31,58,7.2,5.0,12.2
2025020727,2026-01-13 00:00:00,20252026,MTL,WSH,2,3,5,1,1,S. Montembeault,L. Thompson,8478470,8480313,39,23,42,25,67,2.8,4.6,7.4
2025020728,2026-01-13 00:00:00,20252026,CGY,CBJ,3,5,8,2,0,D. Wolf,J. Greaves,8481692,8482982,38,29,42,32,74,-0.4,3.8,3.4
2025020729,2026-01-13 00:00:00,20252026,DET,BOS,0,3,3,3,0,C. Talbot,J. Swayman,8475660,8480280,38,24,40,24,64,3.6,11.8,15.4
2025020730,2026-01-13 00:00:00,20252026,CAR,STL,0,3,3,3,0,B. Bussi,J. Hofer,8483548,8480981,28,33,31,33,64,-0.4,13.6,13.2
2025020731,2026-01-13 00:00:00,20252026,EDM,NSH,3,4,7,1,1,T. Jarry,J. Saros,8477465,8477424,23,28,27,31,58,-2.4,3.6,1.2
2025020732,2026-01-13 00:00:00,20252026,NYI,WPG,4,5,9,1,0,I. Sorokin,C. Hellebuyck,8478009,8476945,17,23,22,27,49,-6.6,0.6,-6.0
2025020733,2026-01-13 00:00:00,20252026,TOR,UTA,1,6,7,5,0,D. Hildeby,K. Vejmelka,8483710,8478872,35,19,41,20,61,-5.0,5.8,0.8
2025020734,2026-01-13 00:00:00,20252026,DAL,ANA,1,3,4,2,0,C. DeSmith,L. Dostal,8479193,8480843,22,24,24,25,49,0.4,6.8,7.2
2025020735,2026-01-14 00:00:00,20252026,SEA,NJD,2,3,5,1,1,P. Grubauer,J. Markstrom,8475831,8474593,23,15,26,17,43,-0.4,3.0,2.6
2025020736,2026-01-14 00:00:00,20252026,PHI,BUF,2,5,7,3,0,D. Vladar,U. Luukkonen,8478435,8480045,4,20,6,22,28,-3.2,4.0,0.8
2025020737,2026-01-14 00:00:00,20252026,OTT,NYR,8,4,12,4,0,L. Meriläinen,J. Quick,8482447,8471734,18,11,22,17,39,-0.4,-9.8,-10.2
2025020738,2026-01-14 00:00:00,20252026,VGK,LAK,3,2,5,1,1,A. Schmid,D. Kuemper,8481033,8475311,22,24,24,27,51,4.4,-0.2,4.2
2025020739,2026-01-15 00:00:00,20252026,SEA,BOS,2,4,6,2,0,J. Daccord,J. Swayman,8478916,8480280,20,26,23,28,51,-2.0,5.2,3.2
2025020740,2026-01-15 00:00:00,20252026,MTL,BUF,3,5,8,2,0,J. Fowler,C. Ellis,8484170,8481551,22,20,26,23,49,-3.6,2.0,-1.6
2025020741,2026-01-15 00:00:00,20252026,PHI,PIT,3,6,9,3,0,S. Ersson,S. Skinner,8481035,8479973,11,31,14,34,48,-3.8,4.2,0.4
2025020742,2026-01-15 00:00:00,20252026,SJS,WSH,3,2,5,1,0,A. Nedeljkovic,L. Thompson,8477968,8480313,21,23,23,26,49,4.2,-1.4,2.8
2025020743,2026-01-15 00:00:00,20252026,VAN,CBJ,1,4,5,3,0,K. Lankinen,E. Merzlikins,8480947,8478007,32,30,36,31,67,-1.6,8.0,6.4
2025020744,2026-01-15 00:00:00,20252026,WPG,MIN,6,2,8,4,0,C. Hellebuyck,J. Wallstedt,8476945,8482661,32,14,34,20,54,6.4,-9.2,-2.8
2025020745,2026-01-15 00:00:00,20252026,CGY,CHI,3,1,4,2,0,D. Cooley,S. Knight,8482445,8481519,22,20,23,22,45,6.4,0.0,6.4
2025020746,2026-01-15 00:00:00,20252026,DAL,UTA,1,2,3,1,0,J. Oettinger,K. Vejmelka,8479979,8478872,25,26,27,27,54,1.0,7.2,8.2
2025020747,2026-01-15 00:00:00,20252026,NYI,EDM,1,0,1,1,0,I. Sorokin,C. Ingram,8478009,8478971,35,17,35,18,53,14.0,1.4,15.4
2025020748,2026-01-15 00:00:00,20252026,TOR,VGK,5,6,11,1,1,J. Woll,A. Hill,8479361,8478499,27,23,33,28,61,-5.6,-1.4,-7.0
2025020749,2026-01-16 00:00:00,20252026,SJS,DET,2,4,6,2,0,Y. Askarov,J. Gibson,8482137,8476434,21,20,24,22,46,-1.8,4.0,2.2
2025020750,2026-01-16 00:00:00,20252026,FLA,CAR,1,9,10,8,0,S. Bobrovsky,B. Bussi,8475683,8483548,27,15,36,16,52,-12.6,5.0,-7.6
2025020751,2026-01-16 00:00:00,20252026,TBL,STL,2,3,5,1,1,A. Vasilevskiy,J. Hofer,8476883,8480981,19,34,21,36,57,0.8,6.8,7.6
2025020752,2026-01-16 00:00:00,20252026,NSH,COL,7,3,10,4,0,J. Saros,M. Blackwood,8477424,8478406,40,23,43,28,71,6.0,-5.4,0.6
2025020753,2026-01-16 00:00:00,20252026,ANA,LAK,3,2,5,1,1,L. Dostal,D. Kuemper,8480843,8475311,26,26,28,28,56,5.2,2.2,7.4
2025020754,2026-01-17 00:00:00,20252026,MIN,BUF,5,4,9,1,1,F. Gustavsson,U. Luukkonen,8479406,8480045,20,31,24,36,60,0.0,-2.8,-2.8
2025020755,2026-01-17 00:00:00,20252026,NYR,PHI,6,3,9,3,0,S. Martin,A. Kolosov,8477484,8482783,25,0,28,3,31,3.0,-6.0,-3.0
2025020756,2026-01-17 00:00:00,20252026,NYI,CGY,2,4,6,2,0,D. Rittich,D. Wolf,8479496,8481692,15,28,19,30,49,-5.0,5.6,0.6
2025020757,2026-01-17 00:00:00,20252026,SEA,UTA,3,6,9,3,0,P. Grubauer,K. Vejmelka,8475831,8478872,25,18,30,21,51,-5.0,1.6,-3.4
2025020758,2026-01-17 00:00:00,20252026,MTL,OTT,6,5,11,1,1,S. Montembeault,L. Meriläinen,8478470,8482447,29,13,34,19,53,-0.2,-8.4,-8.6
2025020759,2026-01-17 00:00:00,20252026,CAR,NJD,4,1,5,3,0,F. Andersen,J. Markstrom,8475883,8474593,29,31,30,35,65,7.8,-1.8,6.0
2025020760,2026-01-17 00:00:00,20252026,CBJ,PIT,4,3,7,1,1,E. Merzlikins,A. Silovs,8478007,8481668,30,23,33,26,59,4.0,-0.4,3.6
2025020761,2026-01-17 00:00:00,20252026,FLA,WSH,5,2,7,3,0,D. Tarasov,L. Thompson,8480193,8480313,22,26,24,29,53,4.4,-0.8,3.6
2025020762,2026-01-17 00:00:00,20252026,TOR,WPG,4,3,7,1,1,D. Hildeby,C. Hellebuyck,8483710,8476945,27,33,30,37,67,3.4,-0.4,3.0
2025020763,2026-01-17 00:00:00,20252026,BOS,CHI,5,2,7,3,0,J. Korpisalo,A. Soderblom,8476914,8482821,22,18,24,23,47,4.4,-6.4,-2.0
2025020764,2026-01-17 00:00:00,20252026,EDM,VAN,6,0,6,6,0,T. Jarry,N. Tolopilo,8477465,8484268,31,29,31,35,66,13.2,-6.2,7.0
2025020765,2026-01-17 00:00:00,20252026,NSH,VGK,2,7,9,5,0,J. Annunen,A. Schmid,8481020,8481033,29,27,36,29,65,-8.2,5.4,-2.8
2025020766,2026-01-17 00:00:00,20252026,LAK,ANA,1,2,3,1,1,A. Forsberg,V. Husso,8476341,8478024,31,17,33,18,51,3.2,5.4,8.6
2025020767,2026-01-18 00:00:00,20252026,TBL,DAL,4,1,5,3,0,A. Vasilevskiy,J. Oettinger,8476883,8479979,19,22,20,25,45,5.8,-1.6,4.2
2025020768,2026-01-18 00:00:00,20252026,OTT,DET,3,4,7,1,1,J. Reimer,J. Gibson,8473503,8476434,30,19,34,22,56,-1.0,1.8,0.8
2025020769,2026-01-18 00:00:00,20252026,STL,EDM,0,5,5,5,0,J. Binnington,C. Ingram,8476412,8478971,23,27,28,27,55,-5.4,12.4,7.0
2025020770,2026-01-19 00:00:00,20252026,BUF,CAR,1,2,3,1,0,U. Luukkonen,B. Bussi,8480045,8483548,27,17,29,18,47,1.4,5.4,6.8
2025020771,2026-01-19 00:00:00,20252026,WSH,COL,2,5,7,3,0,C. Lindgren,S. Wedgewood,8479292,8475809,39,22,44,24,68,-2.2,4.4,2.2
2025020772,2026-01-19 00:00:00,20252026,PIT,SEA,6,3,9,3,0,S. Skinner,J. Daccord,8479973,8478916,20,26,23,31,54,2.0,-4.8,-2.8
2025020773,2026-01-19 00:00:00,20252026,SJS,FLA,4,1,5,3,0,A. Nedeljkovic,S. Bobrovsky,8477968,8475683,35,24,36,27,63,9.0,-1.2,7.8
2025020774,2026-01-19 00:00:00,20252026,MIN,TOR,6,3,9,3,0,F. Gustavsson,J. Woll,8479406,8479361,27,24,30,29,59,3.4,-5.2,-1.8
2025020775,2026-01-19 00:00:00,20252026,PHI,VGK,2,1,3,1,0,S. Ersson,A. Hill,8481035,8478499,24,15,25,17,42,6.8,-1.0,5.8
2025020776,2026-01-19 00:00:00,20252026,WPG,CHI,0,2,2,2,0,C. Hellebuyck,S. Knight,8476945,8481519,22,32,23,32,55,2.4,13.4,15.8
2025020777,2026-01-19 00:00:00,20252026,NJD,CGY,2,1,3,1,1,J. Markstrom,D. Cooley,8474593,8482445,21,30,22,32,54,6.2,3.0,9.2
2025020778,2026-01-19 00:00:00,20252026,NYI,VAN,4,3,7,1,0,I. Sorokin,K. Lankinen,8478009,8480947,29,29,32,33,65,3.8,-2.2,1.6
2025020779,2026-01-19 00:00:00,20252026,NYR,ANA,3,5,8,2,0,S. Martin,L. Dostal,8477484,8480843,21,19,25,22,47,-3.8,1.8,-2.0
2025020780,2026-01-20 00:00:00,20252026,MIN,MTL,3,4,7,1,0,J. Wallstedt,J. Dobes,8482661,8482487,29,17,33,20,53,-2.2,1.4,-0.8
2025020781,2026-01-20 00:00:00,20252026,SJS,TBL,1,4,5,3,0,Y. Askarov,A. Vasilevskiy,8482137,8476883,16,22,19,23,42,-2.8,6.4,3.6
2025020782,2026-01-20 00:00:00,20252026,OTT,CBJ,4,1,5,3,0,J. Reimer,E. Merzlikins,8473503,8478007,21,5,22,7,29,6.2,-3.0,3.2
2025020783,2026-01-20 00:00:00,20252026,BOS,DAL,2,6,8,4,0,J. Swayman,J. Oettinger,8480280,8479979,28,16,34,18,52,-6.4,3.2,-3.2
2025020784,2026-01-20 00:00:00,20252026,BUF,NSH,5,3,8,2,0,A. Lyon,J. Saros,8479312,8477424,31,15,34,19,53,4.2,-5.0,-0.8
2025020785,2026-01-20 00:00:00,20252026,STL,WPG,1,3,4,2,0,J. Hofer,E. Comrie,8480981,8477480,13,22,15,23,38,-1.4,6.4,5.0
2025020786,2026-01-20 00:00:00,20252026,NJD,EDM,2,1,3,1,0,J. Allen,T. Jarry,8474596,8477465,22,15,23,17,40,6.4,-1.0,5.4
2025020787,2026-01-20 00:00:00,20252026,NYR,LAK,3,4,7,1,0,J. Quick,D. Kuemper,8471734,8475311,23,6,27,8,35,-3.4,-2.8,-6.2
2025020788,2026-01-21 00:00:00,20252026,DET,TOR,2,1,3,1,1,J. Gibson,J. Woll,8476434,8479361,30,39,31,41,72,8.0,4.8,12.8
2025020789,2026-01-21 00:00:00,20252026,ANA,COL,2,1,3,1,1,L. Dostal,S. Wedgewood,8480843,8475809,40,15,41,16,57,10.0,2.0,12.0
2025020790,2026-01-21 00:00:00,20252026,PHI,UTA,4,5,9,1,1,S. Ersson,K. Vejmelka,8481035,8478872,22,25,27,29,56,-4.6,1.0,-3.6
2025020791,2026-01-21 00:00:00,20252026,PIT,CGY,4,1,5,3,0,S. Skinner,D. Wolf,8479973,8481692,18,21,19,25,44,5.6,-3.8,1.8
2025020792,2026-01-21 00:00:00,20252026,WSH,VAN,3,4,7,1,0,L. Thompson,K. Lankinen,8480313,8480947,21,29,25,32,57,-3.8,3.8,0.0
2025020793,2026-01-21 00:00:00,20252026,NYI,SEA,1,4,5,3,0,I. Sorokin,P. Grubauer,8478009,8475831,21,24,24,25,49,-1.8,6.8,5.0
2025020794,2026-01-22 00:00:00,20252026,VGK,BOS,3,4,7,1,0,A. Schmid,J. Korpisalo,8481033,8476914,25,30,29,33,62,-3.0,4.0,1.0
2025020795,2026-01-22 00:00:00,20252026,BUF,MTL,4,2,6,2,0,U. Luukkonen,S. Montembeault,8480045,8478470,32,13,34,16,50,6.4,-3.4,3.0
2025020796,2026-01-22 00:00:00,20252026,CHI,CAR,4,3,7,1,1,S. Knight,F. Andersen,8481519,8475883,28,19,31,22,53,3.6,-1.2,2.4
2025020797,2026-01-22 00:00:00,20252026,DAL,CBJ,0,1,1,1,0,C. DeSmith,J. Greaves,8479193,8482982,21,28,22,28,50,2.2,12.6,14.8
2025020798,2026-01-22 00:00:00,20252026,OTT,NSH,3,5,8,2,0,J. Reimer,J. Saros,8473503,8477424,22,23,26,26,52,-3.6,2.6,-1.0
2025020799,2026-01-22 00:00:00,20252026,FLA,WPG,2,1,3,1,1,D. Tarasov,C. Hellebuyck,8480193,8476945,17,19,18,20,38,5.4,2.8,8.2
2025020800,2026-01-22 00:00:00,20252026,PIT,EDM,6,2,8,4,0,A. Silovs,T. Jarry,8481668,8477465,30,17,32,23,55,6.0,-8.6,-2.6
2025020801,2026-01-22 00:00:00,20252026,DET,MIN,3,4,7,1,1,C. Talbot,F. Gustavsson,8475660,8479406,35,31,39,34,73,0.0,4.2,4.2
2025020802,2026-01-23 00:00:00,20252026,VGK,TOR,6,3,9,3,0,A. Hill,A. Stolarz,8478499,8476932,18,25,21,30,51,1.6,-5.0,-3.4
2025020803,2026-01-23 00:00:00,20252026,TBL,CHI,2,1,3,1,1,A. Vasilevskiy,A. Soderblom,8476883,8482821,18,30,19,31,50,5.6,5.0,10.6
2025020804,2026-01-23 00:00:00,20252026,STL,DAL,2,3,5,1,0,J. Binnington,J. Oettinger,8476412,8479979,16,20,19,22,41,-2.8,4.0,1.2
2025020805,2026-01-23 00:00:00,20252026,PHI,COL,7,3,10,4,0,S. Ersson,M. Blackwood,8481035,8478406,32,13,35,19,54,4.4,-9.4,-5.0
2025020806,2026-01-23 00:00:00,20252026,WSH,CGY,3,1,4,2,0,L. Thompson,D. Cooley,8480313,8482445,25,35,26,37,63,7.0,3.0,10.0
2025020807,2026-01-23 00:00:00,20252026,NJD,VAN,5,4,9,1,0,J. Markstrom,K. Lankinen,8474593,8480947,21,19,25,24,49,0.2,-6.2,-6.0
2025020808,2026-01-23 00:00:00,20252026,NYR,SJS,1,3,4,2,0,S. Martin,A. Nedeljkovic,8477484,8477968,29,28,32,29,61,-0.2,7.6,7.4
2025020809,2026-01-23 00:00:00,20252026,ANA,SEA,4,2,6,2,0,L. Dostal,P. Grubauer,8480843,8475831,20,27,22,30,52,4.0,-0.6,3.4
2025020810,2026-01-24 00:00:00,20252026,BUF,NYI,5,0,5,5,0,A. Lyon,D. Rittich,8479312,8479496,26,16,26,20,46,12.2,-4.8,7.4
2025020811,2026-01-24 00:00:00,20252026,UTA,NSH,5,2,7,3,0,K. Vejmelka,J. Saros,8478872,8477424,27,26,29,30,59,5.4,-2.8,2.6
2025020812,2026-01-24 00:00:00,20252026,MTL,BOS,3,4,7,1,0,S. Montembeault,J. Swayman,8478470,8480280,16,22,20,25,45,-4.8,2.4,-2.4
2025020813,2026-01-24 00:00:00,20252026,CAR,OTT,4,1,5,3,0,B. Bussi,J. Reimer,8483548,8473503,36,15,37,19,56,9.2,-5.0,4.2
2025020814,2026-01-24 00:00:00,20252026,TBL,CBJ,5,8,13,3,0,J. Johansson,J. Greaves,8477992,8482982,23,25,29,30,59,-7.4,-1.0,-8.4
2025020815,2026-01-24 00:00:00,20252026,DET,WPG,5,1,6,4,0,J. Gibson,C. Hellebuyck,8476434,8476945,26,26,27,30,57,7.2,-2.8,4.4
2025020816,2026-01-24 00:00:00,20252026,LAK,STL,5,4,9,1,1,D. Kuemper,J. Hofer,8475311,8480981,25,24,29,28,57,1.0,-2.2,-1.2
2025020817,2026-01-24 00:00:00,20252026,FLA,MIN,4,3,7,1,1,S. Bobrovsky,F. Gustavsson,8475683,8479406,18,30,21,34,55,1.6,-1.0,0.6
2025020818,2026-01-24 00:00:00,20252026,WSH,EDM,5,6,11,1,1,C. Lindgren,C. Ingram,8479292,8478971,34,9,40,12,52,-4.2,-4.2,-8.4
2025020819,2026-01-25 00:00:00,20252026,COL,TOR,4,1,5,3,0,M. Blackwood,J. Woll,8478406,8479361,32,33,33,36,69,8.4,0.6,9.0
2025020820,2026-01-25 00:00:00,20252026,NJD,SEA,2,4,6,2,0,J. Markstrom,J. Daccord,8474593,8478916,15,27,18,29,47,-3.0,5.4,2.4
2025020821,2026-01-25 00:00:00,20252026,VGK,OTT,1,7,8,6,0,A. Hill,M. Sogaard,8478499,8481544,25,19,32,20,52,-9.0,5.8,-3.2
2025020822,2026-01-25 00:00:00,20252026,PIT,VAN,3,2,5,1,0,S. Skinner,K. Lankinen,8479973,8480947,30,22,32,25,57,6.0,-1.6,4.4
2025020823,2026-01-25 00:00:00,20252026,FLA,CHI,5,1,6,4,0,D. Tarasov,S. Knight,8480193,8481519,21,20,22,24,46,6.2,-4.0,2.2
2025020824,2026-01-25 00:00:00,20252026,ANA,CGY,4,3,7,1,1,L. Dostal,D. Wolf,8480843,8481692,32,17,35,21,56,4.4,-3.6,0.8
2025020825,2026-01-26 00:00:00,20252026,UTA,TBL,0,2,2,2,0,K. Vejmelka,A. Vasilevskiy,8478872,8476883,27,28,29,28,57,1.4,12.6,14.0
2025020826,2026-01-26 00:00:00,20252026,BOS,NYR,3,4,7,1,1,J. Korpisalo,J. Quick,8476914,8471734,24,21,28,24,52,-2.2,2.2,0.0
2025020827,2026-01-26 00:00:00,20252026,NYI,PHI,4,0,4,4,0,I. Sorokin,S. Ersson,8478009,8481035,21,19,21,23,44,11.2,-4.2,7.0
2025020829,2026-01-26 00:00:00,20252026,ANA,EDM,4,7,11,3,0,V. Husso,T. Jarry,8478024,8477465,25,37,30,41,71,-5.0,3.4,-1.6
2025020830,2026-01-27 00:00:00,20252026,NSH,BOS,2,3,5,1,1,J. Saros,J. Swayman,8477424,8480280,25,28,28,30,58,0.0,5.6,5.6
2025020831,2026-01-27 00:00:00,20252026,BUF,TOR,7,4,11,3,0,U. Luukkonen,J. Woll,8480045,8479361,3,24,5,30,35,-3.4,-7.2,-10.6
2025020832,2026-01-27 00:00:00,20252026,VGK,MTL,2,3,5,1,1,A. Schmid,J. Dobes,8481033,8482487,23,32,26,34,60,-0.4,6.4,6.0
2025020833,2026-01-27 00:00:00,20252026,LAK,DET,3,1,4,2,0,A. Forsberg,J. Gibson,8476341,8476434,27,19,28,21,49,7.4,-0.2,7.2
2025020834,2026-01-27 00:00:00,20252026,UTA,FLA,4,3,7,1,0,V. Vanecek,S. Bobrovsky,8477970,8475683,27,16,30,19,49,3.4,-2.8,0.6
2025020835,2026-01-27 00:00:00,20252026,WPG,NJD,4,3,7,1,0,C. Hellebuyck,J. Allen,8476945,8474596,26,22,29,26,55,3.2,-3.6,-0.4
2025020836,2026-01-27 00:00:00,20252026,DAL,STL,4,3,7,1,0,J. Oettinger,J. Binnington,8479979,8476412,23,20,26,24,50,2.6,-4.0,-1.4
2025020837,2026-01-27 00:00:00,20252026,CHI,MIN,3,4,7,1,1,S. Knight,J. Wallstedt,8481519,8482661,20,29,23,32,55,-1.0,3.8,2.8
2025020838,2026-01-27 00:00:00,20252026,SJS,VAN,5,2,7,3,0,Y. Askarov,K. Lankinen,8482137,8480947,23,3,25,6,31,4.6,-5.4,-0.8
2025020839,2026-01-27 00:00:00,20252026,WSH,SEA,1,5,6,4,0,L. Thompson,P. Grubauer,8480313,8475831,27,19,32,20,52,-4.6,5.8,1.2
2025020840,2026-01-28 00:00:00,20252026,PHI,CBJ,3,5,8,2,0,D. Vladar,E. Merzlikins,8478435,8478007,26,24,30,27,57,-2.8,2.8,0.0
2025020841,2026-01-28 00:00:00,20252026,COL,OTT,2,5,7,3,0,M. Blackwood,J. Reimer,8478406,8473503,18,16,21,18,39,-2.4,3.2,0.8
2025020842,2026-01-28 00:00:00,20252026,NYR,NYI,2,5,7,3,0,S. Martin,D. Rittich,8477484,8479496,31,14,36,16,52,-3.8,2.8,-1.0
2025020843,2026-01-29 00:00:00,20252026,PHI,BOS,3,6,9,3,0,S. Ersson,J. Swayman,8481035,8480280,15,33,20,36,56,-7.0,4.6,-2.4
2025020844,2026-01-29 00:00:00,20252026,LAK,BUF,1,4,5,3,0,D. Kuemper,A. Lyon,8475311,8479312,28,37,31,38,69,-0.4,9.4,9.0
2025020845,2026-01-29 00:00:00,20252026,COL,MTL,3,7,10,4,0,S. Wedgewood,J. Dobes,8475809,8482487,21,26,28,29,57,-9.8,3.2,-6.6
2025020846,2026-01-29 00:00:00,20252026,WSH,DET,4,3,7,1,1,C. Lindgren,J. Gibson,8479292,8476434,18,20,21,23,44,1.6,-1.0,0.6
2025020847,2026-01-29 00:00:00,20252026,WPG,TBL,1,4,5,3,0,C. Hellebuyck,A. Vasilevskiy,8476945,8476883,33,23,36,24,60,0.6,6.6,7.2
2025020848,2026-01-29 00:00:00,20252026,NSH,NJD,2,3,5,1,1,J. Annunen,J. Markstrom,8481020,8474593,32,27,35,29,64,1.4,5.4,6.8
2025020849,2026-01-29 00:00:00,20252026,NYI,NYR,2,1,3,1,0,I. Sorokin,J. Quick,8478009,8471734,20,19,21,21,42,6.0,-0.2,5.8
2025020850,2026-01-29 00:00:00,20252026,CHI,PIT,2,6,8,4,0,A. Soderblom,A. Silovs,8482821,8481668,39,18,45,20,65,-4.2,3.6,-0.6
2025020851,2026-01-29 00:00:00,20252026,UTA,CAR,4,5,9,1,0,K. Vejmelka,B. Bussi,8478872,8483548,28,21,33,25,58,-4.4,0.2,-4.2
2025020852,2026-01-29 00:00:00,20252026,FLA,STL,4,5,9,1,0,D. Tarasov,J. Hofer,8480193,8480981,26,16,31,20,51,-4.8,-0.8,-5.6
2025020853,2026-01-29 00:00:00,20252026,CGY,MIN,1,4,5,3,0,D. Cooley,F. Gustavsson,8482445,8479406,20,29,23,30,53,-2.0,7.8,5.8
2025020854,2026-01-29 00:00:00,20252026,SJS,EDM,3,4,7,1,1,Y. Askarov,C. Ingram,8482137,8478971,28,18,32,21,53,-1.4,1.6,0.2
2025020855,2026-01-29 00:00:00,20252026,ANA,VAN,0,2,2,2,0,L. Dostal,N. Tolopilo,8480843,8484268,24,32,25,32,57,2.8,13.4,16.2
2025020856,2026-01-29 00:00:00,20252026,DAL,VGK,5,4,9,1,1,J. Oettinger,A. Hill,8479979,8478499,17,23,21,27,48,-0.6,-2.4,-3.0
2025020857,2026-01-29 00:00:00,20252026,TOR,SEA,2,5,7,3,0,A. Stolarz,J. Daccord,8476932,8478916,17,29,21,31,52,-4.6,5.8,1.2
2025020858,2026-01-30 00:00:00,20252026,CBJ,CHI,4,2,6,2,0,E. Merzlikins,S. Knight,8478007,8481519,22,22,24,25,49,4.4,-1.6,2.8
2025020859,2026-01-31 00:00:00,20252026,LAK,PHI,3,2,5,1,1,D. Kuemper,D. Vladar,8475311,8478435,19,18,21,21,42,3.8,-1.4,2.4
2025020860,2026-01-31 00:00:00,20252026,COL,DET,5,0,5,5,0,M. Blackwood,J. Gibson,8478406,8476434,28,13,28,17,45,12.6,-5.4,7.2
2025020861,2026-01-31 00:00:00,20252026,NYR,PIT,5,6,11,1,0,J. Quick,S. Skinner,8471734,8479973,28,15,33,20,53,-4.4,-3.0,-7.4
2025020862,2026-01-31 00:00:00,20252026,WPG,FLA,2,1,3,1,0,E. Comrie,S. Bobrovsky,8477480,8475683,27,19,28,21,49,7.4,-0.2,7.2
2025020863,2026-01-31 00:00:00,20252026,SJS,CGY,2,3,5,1,0,A. Nedeljkovic,D. Wolf,8477968,8481692,39,23,42,25,67,1.8,4.6,6.4
2025020864,2026-01-31 00:00:00,20252026,CAR,WSH,3,4,7,1,1,F. Andersen,C. Stevenson,8475883,8483532,38,19,42,22,64,0.6,1.8,2.4
2025020865,2026-01-31 00:00:00,20252026,MTL,BUF,4,2,6,2,0,J. Dobes,A. Lyon,8482487,8479312,36,27,38,30,68,7.2,-0.6,6.6
2025020866,2026-01-31 00:00:00,20252026,NJD,OTT,1,4,5,3,0,J. Allen,L. Ullmark,8474596,8476999,30,26,33,27,60,0.0,7.2,7.2
2025020867,2026-01-31 00:00:00,20252026,NSH,NYI,4,3,7,1,0,J. Saros,I. Sorokin,8477424,8478009,27,38,30,42,72,3.4,-0.4,3.0
2025020868,2026-01-31 00:00:00,20252026,CBJ,STL,5,3,8,2,0,J. Greaves,J. Binnington,8482982,8476412,30,18,33,22,55,4.0,-4.4,-0.4
2025020869,2026-01-31 00:00:00,20252026,TOR,VAN,3,2,5,1,1,J. Woll,N. Tolopilo,8479361,8484268,28,39,30,41,71,5.6,4.8,10.4
2025020870,2026-01-31 00:00:00,20252026,DAL,UTA,3,2,5,1,0,C. DeSmith,K. Vejmelka,8479193,8478872,12,29,14,32,46,2.4,-0.2,2.2
2025020871,2026-01-31 00:00:00,20252026,MIN,EDM,7,3,10,4,0,J. Wallstedt,T. Jarry,8482661,8477465,39,15,42,20,62,5.8,-7.0,-1.2
2025020872,2026-01-31 00:00:00,20252026,SEA,VGK,3,2,5,1,0,J. Daccord,A. Schmid,8478916,8481033,27,19,29,22,51,5.4,-2.2,3.2
2025020873,2026-02-01 00:00:00,20252026,BOS,TBL,5,6,11,1,1,J. Swayman,A. Vasilevskiy,8480280,8476883,41,29,46,34,80,-0.8,-0.2,-1.0
2025020874,2026-02-01 00:00:00,20252026,LAK,CAR,2,3,5,1,1,A. Forsberg,B. Bussi,8476341,8483548,31,11,34,13,47,1.2,2.2,3.4
2025020875,2026-02-01 00:00:00,20252026,VGK,ANA,3,4,7,1,0,A. Hill,L. Dostal,8478499,8480843,19,28,22,31,53,-2.2,3.6,1.4
2025020876,2026-02-02 00:00:00,20252026,BUF,FLA,5,3,8,2,0,A. Lyon,S. Bobrovsky,8479312,8475683,39,15,42,20,62,5.8,-7.0,-1.2
2025020877,2026-02-02 00:00:00,20252026,OTT,PIT,3,2,5,1,0,L. Ullmark,A. Silovs,8476999,8481668,14,28,16,31,47,2.8,-0.4,2.4
2025020878,2026-02-02 00:00:00,20252026,NYI,WSH,1,4,5,3,0,D. Rittich,C. Stevenson,8479496,8483532,21,29,24,30,54,-1.8,7.8,6.0
2025020879,2026-02-02 00:00:00,20252026,MTL,MIN,3,4,7,1,1,J. Dobes,F. Gustavsson,8482487,8479406,20,17,24,20,44,-3.0,1.4,-1.6
2025020880,2026-02-02 00:00:00,20252026,STL,NSH,5,6,11,1,0,J. Hofer,J. Saros,8480981,8477424,22,16,28,21,49,-7.6,-6.8,-14.4
2025020881,2026-02-02 00:00:00,20252026,SJS,CHI,3,6,9,3,0,Y. Askarov,S. Knight,8482137,8481519,6,24,10,27,37,-6.8,2.8,-4.0
2025020882,2026-02-02 00:00:00,20252026,WPG,DAL,3,4,7,1,1,C. Hellebuyck,J. Oettinger,8476945,8479979,24,24,28,27,55,-2.2,2.8,0.6
2025020883,2026-02-02 00:00:00,20252026,DET,COL,2,0,2,2,0,J. Gibson,M. Blackwood,8476434,8478406,21,23,21,24,45,11.2,2.6,13.8
2025020884,2026-02-02 00:00:00,20252026,VAN,UTA,2,6,8,4,0,K. Lankinen,K. Vejmelka,8480947,8478872,13,22,19,24,43,-9.4,4.4,-5.0
2025020885,2026-02-02 00:00:00,20252026,TOR,CGY,4,2,6,2,0,J. Woll,D. Wolf,8479361,8481692,28,18,30,21,51,5.6,-2.4,3.2
2025020886,2026-02-03 00:00:00,20252026,BUF,TBL,3,4,7,1,1,C. Ellis,A. Vasilevskiy,8481551,8476883,31,23,35,26,61,-0.8,2.6,1.8
2025020887,2026-02-03 00:00:00,20252026,CBJ,NJD,3,0,3,3,0,E. Merzlikins,J. Markstrom,8478007,8474593,24,23,24,25,49,11.8,0.6,12.4
2025020888,2026-02-03 00:00:00,20252026,PIT,NYI,4,5,9,1,1,S. Skinner,I. Sorokin,8479973,8478009,18,31,23,35,58,-5.4,2.2,-3.2
2025020889,2026-02-03 00:00:00,20252026,WSH,PHI,2,4,6,2,0,C. Stevenson,D. Vladar,8483532,8478435,18,26,21,28,49,-2.4,5.2,2.8
2025020890,2026-02-03 00:00:00,20252026,OTT,CAR,3,4,7,1,0,J. Reimer,B. Bussi,8473503,8483548,15,24,19,27,46,-5.0,2.8,-2.2
2025020891,2026-02-03 00:00:00,20252026,TOR,EDM,5,2,7,3,0,A. Stolarz,C. Ingram,8476932,8478971,34,22,36,26,62,6.8,-3.6,3.2
2025020892,2026-02-03 00:00:00,20252026,SEA,ANA,2,4,6,2,0,P. Grubauer,L. Dostal,8475831,8480843,27,26,31,28,59,-2.6,5.2,2.6
2025020893,2026-02-04 00:00:00,20252026,BOS,FLA,4,5,9,1,1,J. Korpisalo,S. Bobrovsky,8476914,8475683,22,25,26,29,55,-2.6,1.0,-1.6
2025020894,2026-02-04 00:00:00,20252026,CHI,CBJ,0,4,4,4,0,S. Knight,J. Greaves,8481519,8482982,16,21,19,21,40,-2.8,11.2,8.4
2025020895,2026-02-04 00:00:00,20252026,MTL,WPG,5,1,6,4,0,S. Montembeault,C. Hellebuyck,8478470,8476945,36,22,37,26,63,9.2,-3.6,5.6
2025020896,2026-02-04 00:00:00,20252026,MIN,NSH,6,5,11,1,1,F. Gustavsson,J. Saros,8479406,8477424,30,37,35,43,78,0.0,-3.6,-3.6
2025020897,2026-02-04 00:00:00,20252026,SJS,COL,2,4,6,2,0,Y. Askarov,M. Blackwood,8482137,8478406,38,23,41,25,66,1.6,4.6,6.2
2025020898,2026-02-04 00:00:00,20252026,DET,UTA,1,4,5,3,0,J. Gibson,K. Vejmelka,8476434,8478872,21,29,24,30,54,-1.8,7.8,6.0
2025020899,2026-02-04 00:00:00,20252026,STL,DAL,4,5,9,1,0,J. Binnington,J. Oettinger,8476412,8479979,23,14,28,18,46,-5.4,-1.2,-6.6
2025020900,2026-02-04 00:00:00,20252026,EDM,CGY,3,4,7,1,0,T. Jarry,D. Cooley,8477465,8482445,21,36,25,39,64,-3.8,5.2,1.4
2025020901,2026-02-04 00:00:00,20252026,VAN,VGK,2,5,7,3,0,K. Lankinen,A. Schmid,8480947,8481033,26,21,31,23,54,-4.8,4.2,-0.6
2025020902,2026-02-04 00:00:00,20252026,SEA,LAK,4,2,6,2,0,J. Daccord,D. Kuemper,8478916,8475311,25,19,27,23,50,5.0,-4.2,0.8
2025020903,2026-02-05 00:00:00,20252026,PIT,BUF,5,2,7,3,0,A. Silovs,A. Lyon,8481668,8479312,25,27,27,31,58,5.0,-2.6,2.4
2025020904,2026-02-05 00:00:00,20252026,FLA,TBL,1,6,7,5,0,D. Tarasov,A. Vasilevskiy,8480193,8476883,20,33,25,34,59,-6.0,8.6,2.6
2025020905,2026-02-05 00:00:00,20252026,NYI,NJD,3,1,4,2,0,I. Sorokin,J. Allen,8478009,8474596,23,11,24,13,37,6.6,-1.8,4.8
2025020906,2026-02-05 00:00:00,20252026,CAR,NYR,2,0,2,2,0,B. Bussi,J. Quick,8483548,8471734,16,41,16,42,58,10.2,6.2,16.4
2025020907,2026-02-05 00:00:00,20252026,OTT,PHI,2,1,3,1,1,J. Reimer,D. Vladar,8473503,8478435,15,25,16,27,43,5.0,2.0,7.0
2025020908,2026-02-05 00:00:00,20252026,NSH,WSH,2,4,6,2,0,J. Annunen,L. Thompson,8481020,8480313,26,27,30,29,59,-2.8,5.4,2.6
2025020909,2026-02-05 00:00:00,20252026,LAK,VGK,1,4,5,3,0,A. Forsberg,A. Hill,8476341,8478499,18,32,22,33,55,-4.4,8.4,4.0
2025020910,2026-02-25 00:00:00,20252026,BUF,NJD,2,1,3,1,0,U. Luukkonen,J. Allen,8480045,8474596,27,28,28,30,58,7.4,1.6,9.0
2025020911,2026-02-25 00:00:00,20252026,PHI,WSH,1,3,4,2,0,D. Vladar,L. Thompson,8478435,8480313,26,23,28,24,52,1.2,6.6,7.8
2025020912,2026-02-25 00:00:00,20252026,TOR,TBL,2,4,6,2,0,A. Stolarz,A. Vasilevskiy,8476932,8476883,32,32,36,34,70,-1.6,6.4,4.8
2025020913,2026-02-25 00:00:00,20252026,SEA,DAL,1,4,5,3,0,J. Daccord,C. DeSmith,8478916,8479193,28,18,32,19,51,-2.4,5.6,3.2
2025020914,2026-02-25 00:00:00,20252026,COL,UTA,4,2,6,2,0,S. Wedgewood,K. Vejmelka,8475809,8478872,28,22,30,26,56,5.6,-3.6,2.0
2025020915,2026-02-25 00:00:00,20252026,WPG,VAN,3,2,5,1,1,E. Comrie,N. Tolopilo,8477480,8484268,21,25,23,28,51,4.2,0.0,4.2
2025020916,2026-02-25 00:00:00,20252026,VGK,LAK,6,4,10,2,0,A. Hill,A. Forsberg,8478499,8476341,15,19,19,24,43,-1.0,-6.2,-7.2
2025020917,2026-02-25 00:00:00,20252026,EDM,ANA,5,6,11,1,0,T. Jarry,L. Dostal,8477465,8480843,20,22,25,27,52,-6.0,-1.6,-7.6
2025020918,2026-02-26 00:00:00,20252026,CBJ,BOS,2,4,6,2,0,E. Merzlikins,J. Korpisalo,8478007,8476914,19,36,22,38,60,-2.2,7.2,5.0
2025020919,2026-02-26 00:00:00,20252026,NYI,MTL,4,3,7,1,1,I. Sorokin,S. Montembeault,8478009,8478470,22,22,25,26,51,2.4,-2.6,-0.2
2025020920,2026-02-26 00:00:00,20252026,DET,OTT,2,1,3,1,1,J. Gibson,L. Ullmark,8476434,8476999,26,18,27,20,47,7.2,0.6,7.8
2025020921,2026-02-26 00:00:00,20252026,TOR,FLA,1,5,6,4,0,J. Woll,S. Bobrovsky,8479361,8475683,32,29,35,30,65,0.4,7.8,8.2
2025020922,2026-02-26 00:00:00,20252026,NJD,PIT,1,4,5,3,0,J. Markstrom,A. Silovs,8474593,8481668,33,29,36,30,66,0.6,7.8,8.4
2025020923,2026-02-26 00:00:00,20252026,TBL,CAR,4,5,9,1,0,J. Johansson,B. Bussi,8477992,8483548,28,24,33,28,61,-4.4,0.8,-3.6
2025020924,2026-02-26 00:00:00,20252026,PHI,NYR,3,2,5,1,1,S. Ersson,I. Shesterkin,8481035,8478048,22,21,24,24,48,4.4,-0.8,3.6
2025020925,2026-02-26 00:00:00,20252026,SEA,STL,1,5,6,4,0,P. Grubauer,J. Hofer,8475831,8480981,27,23,31,24,55,-2.6,6.6,4.0
2025020926,2026-02-26 00:00:00,20252026,CHI,NSH,2,4,6,2,0,S. Knight,J. Annunen,8481519,8481020,22,21,25,23,48,-1.6,4.2,2.6
2025020927,2026-02-26 00:00:00,20252026,MIN,COL,5,2,7,3,0,F. Gustavsson,M. Blackwood,8479406,8478406,44,31,45,34,79,10.8,0.2,11.0
2025020928,2026-02-26 00:00:00,20252026,CGY,SJS,4,1,5,3,0,D. Wolf,Y. Askarov,8481692,8482137,34,25,35,28,63,8.8,-1.0,7.8
2025020929,2026-02-26 00:00:00,20252026,EDM,LAK,8,1,9,7,0,C. Ingram,D. Kuemper,8478971,8475311,21,11,22,15,37,6.2,-5.8,0.4
2025020930,2026-02-27 00:00:00,20252026,BUF,FLA,3,2,5,1,0,A. Lyon,D. Tarasov,8479312,8480193,28,36,29,38,67,5.6,3.2,8.8
2025020931,2026-02-27 00:00:00,20252026,VGK,WSH,2,3,5,1,0,A. Schmid,L. Thompson,8481033,8480313,27,24,30,26,56,-0.6,4.8,4.2
2025020932,2026-02-27 00:00:00,20252026,MIN,UTA,2,5,7,3,0,J. Wallstedt,K. Vejmelka,8482661,8478872,32,21,37,23,60,-3.6,4.2,0.6
2025020933,2026-02-27 00:00:00,20252026,WPG,ANA,4,5,9,1,1,C. Hellebuyck,L. Dostal,8476945,8480843,35,29,40,33,73,-2.0,1.8,-0.2
2025020934,2026-02-28 00:00:00,20252026,PIT,NYR,2,3,5,1,1,S. Skinner,I. Shesterkin,8479973,8478048,23,32,25,34,59,1.6,6.4,8.0
2025020935,2026-02-28 00:00:00,20252026,BOS,PHI,1,3,4,2,0,J. Swayman,D. Vladar,8480280,8478435,14,26,16,27,43,-1.2,7.2,6.0
2025020936,2026-02-28 00:00:00,20252026,EDM,SJS,4,5,9,1,0,C. Ingram,Y. Askarov,8478971,8482137,28,20,33,24,57,-4.4,0.0,-4.4
2025020937,2026-02-28 00:00:00,20252026,NYI,CBJ,4,3,7,1,1,I. Sorokin,J. Greaves,8478009,8482982,27,23,30,27,57,3.4,-2.4,1.0
2025020938,2026-02-28 00:00:00,20252026,CHI,COL,1,3,4,2,0,S. Knight,M. Blackwood,8481519,8478406,32,14,34,15,49,2.4,4.8,7.2
2025020939,2026-02-28 00:00:00,20252026,OTT,TOR,5,2,7,3,0,L. Ullmark,J. Woll,8476999,8479361,21,23,23,28,51,4.2,-5.4,-1.2
2025020940,2026-02-28 00:00:00,20252026,WSH,MTL,2,6,8,4,0,C. Lindgren,J. Dobes,8479292,8482487,19,27,23,29,52,-4.2,5.4,1.2
2025020941,2026-02-28 00:00:00,20252026,BUF,TBL,6,2,8,4,0,U. Luukkonen,A. Vasilevskiy,8480045,8476883,36,9,38,14,52,7.2,-8.2,-1.0
2025020942,2026-02-28 00:00:00,20252026,DET,CAR,2,5,7,3,0,C. Talbot,F. Andersen,8475660,8475883,31,27,36,29,65,-3.8,5.4,1.6
2025020943,2026-02-28 00:00:00,20252026,NJD,STL,3,1,4,2,0,J. Markstrom,J. Binnington,8474593,8476412,25,30,26,32,58,7.0,2.0,9.0
2025020944,2026-02-28 00:00:00,20252026,CGY,LAK,0,2,2,2,0,D. Wolf,A. Forsberg,8481692,8476341,35,29,36,29,65,5.0,12.8,17.8
2025020945,2026-02-28 00:00:00,20252026,NSH,DAL,2,3,5,1,1,J. Saros,J. Oettinger,8477424,8479979,22,25,25,27,52,-0.6,5.0,4.4
2025020946,2026-02-28 00:00:00,20252026,VAN,SEA,1,5,6,4,0,K. Lankinen,J. Daccord,8480947,8478916,20,27,24,28,52,-4.0,7.4,3.4
2025020947,2026-03-01 00:00:00,20252026,VGK,PIT,0,5,5,5,0,A. Hill,A. Silovs,8478499,8481668,17,22,22,22,44,-6.6,11.4,4.8
2025020948,2026-03-01 00:00:00,20252026,FLA,NYI,4,5,9,1,0,S. Bobrovsky,D. Rittich,8475683,8479496,21,29,26,33,59,-5.8,1.8,-4.0
2025020949,2026-03-01 00:00:00,20252026,CHI,UTA,4,0,4,4,0,A. Soderblom,K. Vejmelka,8482821,8478872,22,24,22,28,50,11.4,-3.2,8.2
2025020950,2026-03-01 00:00:00,20252026,WPG,SJS,1,2,3,1,1,C. Hellebuyck,A. Nedeljkovic,8476945,8477968,31,27,33,28,61,3.2,7.4,10.6
2025020951,2026-03-01 00:00:00,20252026,STL,MIN,3,1,4,2,0,J. Hofer,F. Gustavsson,8480981,8479406,22,21,23,23,46,6.4,0.2,6.6
2025020952,2026-03-01 00:00:00,20252026,CGY,ANA,2,3,5,1,1,D. Cooley,L. Dostal,8482445,8480843,34,32,36,34,70,3.8,6.4,10.2
2025020953,2026-03-02 00:00:00,20252026,CBJ,NYR,5,4,9,1,1,E. Merzlikins,I. Shesterkin,8478007,8478048,29,24,33,29,62,1.8,-4.2,-2.4
2025020954,2026-03-02 00:00:00,20252026,PHI,TOR,3,2,5,1,1,D. Vladar,A. Stolarz,8478435,8476932,29,23,31,25,56,5.8,1.6,7.4
2025020955,2026-03-02 00:00:00,20252026,DET,NSH,4,2,6,2,0,J. Gibson,J. Saros,8476434,8477424,10,27,11,30,41,0.0,-0.6,-0.6
2025020956,2026-03-02 00:00:00,20252026,DAL,VAN,6,1,7,5,0,J. Oettinger,N. Tolopilo,8479979,8484268,13,31,14,37,51,4.6,-5.8,-1.2
2025020957,2026-03-02 00:00:00,20252026,CAR,SEA,1,2,3,1,0,F. Andersen,J. Daccord,8475883,8478916,13,35,15,36,51,-1.4,9.0,7.6
2025020958,2026-03-02 00:00:00,20252026,COL,LAK,4,2,6,2,0,M. Blackwood,A. Forsberg,8478406,8476341,19,35,21,38,59,3.8,1.0,4.8
2025020959,2026-03-03 00:00:00,20252026,PIT,BOS,1,2,3,1,0,S. Skinner,J. Swayman,8479973,8480280,26,34,28,35,63,1.2,8.8,10.0
2025020960,2026-03-03 00:00:00,20252026,VGK,BUF,2,3,5,1,0,A. Schmid,A. Lyon,8481033,8479312,25,27,28,29,57,-1.0,5.4,4.4
2025020961,2026-03-03 00:00:00,20252026,FLA,NJD,1,5,6,4,0,S. Bobrovsky,J. Markstrom,8475683,8474593,28,20,31,21,52,-0.4,6.0,5.6
2025020962,2026-03-03 00:00:00,20252026,UTA,WSH,3,2,5,1,0,K. Vejmelka,L. Thompson,8478872,8480313,23,20,25,23,48,4.6,-2.0,2.6
2025020963,2026-03-03 00:00:00,20252026,NSH,CBJ,2,3,5,1,0,J. Annunen,J. Greaves,8481020,8482982,24,21,27,23,50,-1.2,4.2,3.0
2025020964,2026-03-03 00:00:00,20252026,CHI,WPG,2,3,5,1,1,S. Knight,C. Hellebuyck,8481519,8476945,29,17,32,19,51,0.8,3.4,4.2
2025020965,2026-03-03 00:00:00,20252026,DAL,CGY,6,1,7,5,0,C. DeSmith,D. Wolf,8479193,8481692,20,13,21,17,38,6.0,-5.4,0.6
2025020966,2026-03-03 00:00:00,20252026,OTT,EDM,4,5,9,1,1,L. Ullmark,C. Ingram,8476999,8478971,32,17,37,21,58,-2.6,-0.6,-3.2
2025020967,2026-03-03 00:00:00,20252026,TBL,MIN,1,5,6,4,0,A. Vasilevskiy,F. Gustavsson,8476883,8479406,17,24,21,25,46,-4.6,6.8,2.2
2025020968,2026-03-03 00:00:00,20252026,COL,ANA,5,1,6,4,0,S. Wedgewood,L. Dostal,8475809,8480843,27,21,28,26,54,7.4,-5.8,1.6
2025020969,2026-03-03 00:00:00,20252026,MTL,SJS,5,7,12,2,0,J. Dobes,Y. Askarov,8482487,8482137,21,31,27,36,63,-7.8,0.2,-7.6
2025020970,2026-03-04 00:00:00,20252026,VGK,DET,4,3,7,1,1,A. Hill,C. Talbot,8478499,8475660,23,21,26,25,51,2.6,-2.8,-0.2
2025020971,2026-03-04 00:00:00,20252026,TOR,NJD,3,4,7,1,1,A. Stolarz,J. Markstrom,8476932,8474593,44,24,47,27,74,3.8,2.8,6.6
2025020972,2026-03-04 00:00:00,20252026,CAR,VAN,6,4,10,2,0,B. Bussi,K. Lankinen,8483548,8480947,18,18,22,22,44,-0.4,-4.4,-4.8
2025020973,2026-03-04 00:00:00,20252026,NYI,ANA,1,5,6,4,0,D. Rittich,V. Husso,8479496,8478024,21,42,25,43,68,-3.8,10.4,6.6
2025020974,2026-03-04 00:00:00,20252026,STL,SEA,3,2,5,1,0,J. Hofer,P. Grubauer,8480981,8475831,34,24,36,27,63,6.8,-1.2,5.6
2025020975,2026-03-05 00:00:00,20252026,TOR,NYR,2,6,8,4,0,J. Woll,I. Shesterkin,8479361,8478048,18,30,23,32,55,-6.4,6.0,-0.4
2025020976,2026-03-05 00:00:00,20252026,UTA,PHI,3,0,3,3,0,V. Vanecek,D. Vladar,8477970,8478435,16,20,16,22,38,10.2,0.0,10.2
2025020977,2026-03-05 00:00:00,20252026,BUF,PIT,5,1,6,4,0,U. Luukkonen,A. Silovs,8480045,8481668,27,21,28,25,53,7.4,-3.8,3.6
2025020978,2026-03-05 00:00:00,20252026,FLA,CBJ,2,4,6,2,0,D. Tarasov,J. Greaves,8480193,8482982,24,26,27,28,55,-1.2,5.2,4.0
2025020979,2026-03-05 00:00:00,20252026,BOS,NSH,3,6,9,3,0,J. Korpisalo,J. Saros,8476914,8477424,23,20,28,23,51,-5.4,2.0,-3.4
2025020980,2026-03-05 00:00:00,20252026,TBL,WPG,1,4,5,3,0,A. Vasilevskiy,C. Hellebuyck,8476883,8476945,26,26,29,27,56,-0.8,7.2,6.4
2025020981,2026-03-05 00:00:00,20252026,OTT,CGY,4,1,5,3,0,L. Ullmark,D. Cooley,8476999,8482445,19,33,20,35,55,5.8,2.6,8.4
2025020982,2026-03-05 00:00:00,20252026,NYI,LAK,3,5,8,2,0,I. Sorokin,D. Kuemper,8478009,8475311,30,32,35,35,70,-4.0,4.4,0.4
2025020983,2026-03-06 00:00:00,20252026,FLA,DET,3,1,4,2,0,S. Bobrovsky,J. Gibson,8475683,8476434,28,20,29,22,51,7.6,0.0,7.6
2025020984,2026-03-06 00:00:00,20252026,COL,DAL,5,4,9,1,1,M. Blackwood,J. Oettinger,8478406,8479979,7,25,11,29,40,-6.6,-2.0,-8.6
2025020985,2026-03-06 00:00:00,20252026,VAN,CHI,6,3,9,3,0,N. Tolopilo,A. Soderblom,8484268,8482821,20,16,23,20,43,2.0,-4.8,-2.8
2025020986,2026-03-06 00:00:00,20252026,CAR,EDM,6,3,9,3,0,F. Andersen,T. Jarry,8475883,8477465,13,26,16,31,47,0.6,-4.8,-4.2
2025020987,2026-03-06 00:00:00,20252026,MTL,ANA,5,6,11,1,1,S. Montembeault,L. Dostal,8478470,8480843,28,23,33,28,61,-3.4,-1.4,-4.8
2025020988,2026-03-06 00:00:00,20252026,MIN,VGK,4,2,6,2,0,F. Gustavsson,A. Schmid,8479406,8481033,29,20,31,24,55,5.8,-4.0,1.8
2025020989,2026-03-06 00:00:00,20252026,STL,SJS,3,2,5,1,1,J. Binnington,A. Nedeljkovic,8476412,8477968,23,11,25,14,39,4.6,-2.8,1.8
2025020990,2026-03-07 00:00:00,20252026,WSH,BOS,1,3,4,2,0,L. Thompson,J. Swayman,8480313,8480280,27,22,29,23,52,1.4,6.4,7.8
2025020991,2026-03-07 00:00:00,20252026,NYR,NJD,3,6,9,3,0,J. Quick,J. Markstrom,8471734,8474593,29,17,34,20,54,-4.2,1.4,-2.8
2025020992,2026-03-07 00:00:00,20252026,NSH,BUF,2,3,5,1,0,J. Saros,A. Lyon,8477424,8479312,21,23,24,25,49,-1.8,4.6,2.8
2025020993,2026-03-07 00:00:00,20252026,PHI,PIT,4,3,7,1,1,D. Vladar,S. Skinner,8478435,8479973,20,13,23,16,39,2.0,-2.4,-0.4
2025020994,2026-03-07 00:00:00,20252026,TBL,TOR,5,2,7,3,0,A. Vasilevskiy,A. Stolarz,8476883,8476932,27,28,29,32,61,5.4,-2.4,3.0
2025020995,2026-03-07 00:00:00,20252026,UTA,CBJ,5,4,9,1,1,K. Vejmelka,E. Merzlikins,8478872,8478007,27,20,31,25,56,1.4,-5.0,-3.6
2025020996,2026-03-07 00:00:00,20252026,VAN,WPG,2,3,5,1,1,K. Lankinen,C. Hellebuyck,8480947,8476945,33,21,36,23,59,1.6,4.2,5.8
2025020997,2026-03-07 00:00:00,20252026,MTL,LAK,4,3,7,1,0,J. Dobes,D. Kuemper,8482487,8475311,36,19,39,23,62,5.2,-4.2,1.0
2025020998,2026-03-07 00:00:00,20252026,CAR,CGY,4,5,9,1,0,B. Bussi,D. Wolf,8483548,8481692,20,25,25,29,54,-6.0,1.0,-5.0
2025020999,2026-03-07 00:00:00,20252026,NYI,SJS,2,1,3,1,1,I. Sorokin,Y. Askarov,8478009,8482137,30,32,31,34,65,8.0,3.4,11.4
2025021000,2026-03-07 00:00:00,20252026,OTT,SEA,7,4,11,3,0,L. Ullmark,J. Daccord,8476999,8478916,17,30,21,37,58,-0.6,-8.0,-8.6
2025021001,2026-03-08 00:00:00,20252026,MIN,COL,2,3,5,1,1,J. Wallstedt,S. Wedgewood,8482661,8475809,34,32,36,34,70,3.8,6.4,10.2
2025021002,2026-03-08 00:00:00,20252026,BOS,PIT,4,5,9,1,1,J. Korpisalo,A. Silovs,8476914,8481668,35,24,40,28,68,-2.0,0.8,-1.2
2025021003,2026-03-08 00:00:00,20252026,TBL,BUF,7,8,15,1,0,J. Johansson,U. Luukkonen,8477992,8480045,34,22,42,28,70,-9.2,-5.6,-14.8
2025021004,2026-03-08 00:00:00,20252026,CHI,DAL,3,4,7,1,1,A. Soderblom,C. DeSmith,8482821,8479193,27,16,31,19,50,-1.6,1.2,-0.4
2025021005,2026-03-08 00:00:00,20252026,DET,NJD,3,0,3,3,0,J. Gibson,J. Markstrom,8476434,8474593,21,27,21,30,51,11.2,-0.6,10.6
2025021006,2026-03-08 00:00:00,20252026,STL,ANA,4,0,4,4,0,J. Hofer,V. Husso,8480981,8478024,22,31,22,34,56,11.4,0.2,11.6
2025021007,2026-03-08 00:00:00,20252026,EDM,VGK,4,2,6,2,0,C. Ingram,A. Hill,8478971,8478499,24,15,26,18,44,4.8,-3.0,1.8
2025020828,2026-03-09 00:00:00,20252026,LAK,CBJ,5,4,9,1,1,A. Forsberg,J. Greaves,8476341,8482982,28,26,32,31,63,1.6,-3.8,-2.2
2025021008,2026-03-09 00:00:00,20252026,NYR,PHI,6,2,8,4,0,I. Shesterkin,D. Vladar,8478048,8478435,32,18,34,24,58,6.4,-8.4,-2.0
2025021009,2026-03-09 00:00:00,20252026,CGY,WSH,3,7,10,4,0,D. Cooley,L. Thompson,8482445,8480313,22,23,28,26,54,-7.6,2.6,-5.0
2025021010,2026-03-09 00:00:00,20252026,UTA,CHI,2,3,5,1,1,V. Vanecek,D. Commesso,8477970,8482123,23,23,26,25,51,-0.4,4.6,4.2
2025021011,2026-03-09 00:00:00,20252026,OTT,VAN,2,0,2,2,0,J. Reimer,K. Lankinen,8473503,8480947,16,22,16,23,39,10.2,2.4,12.6
2025021012,2026-03-10 00:00:00,20252026,LAK,BOS,1,2,3,1,1,D. Kuemper,J. Swayman,8475311,8480280,21,15,23,16,39,1.2,5.0,6.2
2025021013,2026-03-10 00:00:00,20252026,SJS,BUF,3,6,9,3,0,Y. Askarov,A. Lyon,8482137,8479312,20,17,25,20,45,-6.0,1.4,-4.6
2025021014,2026-03-10 00:00:00,20252026,TOR,MTL,1,3,4,2,0,J. Woll,J. Dobes,8479361,8482487,30,17,32,18,50,2.0,5.4,7.4
2025021015,2026-03-10 00:00:00,20252026,CBJ,TBL,5,2,7,3,0,E. Merzlikins,A. Vasilevskiy,8478007,8476883,16,27,18,31,49,3.2,-2.6,0.6
2025021016,2026-03-10 00:00:00,20252026,DET,FLA,3,4,7,1,0,J. Gibson,D. Tarasov,8476434,8480193,24,25,28,28,56,-3.2,3.0,-0.2
2025021017,2026-03-10 00:00:00,20252026,CGY,NYR,0,4,4,4,0,D. Wolf,J. Quick,8481692,8471734,25,21,29,21,50,-3.0,11.2,8.2
2025021018,2026-03-10 00:00:00,20252026,PIT,CAR,4,5,9,1,1,S. Skinner,F. Andersen,8479973,8475883,40,24,44,28,72,1.0,0.8,1.8
2025021019,2026-03-10 00:00:00,20252026,NYI,STL,4,3,7,1,1,I. Sorokin,J. Hofer,8478009,8480981,20,46,23,49,72,2.0,2.2,4.2
2025021020,2026-03-10 00:00:00,20252026,VGK,DAL,1,2,3,1,0,A. Hill,J. Oettinger,8478499,8479979,14,26,16,27,43,-1.2,7.2,6.0
2025021021,2026-03-10 00:00:00,20252026,UTA,MIN,0,5,5,5,0,K. Vejmelka,F. Gustavsson,8478872,8479406,25,25,30,25,55,-5.0,12.0,7.0
2025021022,2026-03-10 00:00:00,20252026,ANA,WPG,4,1,5,3,0,L. Dostal,C. Hellebuyck,8480843,8476945,12,31,13,34,47,4.4,0.2,4.6
2025021023,2026-03-10 00:00:00,20252026,EDM,COL,4,3,7,1,0,C. Ingram,M. Blackwood,8478971,8478406,16,20,18,24,42,-0.8,-4.0,-4.8
2025021024,2026-03-10 00:00:00,20252026,NSH,SEA,4,2,6,2,0,J. Saros,J. Daccord,8477424,8478916,43,23,45,26,71,8.6,-1.4,7.2
2025021025,2026-03-11 00:00:00,20252026,MTL,OTT,3,2,5,1,0,J. Fowler,L. Ullmark,8484170,8476999,32,20,34,23,57,6.4,-2.0,4.4
2025021026,2026-03-11 00:00:00,20252026,WSH,PHI,1,4,5,3,0,L. Thompson,S. Ersson,8480313,8481035,18,22,21,23,44,-2.4,6.4,4.0
2025021027,2026-03-12 00:00:00,20252026,SJS,BOS,4,2,6,2,0,A. Nedeljkovic,J. Swayman,8477968,8480280,39,24,41,28,69,7.8,-3.2,4.6
2025021028,2026-03-12 00:00:00,20252026,WSH,BUF,2,1,3,1,0,C. Lindgren,U. Luukkonen,8479292,8480045,29,20,30,22,52,7.8,0.0,7.8
2025021029,2026-03-12 00:00:00,20252026,ANA,TOR,4,6,10,2,0,L. Dostal,J. Woll,8480843,8479361,22,36,27,40,67,-5.6,3.2,-2.4
2025021030,2026-03-12 00:00:00,20252026,DET,TBL,1,4,5,3,0,J. Gibson,A. Vasilevskiy,8476434,8476883,25,24,28,25,53,-1.0,6.8,5.8
2025021031,2026-03-12 00:00:00,20252026,CBJ,FLA,1,2,3,1,1,E. Merzlikins,S. Bobrovsky,8478007,8475683,19,30,21,31,52,0.8,8.0,8.8
2025021032,2026-03-12 00:00:00,20252026,CGY,NJD,5,4,9,1,0,D. Wolf,J. Markstrom,8481692,8474593,28,24,32,29,61,1.6,-5.2,-3.6
2025021033,2026-03-12 00:00:00,20252026,STL,CAR,3,1,4,2,0,J. Binnington,B. Bussi,8476412,8483548,31,14,32,16,48,8.2,-1.2,7.0
2025021034,2026-03-12 00:00:00,20252026,EDM,DAL,2,7,9,5,0,T. Jarry,J. Oettinger,8477465,8479979,20,30,27,32,59,-10.0,6.0,-4.0
2025021035,2026-03-12 00:00:00,20252026,PHI,MIN,3,2,5,1,1,D. Vladar,J. Wallstedt,8478435,8482661,21,25,23,27,50,4.2,2.0,6.2
2025021036,2026-03-12 00:00:00,20252026,NYR,WPG,6,3,9,3,0,I. Shesterkin,C. Hellebuyck,8478048,8476945,23,11,26,16,42,2.6,-7.8,-5.2
2025021037,2026-03-12 00:00:00,20252026,CHI,UTA,3,2,5,1,1,S. Knight,K. Vejmelka,8481519,8478872,29,20,31,23,54,5.8,-1.0,4.8
2025021038,2026-03-12 00:00:00,20252026,NSH,VAN,3,4,7,1,1,J. Saros,N. Tolopilo,8477424,8484268,24,16,27,19,46,-0.2,1.2,1.0
2025021039,2026-03-12 00:00:00,20252026,PIT,VGK,2,6,8,4,0,A. Silovs,A. Hill,8481668,8478499,11,24,16,26,42,-7.8,4.8,-3.0
2025021040,2026-03-12 00:00:00,20252026,COL,SEA,5,1,6,4,0,S. Wedgewood,J. Daccord,8475809,8478916,28,12,29,15,44,7.6,-3.6,4.0
2025021041,2026-03-13 00:00:00,20252026,LAK,NYI,3,2,5,1,0,D. Kuemper,I. Sorokin,8475311,8478009,21,24,23,27,50,4.2,-1.2,3.0
2025021042,2026-03-13 00:00:00,20252026,EDM,STL,2,3,5,1,1,C. Ingram,J. Hofer,8478971,8480981,22,36,25,38,63,-0.6,7.2,6.6
2025021043,2026-03-14 00:00:00,20252026,ANA,OTT,0,2,2,2,0,V. Husso,L. Ullmark,8478024,8476999,26,24,28,24,52,1.2,11.8,13.0
2025021044,2026-03-14 00:00:00,20252026,BOS,WSH,3,2,5,1,1,J. Swayman,L. Thompson,8480280,8480313,26,32,28,34,62,5.2,3.4,8.6
2025021045,2026-03-14 00:00:00,20252026,COL,WPG,1,3,4,2,0,M. Blackwood,C. Hellebuyck,8478406,8476945,16,28,18,29,47,-0.8,7.6,6.8
2025021046,2026-03-14 00:00:00,20252026,NYR,MIN,4,2,6,2,0,I. Shesterkin,F. Gustavsson,8478048,8479406,46,14,48,18,66,9.2,-5.2,4.0
2025021047,2026-03-14 00:00:00,20252026,TOR,BUF,2,3,5,1,1,J. Woll,A. Lyon,8479361,8479312,31,16,33,18,51,3.2,3.2,6.4
2025021048,2026-03-14 00:00:00,20252026,SJS,MTL,4,2,6,2,0,A. Nedeljkovic,J. Dobes,8477968,8482487,25,18,27,21,48,5.0,-2.4,2.6
2025021049,2026-03-14 00:00:00,20252026,CAR,TBL,4,2,6,2,0,F. Andersen,A. Vasilevskiy,8475883,8476883,17,31,19,34,53,3.4,0.2,3.6
2025021050,2026-03-14 00:00:00,20252026,LAK,NJD,4,6,10,2,0,A. Forsberg,J. Allen,8476341,8474596,22,27,27,31,58,-5.6,1.4,-4.2
2025021051,2026-03-14 00:00:00,20252026,CGY,NYI,2,3,5,1,0,D. Cooley,D. Rittich,8482445,8479496,7,30,10,32,42,-4.6,6.0,1.4
2025021052,2026-03-14 00:00:00,20252026,CBJ,PHI,2,1,3,1,1,J. Greaves,D. Vladar,8482982,8478435,18,27,19,28,47,5.6,4.4,10.0
2025021053,2026-03-14 00:00:00,20252026,DET,DAL,2,3,5,1,1,J. Gibson,J. Oettinger,8476434,8479979,21,22,24,24,48,-0.8,4.4,3.6
2025021054,2026-03-14 00:00:00,20252026,PIT,UTA,4,3,7,1,0,S. Skinner,K. Vejmelka,8479973,8478872,26,19,29,23,52,3.2,-4.2,-1.0
2025021055,2026-03-14 00:00:00,20252026,SEA,VAN,5,2,7,3,0,P. Grubauer,N. Tolopilo,8475831,8484268,32,28,34,33,67,6.4,-4.4,2.0
2025021056,2026-03-14 00:00:00,20252026,CHI,VGK,0,4,4,4,0,S. Knight,A. Hill,8481519,8478499,28,21,32,21,53,-2.4,11.2,8.8
2025021057,2026-03-15 00:00:00,20252026,STL,WPG,2,3,5,1,0,J. Binnington,E. Comrie,8476412,8477480,13,29,16,31,47,-3.4,5.8,2.4
2025021058,2026-03-15 00:00:00,20252026,SJS,OTT,4,7,11,3,0,L. Brossoit,L. Ullmark,8476316,8476999,18,19,23,23,46,-8.4,-0.2,-8.6
2025021059,2026-03-15 00:00:00,20252026,ANA,MTL,4,3,7,1,0,L. Dostal,J. Fowler,8480843,8484170,27,24,30,28,58,3.4,-3.2,0.2
2025021060,2026-03-15 00:00:00,20252026,TOR,MIN,4,2,6,2,0,A. Stolarz,J. Wallstedt,8476932,8482661,36,22,38,25,63,7.2,-1.6,5.6
2025021061,2026-03-15 00:00:00,20252026,NSH,EDM,1,3,4,2,0,J. Annunen,C. Ingram,8481020,8478971,27,26,29,27,56,1.4,7.2,8.6
2025021062,2026-03-15 00:00:00,20252026,FLA,SEA,2,6,8,4,0,D. Tarasov,J. Daccord,8480193,8478916,19,23,25,25,50,-8.2,4.6,-3.6
2025021063,2026-03-16 00:00:00,20252026,CGY,DET,2,5,7,3,0,D. Wolf,J. Gibson,8481692,8476434,20,25,24,27,51,-4.0,5.0,1.0
2025021064,2026-03-16 00:00:00,20252026,BOS,NJD,3,4,7,1,1,J. Korpisalo,J. Markstrom,8476914,8474593,30,19,34,22,56,-1.0,1.8,0.8
2025021065,2026-03-16 00:00:00,20252026,LAK,NYR,4,1,5,3,0,D. Kuemper,I. Shesterkin,8475311,8478048,21,22,22,25,47,6.2,-1.6,4.6
2025021066,2026-03-16 00:00:00,20252026,UTA,DAL,6,3,9,3,0,V. Vanecek,C. DeSmith,8477970,8479193,27,16,30,21,51,3.4,-6.8,-3.4
2025021067,2026-03-16 00:00:00,20252026,PIT,COL,7,2,9,5,0,A. Silovs,S. Wedgewood,8481668,8475809,25,2,27,5,32,5.0,-5.6,-0.6
2025021068,2026-03-17 00:00:00,20252026,NYI,TOR,3,1,4,2,0,I. Sorokin,J. Woll,8478009,8479361,26,31,27,34,61,7.2,0.2,7.4
2025021069,2026-03-17 00:00:00,20252026,BOS,MTL,2,3,5,1,1,J. Swayman,J. Dobes,8480280,8482487,28,26,31,28,59,0.6,5.2,5.8
2025021070,2026-03-17 00:00:00,20252026,CAR,CBJ,1,5,6,4,0,B. Bussi,J. Greaves,8483548,8482982,25,27,30,28,58,-5.0,7.4,2.4
2025021071,2026-03-17 00:00:00,20252026,NSH,WPG,4,3,7,1,1,J. Saros,C. Hellebuyck,8477424,8476945,36,20,39,23,62,5.2,-1.0,4.2
2025021072,2026-03-17 00:00:00,20252026,MIN,CHI,4,3,7,1,1,F. Gustavsson,S. Knight,8479406,8481519,21,33,24,37,61,2.2,-0.4,1.8
2025021073,2026-03-17 00:00:00,20252026,SJS,EDM,3,5,8,2,0,A. Nedeljkovic,C. Ingram,8477968,8478971,32,27,37,30,67,-3.6,3.4,-0.2
2025021074,2026-03-17 00:00:00,20252026,FLA,VAN,2,5,7,3,0,S. Bobrovsky,K. Lankinen,8475683,8480947,17,21,22,23,45,-6.6,4.2,-2.4
2025021075,2026-03-17 00:00:00,20252026,BUF,VGK,2,0,2,2,0,U. Luukkonen,A. Hill,8480045,8478499,28,23,28,24,52,12.6,2.6,15.2
2025021076,2026-03-17 00:00:00,20252026,TBL,SEA,6,2,8,4,0,A. Vasilevskiy,P. Grubauer,8476883,8475831,16,19,18,24,42,3.2,-6.2,-3.0
2025021077,2026-03-18 00:00:00,20252026,NJD,NYR,6,3,9,3,0,J. Markstrom,J. Quick,8474593,8471734,15,33,18,39,57,1.0,-5.4,-4.4
2025021078,2026-03-18 00:00:00,20252026,PIT,CAR,5,6,11,1,1,S. Skinner,F. Andersen,8479973,8475883,38,30,44,35,79,-3.4,0.0,-3.4
2025021079,2026-03-18 00:00:00,20252026,OTT,WSH,1,4,5,3,0,L. Ullmark,L. Thompson,8476999,8480313,21,34,23,35,58,0.2,8.8,9.0
2025021080,2026-03-18 00:00:00,20252026,DAL,COL,2,1,3,1,1,J. Oettinger,S. Wedgewood,8479979,8475809,33,17,34,18,52,8.6,2.4,11.0
2025021081,2026-03-18 00:00:00,20252026,STL,CGY,1,2,3,1,1,J. Hofer,D. Cooley,8480981,8482445,30,26,31,27,58,5.0,7.2,12.2
2025021082,2026-03-18 00:00:00,20252026,PHI,ANA,3,2,5,1,1,D. Vladar,L. Dostal,8478435,8480843,34,25,36,28,64,6.8,0.0,6.8
2025021083,2026-03-19 00:00:00,20252026,WPG,BOS,1,6,7,5,0,C. Hellebuyck,J. Swayman,8476945,8480280,21,23,27,24,51,-7.8,6.6,-1.2
2025021084,2026-03-19 00:00:00,20252026,NYI,OTT,2,3,5,1,0,I. Sorokin,J. Reimer,8478009,8473503,23,17,26,19,45,-1.4,3.4,2.0
2025021085,2026-03-19 00:00:00,20252026,MTL,DET,1,3,4,2,0,J. Dobes,J. Gibson,8482487,8476434,25,32,27,33,60,1.0,8.4,9.4
2025021086,2026-03-19 00:00:00,20252026,NYR,CBJ,3,6,9,3,0,I. Shesterkin,J. Greaves,8478048,8482982,31,22,36,25,61,-3.8,2.4,-1.4
2025021087,2026-03-19 00:00:00,20252026,SEA,NSH,1,3,4,2,0,J. Daccord,J. Annunen,8478916,8481020,24,25,26,26,52,0.8,7.0,7.8
2025021088,2026-03-19 00:00:00,20252026,CHI,MIN,2,1,3,1,0,S. Knight,J. Wallstedt,8481519,8482661,28,24,29,26,55,7.6,0.8,8.4
2025021089,2026-03-19 00:00:00,20252026,FLA,EDM,4,0,4,4,0,S. Bobrovsky,C. Ingram,8475683,8478971,21,19,21,23,44,11.2,-4.2,7.0
2025021090,2026-03-19 00:00:00,20252026,TBL,VAN,6,2,8,4,0,A. Vasilevskiy,K. Lankinen,8476883,8480947,19,24,21,30,51,3.8,-7.2,-3.4
2025021091,2026-03-19 00:00:00,20252026,UTA,VGK,4,0,4,4,0,K. Vejmelka,A. Hill,8478872,8478499,28,0,28,3,31,12.6,-6.0,6.6
2025021092,2026-03-19 00:00:00,20252026,BUF,SJS,5,0,5,5,0,A. Lyon,A. Nedeljkovic,8479312,8477968,23,11,23,16,39,11.6,-7.8,3.8
2025021093,2026-03-19 00:00:00,20252026,PHI,LAK,4,3,7,1,1,S. Ersson,D. Kuemper,8481035,8475311,22,17,25,20,45,2.4,-1.6,0.8
2025021094,2026-03-20 00:00:00,20252026,CAR,TOR,4,3,7,1,1,B. Bussi,J. Woll,8483548,8479361,23,32,26,36,62,2.6,-0.6,2.0
2025021095,2026-03-20 00:00:00,20252026,NJD,WSH,1,2,3,1,0,J. Allen,L. Thompson,8474596,8480313,26,30,27,31,58,3.2,8.0,11.2
2025021096,2026-03-20 00:00:00,20252026,COL,CHI,4,1,5,3,0,M. Blackwood,A. Soderblom,8478406,8482821,19,45,20,49,69,5.8,1.0,6.8
2025021097,2026-03-20 00:00:00,20252026,FLA,CGY,1,4,5,3,0,D. Tarasov,D. Wolf,8480193,8481692,32,24,36,25,61,-1.6,6.8,5.2
2025021098,2026-03-20 00:00:00,20252026,ANA,UTA,4,1,5,3,0,L. Dostal,V. Vanecek,8480843,8477970,29,20,30,22,52,7.8,0.0,7.8
2025021099,2026-03-21 00:00:00,20252026,WPG,PIT,4,5,9,1,1,C. Hellebuyck,A. Silovs,8476945,8481668,28,21,32,25,57,-1.4,0.2,-1.2
2025021100,2026-03-21 00:00:00,20252026,VGK,NSH,1,4,5,3,0,A. Schmid,J. Annunen,8481033,8481020,16,39,20,40,60,-4.8,9.8,5.0
2025021101,2026-03-21 00:00:00,20252026,DAL,MIN,1,2,3,1,1,J. Oettinger,F. Gustavsson,8479979,8479406,26,29,28,30,58,2.2,7.8,10.0
2025021102,2026-03-21 00:00:00,20252026,BUF,LAK,4,1,5,3,0,U. Luukkonen,A. Forsberg,8480045,8476341,26,30,27,32,59,7.2,0.0,7.2
2025021103,2026-03-21 00:00:00,20252026,PHI,SJS,4,1,5,3,0,D. Vladar,A. Nedeljkovic,8478435,8477968,24,24,25,26,51,6.8,0.8,7.6
2025021104,2026-03-21 00:00:00,20252026,SEA,CBJ,2,5,7,3,0,J. Daccord,E. Merzlikins,8478916,8478007,23,15,27,17,44,-3.4,3.0,-0.4
2025021105,2026-03-21 00:00:00,20252026,NYI,MTL,3,7,10,4,0,I. Sorokin,J. Fowler,8478009,8484170,26,19,32,22,54,-6.8,1.8,-5.0
2025021106,2026-03-21 00:00:00,20252026,TOR,OTT,2,5,7,3,0,J. Woll,L. Ullmark,8479361,8476999,39,12,44,14,58,-2.2,2.4,0.2
2025021107,2026-03-21 00:00:00,20252026,STL,VAN,3,1,4,2,0,J. Binnington,K. Lankinen,8476412,8480947,14,18,15,20,35,4.8,-0.4,4.4
2025021108,2026-03-21 00:00:00,20252026,BOS,DET,4,2,6,2,0,J. Swayman,J. Gibson,8480280,8476434,42,23,44,26,70,8.4,-1.4,7.0
2025021109,2026-03-21 00:00:00,20252026,TBL,EDM,5,2,7,3,0,A. Vasilevskiy,C. Ingram,8476883,8478971,26,23,27,27,54,5.2,-3.4,1.8
2025021110,2026-03-22 00:00:00,20252026,WPG,NYR,3,2,5,1,1,E. Comrie,D. Garand,8477480,8482193,27,35,29,37,66,5.4,4.0,9.4
2025021111,2026-03-22 00:00:00,20252026,COL,WSH,3,2,5,1,1,M. Blackwood,L. Thompson,8478406,8480313,20,21,22,24,46,4.0,-0.8,3.2
2025021112,2026-03-22 00:00:00,20252026,CAR,PIT,5,1,6,4,0,F. Andersen,S. Skinner,8475883,8479973,18,21,19,25,44,5.6,-3.8,1.8
2025021113,2026-03-22 00:00:00,20252026,NSH,CHI,3,2,5,1,1,J. Saros,S. Knight,8477424,8481519,26,30,28,33,61,5.2,1.0,6.2
2025021114,2026-03-22 00:00:00,20252026,CBJ,NYI,0,1,1,1,0,J. Greaves,I. Sorokin,8482982,8478009,21,26,22,26,48,2.2,12.2,14.4
2025021115,2026-03-22 00:00:00,20252026,VGK,DAL,3,2,5,1,0,A. Hill,C. DeSmith,8478499,8479193,13,30,15,33,48,2.6,0.0,2.6
2025021116,2026-03-22 00:00:00,20252026,TBL,CGY,3,4,7,1,1,J. Johansson,D. Cooley,8477992,8482445,25,32,29,35,64,-2.0,4.4,2.4
2025021119,2026-03-23 00:00:00,20252026,OTT,NYR,2,1,3,1,0,J. Reimer,I. Shesterkin,8473503,8478048,9,31,10,33,43,3.8,2.2,6.0
2025021120,2026-03-24 00:00:00,20252026,TOR,BOS,4,2,6,2,0,A. Stolarz,J. Swayman,8476932,8480280,18,31,20,34,54,3.6,0.2,3.8
2025021121,2026-03-24 00:00:00,20252026,CAR,MTL,2,5,7,3,0,F. Andersen,J. Dobes,8475883,8482487,14,41,18,43,61,-5.2,8.2,3.0
2025021122,2026-03-24 00:00:00,20252026,OTT,DET,3,2,5,1,0,L. Ullmark,J. Gibson,8476999,8476434,32,18,34,21,55,6.4,-2.4,4.0
2025021123,2026-03-24 00:00:00,20252026,SEA,FLA,4,5,9,1,1,J. Daccord,S. Bobrovsky,8478916,8475683,21,22,24,26,50,-2.8,0.4,-2.4
2025021124,2026-03-24 00:00:00,20252026,CHI,NYI,4,3,7,1,0,A. Soderblom,D. Rittich,8482821,8479496,44,9,47,12,59,6.8,-4.2,2.6
2025021125,2026-03-24 00:00:00,20252026,CBJ,PHI,3,2,5,1,0,J. Greaves,D. Vladar,8482982,8478435,24,16,26,19,45,4.8,-2.8,2.0
2025021126,2026-03-24 00:00:00,20252026,COL,PIT,6,2,8,4,0,S. Wedgewood,A. Silovs,8475809,8481668,30,24,32,29,61,6.0,-5.2,0.8
2025021127,2026-03-24 00:00:00,20252026,MIN,TBL,3,6,9,3,0,F. Gustavsson,A. Vasilevskiy,8479406,8476883,19,20,23,23,46,-4.2,2.0,-2.2
2025021128,2026-03-24 00:00:00,20252026,WSH,STL,0,3,3,3,0,L. Thompson,J. Hofer,8480313,8480981,24,21,26,21,47,0.8,11.2,12.0
2025021129,2026-03-24 00:00:00,20252026,SJS,NSH,3,6,9,3,0,A. Nedeljkovic,J. Saros,8477968,8477424,13,27,19,30,49,-9.4,3.4,-6.0
2025021130,2026-03-24 00:00:00,20252026,NJD,DAL,6,4,10,2,0,J. Allen,J. Oettinger,8474596,8479979,23,4,27,8,35,0.6,-7.2,-6.6
2025021131,2026-03-24 00:00:00,20252026,VGK,WPG,1,4,5,3,0,A. Hill,C. Hellebuyck,8478499,8476945,17,26,20,27,47,-2.6,7.2,4.6
2025021132,2026-03-24 00:00:00,20252026,EDM,UTA,5,2,7,3,0,T. Jarry,K. Vejmelka,8477465,8478872,16,11,18,15,33,3.2,-5.8,-2.6
2025021133,2026-03-24 00:00:00,20252026,LAK,CGY,2,3,5,1,1,D. Kuemper,D. Wolf,8475311,8481692,21,23,23,25,48,1.2,4.6,5.8
2025021134,2026-03-24 00:00:00,20252026,ANA,VAN,5,3,8,2,0,L. Dostal,K. Lankinen,8480843,8480947,27,29,30,33,63,3.4,-2.2,1.2
2025021135,2026-03-25 00:00:00,20252026,BOS,BUF,4,3,7,1,1,J. Korpisalo,U. Luukkonen,8476914,8480045,22,27,25,31,56,2.4,-1.6,0.8
2025021136,2026-03-25 00:00:00,20252026,NYR,TOR,3,4,7,1,0,I. Shesterkin,J. Woll,8478048,8479361,14,40,18,43,61,-5.2,6.0,0.8
2025021137,2026-03-26 00:00:00,20252026,CBJ,MTL,1,2,3,1,0,J. Greaves,J. Dobes,8482982,8482487,18,25,20,26,46,-0.4,7.0,6.6
2025021138,2026-03-26 00:00:00,20252026,PIT,OTT,4,3,7,1,1,S. Skinner,L. Ullmark,8479973,8476999,26,35,29,38,67,3.2,2.0,5.2
2025021139,2026-03-26 00:00:00,20252026,SEA,TBL,4,3,7,1,1,P. Grubauer,A. Vasilevskiy,8475831,8476883,30,15,33,19,52,4.0,-4.0,0.0
2025021140,2026-03-26 00:00:00,20252026,MIN,FLA,3,2,5,1,0,J. Wallstedt,D. Tarasov,8482661,8480193,18,47,20,50,70,3.6,3.4,7.0
2025021141,2026-03-26 00:00:00,20252026,DAL,NYI,1,2,3,1,0,J. Oettinger,I. Sorokin,8479979,8478009,23,26,25,27,52,0.6,7.2,7.8
2025021142,2026-03-26 00:00:00,20252026,CHI,PHI,1,5,6,4,0,S. Knight,S. Ersson,8481519,8481035,37,25,42,26,68,-2.6,7.0,4.4
2025021143,2026-03-26 00:00:00,20252026,SJS,STL,1,2,3,1,1,Y. Askarov,J. Hofer,8482137,8480981,11,24,11,25,36,5.2,6.8,12.0
2025021144,2026-03-26 00:00:00,20252026,NJD,NSH,4,2,6,2,0,J. Markstrom,J. Annunen,8474593,8481020,16,26,18,29,47,3.2,-0.8,2.4
2025021145,2026-03-26 00:00:00,20252026,COL,WPG,3,2,5,1,0,M. Blackwood,C. Hellebuyck,8478406,8476945,22,32,24,35,59,4.4,0.4,4.8
2025021146,2026-03-26 00:00:00,20252026,WSH,UTA,7,4,11,3,0,L. Thompson,V. Vanecek,8480313,8477970,36,17,40,23,63,3.2,-8.6,-5.4
2025021147,2026-03-26 00:00:00,20252026,ANA,CGY,3,2,5,1,1,V. Husso,D. Cooley,8478024,8482445,23,30,25,33,58,4.6,1.0,5.6
2025021148,2026-03-26 00:00:00,20252026,EDM,VGK,4,3,7,1,1,C. Ingram,A. Hill,8478971,8478499,26,25,29,29,58,3.2,-2.0,1.2
2025021149,2026-03-26 00:00:00,20252026,LAK,VAN,4,0,4,4,0,D. Kuemper,K. Lankinen,8475311,8480947,19,34,19,37,56,10.8,0.8,11.6
2025021150,2026-03-27 00:00:00,20252026,DET,BUF,5,2,7,3,0,J. Gibson,A. Lyon,8476434,8479312,28,15,30,19,49,5.6,-5.0,0.6
2025021151,2026-03-27 00:00:00,20252026,CHI,NYR,1,6,7,5,0,A. Soderblom,D. Garand,8482821,8482193,33,27,39,28,67,-5.4,7.4,2.0
2025021152,2026-03-28 00:00:00,20252026,OTT,TBL,2,4,6,2,0,J. Reimer,A. Vasilevskiy,8473503,8476883,23,26,27,28,55,-3.4,5.2,1.8
2025021153,2026-03-28 00:00:00,20252026,FLA,NYI,2,5,7,3,0,D. Tarasov,I. Sorokin,8480193,8478009,35,19,40,21,61,-3.0,3.8,0.8
2025021154,2026-03-28 00:00:00,20252026,ANA,EDM,2,4,6,2,0,L. Dostal,C. Ingram,8480843,8478971,30,31,33,33,66,0.0,6.2,6.2
2025021155,2026-03-28 00:00:00,20252026,MIN,BOS,3,6,9,3,0,F. Gustavsson,J. Swayman,8479406,8480280,25,31,30,34,64,-5.0,4.2,-0.8
2025021156,2026-03-28 00:00:00,20252026,DAL,PIT,6,3,9,3,0,J. Oettinger,S. Skinner,8479979,8479973,9,20,12,24,36,-0.2,-4.0,-4.2
2025021157,2026-03-28 00:00:00,20252026,NJD,CAR,2,5,7,3,0,J. Markstrom,B. Bussi,8474593,8483548,29,17,33,19,52,-2.2,3.4,1.2
2025021158,2026-03-28 00:00:00,20252026,SJS,CBJ,3,2,5,1,0,A. Nedeljkovic,E. Merzlikins,8477968,8478007,22,33,24,36,60,4.4,0.6,5.0
2025021159,2026-03-28 00:00:00,20252026,SEA,BUF,2,3,5,1,1,P. Grubauer,U. Luukkonen,8475831,8480045,34,32,36,34,70,3.8,6.4,10.2
2025021160,2026-03-28 00:00:00,20252026,TOR,STL,1,5,6,4,0,J. Woll,J. Binnington,8479361,8476412,33,12,38,13,51,-3.4,4.4,1.0
2025021161,2026-03-28 00:00:00,20252026,MTL,NSH,4,1,5,3,0,J. Fowler,J. Saros,8484170,8477424,23,28,24,32,56,6.6,-2.4,4.2
2025021162,2026-03-28 00:00:00,20252026,WPG,COL,4,2,6,2,0,C. Hellebuyck,M. Blackwood,8476945,8478406,21,17,23,20,43,4.2,-2.6,1.6
2025021163,2026-03-28 00:00:00,20252026,PHI,DET,5,3,8,2,0,D. Vladar,J. Gibson,8478435,8476434,32,17,35,21,56,4.4,-4.6,-0.2
2025021164,2026-03-28 00:00:00,20252026,UTA,LAK,6,2,8,4,0,K. Vejmelka,D. Kuemper,8478872,8475311,29,11,31,16,47,5.8,-7.8,-2.0
2025021165,2026-03-28 00:00:00,20252026,VAN,CGY,3,7,10,4,0,N. Tolopilo,D. Wolf,8484268,8481692,7,31,11,34,45,-6.6,4.2,-2.4
2025021166,2026-03-28 00:00:00,20252026,WSH,VGK,5,4,9,1,1,L. Thompson,A. Hill,8480313,8478499,25,17,29,21,50,1.0,-3.6,-2.6
2025021167,2026-03-29 00:00:00,20252026,FLA,NYR,1,3,4,2,0,S. Bobrovsky,I. Shesterkin,8475683,8478048,18,26,20,27,47,-0.4,7.2,6.8
2025021168,2026-03-29 00:00:00,20252026,NSH,TBL,2,3,5,1,0,J. Annunen,J. Johansson,8481020,8477992,25,29,28,31,59,-1.0,5.8,4.8
2025021169,2026-03-29 00:00:00,20252026,MTL,CAR,3,1,4,2,0,J. Dobes,F. Andersen,8482487,8475883,34,15,35,18,53,8.8,-3.0,5.8
2025021170,2026-03-29 00:00:00,20252026,BOS,CBJ,4,3,7,1,1,J. Swayman,J. Greaves,8480280,8482982,21,35,24,38,62,2.2,2.0,4.2
2025021171,2026-03-29 00:00:00,20252026,CHI,NJD,3,5,8,2,0,S. Knight,J. Allen,8481519,8474596,35,28,39,31,70,-1.0,3.6,2.6
2025021172,2026-03-29 00:00:00,20252026,DAL,PHI,1,2,3,1,1,C. DeSmith,S. Ersson,8479193,8481035,28,17,30,18,48,2.6,5.4,8.0
2025021173,2026-03-30 00:00:00,20252026,PIT,NYI,8,3,11,5,0,A. Silovs,I. Sorokin,8481668,8478009,20,21,23,28,51,2.0,-9.8,-7.8
2025021174,2026-03-30 00:00:00,20252026,CGY,COL,2,9,11,7,0,D. Wolf,S. Wedgewood,8481692,8475809,12,27,16,29,45,-5.6,5.4,-0.2
2025021175,2026-03-30 00:00:00,20252026,VAN,VGK,2,4,6,2,0,K. Lankinen,A. Hill,8480947,8478499,30,22,33,24,57,0.0,4.4,4.4
2025021176,2026-03-30 00:00:00,20252026,TOR,ANA,5,4,9,1,1,A. Stolarz,V. Husso,8476932,8478024,28,24,32,29,61,1.6,-4.2,-2.6
2025021177,2026-03-30 00:00:00,20252026,STL,SJS,4,5,9,1,0,J. Hofer,Y. Askarov,8480981,8482137,24,22,29,26,55,-5.2,0.4,-4.8
2025021178,2026-03-31 00:00:00,20252026,DAL,BOS,3,6,9,3,0,J. Oettinger,J. Korpisalo,8479979,8476914,17,13,21,16,37,-4.6,0.6,-4.0
2025021179,2026-03-31 00:00:00,20252026,NYI,BUF,3,4,7,1,0,I. Sorokin,U. Luukkonen,8478009,8480045,29,25,32,28,60,-0.2,3.0,2.8
2025021180,2026-03-31 00:00:00,20252026,MTL,TBL,4,1,5,3,0,J. Dobes,A. Vasilevskiy,8482487,8476883,36,19,37,21,58,9.2,-0.2,9.0
2025021181,2026-03-31 00:00:00,20252026,OTT,FLA,3,6,9,3,0,L. Ullmark,D. Tarasov,8476999,8480193,11,23,16,26,42,-7.8,2.6,-5.2
2025021182,2026-03-31 00:00:00,20252026,NJD,NYR,1,4,5,3,0,J. Markstrom,I. Shesterkin,8474593,8478048,18,22,22,23,45,-4.4,6.4,2.0
2025021183,2026-03-31 00:00:00,20252026,DET,PIT,1,5,6,4,0,J. Gibson,S. Skinner,8476434,8479973,11,22,14,23,37,-3.8,6.4,2.6
2025021184,2026-03-31 00:00:00,20252026,PHI,WSH,4,6,10,2,0,D. Vladar,L. Thompson,8478435,8480313,12,20,17,24,41,-7.6,0.0,-7.6
2025021185,2026-03-31 00:00:00,20252026,CAR,CBJ,5,2,7,3,0,B. Bussi,J. Greaves,8483548,8482982,23,26,25,30,55,4.6,-2.8,1.8
2025021186,2026-03-31 00:00:00,20252026,WPG,CHI,4,3,7,1,1,C. Hellebuyck,S. Knight,8476945,8481519,18,20,21,24,45,1.6,-3.0,-1.4
2025021187,2026-03-31 00:00:00,20252026,SEA,EDM,0,3,3,3,0,P. Grubauer,C. Ingram,8475831,8478971,21,27,23,27,50,0.2,12.4,12.6
2025021188,2026-04-01 00:00:00,20252026,VAN,COL,8,6,14,2,0,K. Lankinen,M. Blackwood,8480947,8478406,24,13,30,19,49,-3.2,-9.4,-12.6
2025021189,2026-04-01 00:00:00,20252026,STL,LAK,1,2,3,1,1,J. Binnington,A. Forsberg,8476412,8476341,24,23,26,24,50,1.8,6.6,8.4
2025021190,2026-04-01 00:00:00,20252026,ANA,SJS,3,4,7,1,0,L. Dostal,Y. Askarov,8480843,8482137,17,28,21,31,52,-4.6,3.6,-1.0
2025021191,2026-04-02 00:00:00,20252026,BUF,OTT,1,4,5,3,0,U. Luukkonen,L. Ullmark,8480045,8476999,20,21,22,22,44,0.0,6.2,6.2
2025021192,2026-04-02 00:00:00,20252026,PIT,TBL,3,6,9,3,0,S. Skinner,A. Vasilevskiy,8479973,8476883,27,21,32,24,56,-4.6,2.2,-2.4
2025021193,2026-04-02 00:00:00,20252026,BOS,FLA,1,2,3,1,0,J. Swayman,S. Bobrovsky,8480280,8475683,22,28,24,29,53,0.4,7.6,8.0
2025021194,2026-04-02 00:00:00,20252026,WSH,NJD,3,7,10,4,0,L. Thompson,J. Allen,8480313,8474596,23,29,29,32,61,-7.4,3.8,-3.6
2025021195,2026-04-02 00:00:00,20252026,MTL,NYR,3,2,5,1,0,J. Fowler,I. Shesterkin,8484170,8478048,22,22,24,25,49,4.4,-1.6,2.8
2025021196,2026-04-02 00:00:00,20252026,DET,PHI,4,2,6,2,0,J. Gibson,S. Ersson,8476434,8481035,32,15,34,19,53,6.4,-5.0,1.4
2025021197,2026-04-02 00:00:00,20252026,CBJ,CAR,1,5,6,4,0,E. Merzlikins,F. Andersen,8478007,8475883,16,9,21,10,31,-6.8,3.8,-3.0
2025021198,2026-04-02 00:00:00,20252026,WPG,DAL,0,3,3,3,0,C. Hellebuyck,J. Oettinger,8476945,8479979,18,22,21,22,43,-2.4,11.4,9.0
2025021199,2026-04-02 00:00:00,20252026,VAN,MIN,2,5,7,3,0,N. Tolopilo,F. Gustavsson,8484268,8479406,34,30,38,32,70,-1.2,6.0,4.8
2025021200,2026-04-02 00:00:00,20252026,CHI,EDM,1,3,4,2,0,S. Knight,T. Jarry,8481519,8477465,31,17,32,18,50,4.2,5.4,9.6
2025021201,2026-04-02 00:00:00,20252026,CGY,VGK,3,6,9,3,0,D. Wolf,C. Hart,8481692,8479394,28,19,34,22,56,-6.4,1.8,-4.6
2025021202,2026-04-02 00:00:00,20252026,TOR,SJS,1,4,5,3,0,A. Stolarz,A. Nedeljkovic,8476932,8477968,21,18,24,19,43,-1.8,5.6,3.8
2025021203,2026-04-02 00:00:00,20252026,UTA,SEA,6,2,8,4,0,K. Vejmelka,J. Daccord,8478872,8478916,25,25,27,31,58,5.0,-7.0,-2.0
2025021204,2026-04-02 00:00:00,20252026,NSH,LAK,5,4,9,1,1,J. Saros,D. Kuemper,8477424,8475311,29,30,33,34,67,1.8,-1.0,0.8
2025021205,2026-04-03 00:00:00,20252026,PHI,NYI,4,1,5,3,0,D. Vladar,I. Sorokin,8478435,8478009,21,17,22,21,43,6.2,-4.6,1.6
2025021206,2026-04-03 00:00:00,20252026,STL,ANA,6,2,8,4,0,J. Hofer,L. Dostal,8480981,8480843,25,23,27,29,56,5.0,-7.4,-2.4
2025021207,2026-04-04 00:00:00,20252026,DET,NYR,1,4,5,3,0,J. Gibson,J. Quick,8476434,8471734,16,31,19,32,51,-2.8,8.2,5.4
2025021208,2026-04-04 00:00:00,20252026,MIN,OTT,4,1,5,3,0,J. Wallstedt,L. Ullmark,8482661,8476999,33,19,34,23,57,8.6,-4.2,4.4
2025021209,2026-04-04 00:00:00,20252026,COL,DAL,2,0,2,2,0,S. Wedgewood,C. DeSmith,8475809,8479193,17,20,17,21,38,10.4,2.0,12.4
2025021210,2026-04-04 00:00:00,20252026,BOS,TBL,1,3,4,2,0,J. Swayman,A. Vasilevskiy,8480280,8476883,20,21,22,22,44,0.0,6.2,6.2
2025021211,2026-04-04 00:00:00,20252026,FLA,PIT,4,9,13,5,0,S. Bobrovsky,A. Silovs,8475683,8481668,13,19,19,23,42,-9.4,-0.2,-9.6
2025021212,2026-04-04 00:00:00,20252026,MTL,NJD,4,3,7,1,1,J. Dobes,J. Allen,8482487,8474596,35,26,38,29,67,5.0,0.2,5.2
2025021213,2026-04-04 00:00:00,20252026,BUF,WSH,2,6,8,4,0,A. Lyon,L. Thompson,8479312,8480313,2,37,5,39,44,-5.6,7.4,1.8
2025021214,2026-04-04 00:00:00,20252026,NYI,CAR,3,4,7,1,0,I. Sorokin,B. Bussi,8478009,8483548,36,13,40,16,56,-0.8,0.6,-0.2
2025021215,2026-04-04 00:00:00,20252026,WPG,CBJ,2,1,3,1,0,C. Hellebuyck,J. Greaves,8476945,8482982,15,23,16,25,41,5.0,0.6,5.6
2025021216,2026-04-04 00:00:00,20252026,UTA,VAN,7,4,11,3,0,K. Vejmelka,N. Tolopilo,8478872,8484268,19,17,23,23,46,-0.2,-8.6,-8.8
2025021217,2026-04-04 00:00:00,20252026,TOR,LAK,6,7,13,1,1,J. Woll,D. Kuemper,8479361,8475311,33,14,40,20,60,-6.4,-5.2,-11.6
2025021218,2026-04-04 00:00:00,20252026,VGK,EDM,5,1,6,4,0,C. Hart,C. Ingram,8479394,8478971,31,28,32,33,65,8.2,-4.4,3.8
2025021219,2026-04-04 00:00:00,20252026,CGY,ANA,5,3,8,2,0,D. Cooley,V. Husso,8482445,8478024,36,15,39,19,58,5.2,-5.0,0.2
2025021220,2026-04-04 00:00:00,20252026,NSH,SJS,6,3,9,3,0,J. Saros,Y. Askarov,8477424,8482137,24,28,27,33,60,2.8,-4.4,-1.6
2025021221,2026-04-04 00:00:00,20252026,CHI,SEA,4,2,6,2,0,A. Soderblom,P. Grubauer,8482821,8475831,25,27,27,30,57,5.0,-0.6,4.4
2025021222,2026-04-05 00:00:00,20252026,MIN,DET,5,4,9,1,0,F. Gustavsson,C. Talbot,8479406,8475660,18,15,22,20,42,-0.4,-7.0,-7.4
2025021223,2026-04-05 00:00:00,20252026,FLA,PIT,2,5,7,3,0,D. Tarasov,A. Silovs,8480193,8481668,18,29,23,31,54,-6.4,5.8,-0.6
2025021224,2026-04-05 00:00:00,20252026,BOS,PHI,1,2,3,1,1,J. Korpisalo,D. Vladar,8476914,8478435,29,18,31,19,50,2.8,5.6,8.4
2025021225,2026-04-05 00:00:00,20252026,CAR,OTT,3,6,9,3,0,F. Andersen,L. Ullmark,8475883,8476999,25,25,30,28,58,-5.0,3.0,-2.0
2025021226,2026-04-05 00:00:00,20252026,NJD,MTL,3,0,3,3,0,J. Markstrom,J. Fowler,8474593,8484170,18,17,18,19,37,10.6,-0.6,10.0
2025021227,2026-04-05 00:00:00,20252026,WSH,NYR,1,8,9,7,0,C. Lindgren,I. Shesterkin,8479292,8478048,24,20,32,21,53,-11.2,6.0,-5.2
2025021228,2026-04-05 00:00:00,20252026,STL,COL,3,2,5,1,0,J. Hofer,M. Blackwood,8480981,8478406,26,25,28,28,56,5.2,-1.0,4.2
2025021229,2026-04-06 00:00:00,20252026,TBL,BUF,2,4,6,2,0,A. Vasilevskiy,U. Luukkonen,8476883,8480045,25,23,28,25,53,-1.0,4.6,3.6
2025021230,2026-04-06 00:00:00,20252026,SEA,WPG,2,6,8,4,0,P. Grubauer,C. Hellebuyck,8475831,8476945,15,22,18,24,42,-3.0,4.4,1.4
2025021231,2026-04-06 00:00:00,20252026,CHI,SJS,2,3,5,1,0,S. Knight,A. Nedeljkovic,8481519,8477968,20,27,23,29,52,-2.0,5.4,3.4
2025021232,2026-04-06 00:00:00,20252026,NSH,LAK,2,3,5,1,1,J. Saros,A. Forsberg,8477424,8476341,26,29,28,31,59,2.2,5.8,8.0
2025021233,2026-04-07 00:00:00,20252026,FLA,MTL,3,4,7,1,1,D. Tarasov,J. Dobes,8480193,8482487,29,30,32,33,65,0.8,4.0,4.8
2025021234,2026-04-07 00:00:00,20252026,TBL,OTT,2,6,8,4,0,J. Johansson,L. Ullmark,8477992,8476999,26,28,31,30,61,-4.8,5.6,0.8
2025021235,2026-04-07 00:00:00,20252026,CBJ,DET,4,3,7,1,1,J. Greaves,J. Gibson,8482982,8476434,34,32,37,35,72,4.8,1.4,6.2
2025021236,2026-04-07 00:00:00,20252026,PHI,NJD,5,1,6,4,0,D. Vladar,J. Markstrom,8478435,8474593,23,14,24,18,42,6.6,-5.2,1.4
2025021237,2026-04-07 00:00:00,20252026,BOS,CAR,5,6,11,1,1,J. Swayman,B. Bussi,8480280,8483548,18,16,23,21,44,-6.4,-2.8,-9.2
2025021238,2026-04-07 00:00:00,20252026,COL,STL,3,1,4,2,0,S. Wedgewood,J. Hofer,8475809,8480981,18,34,19,37,56,5.6,0.8,6.4
2025021239,2026-04-07 00:00:00,20252026,CGY,DAL,3,4,7,1,1,D. Cooley,J. Oettinger,8482445,8479979,21,17,25,20,45,-2.8,1.4,-1.4
2025021240,2026-04-07 00:00:00,20252026,SEA,MIN,2,5,7,3,0,J. Daccord,J. Wallstedt,8478916,8482661,24,25,28,27,55,-3.2,5.0,1.8
2025021241,2026-04-07 00:00:00,20252026,EDM,UTA,5,6,11,1,1,T. Jarry,K. Vejmelka,8477465,8478872,25,21,31,26,57,-6.0,-1.8,-7.8
2025021242,2026-04-07 00:00:00,20252026,VGK,VAN,2,1,3,1,0,C. Hart,N. Tolopilo,8479394,8484268,10,26,11,28,39,4.0,1.2,5.2
2025021243,2026-04-07 00:00:00,20252026,NSH,ANA,5,0,5,5,0,J. Annunen,L. Dostal,8481020,8480843,43,20,43,25,68,15.6,-6.0,9.6
2025021244,2026-04-08 00:00:00,20252026,BUF,NYR,5,3,8,2,0,U. Luukkonen,I. Shesterkin,8480045,8478048,17,22,20,26,46,1.4,-3.6,-2.2
2025021245,2026-04-08 00:00:00,20252026,WSH,TOR,4,0,4,4,0,L. Thompson,A. Stolarz,8480313,8476932,22,2,22,2,24,11.4,3.4,14.8
2025021246,2026-04-08 00:00:00,20252026,EDM,SJS,5,2,7,3,0,C. Ingram,A. Nedeljkovic,8478971,8477968,8,21,10,26,36,1.6,-5.8,-4.2
2025021247,2026-04-09 00:00:00,20252026,CBJ,BUF,0,5,5,5,0,J. Greaves,C. Ellis,8482982,8481551,19,37,23,37,60,-4.2,14.4,10.2
2025021248,2026-04-09 00:00:00,20252026,TBL,MTL,1,2,3,1,0,A. Vasilevskiy,J. Dobes,8476883,8482487,19,17,21,18,39,-0.2,5.4,5.2
2025021249,2026-04-09 00:00:00,20252026,FLA,OTT,1,5,6,4,0,S. Bobrovsky,L. Ullmark,8475683,8476999,21,22,25,23,48,-3.8,6.4,2.6
2025021250,2026-04-09 00:00:00,20252026,PHI,DET,3,6,9,3,0,D. Vladar,J. Gibson,8478435,8476434,4,13,8,15,23,-7.2,2.6,-4.6
2025021251,2026-04-09 00:00:00,20252026,PIT,NJD,5,2,7,3,0,S. Skinner,J. Allen,8479973,8474596,19,25,21,29,50,3.8,-3.0,0.8
2025021252,2026-04-09 00:00:00,20252026,TOR,NYI,3,5,8,2,0,A. Akhtyamov,I. Sorokin,8482515,8478009,39,13,44,16,60,-2.2,0.6,-1.6
2025021253,2026-04-09 00:00:00,20252026,WPG,STL,3,2,5,1,0,C. Hellebuyck,J. Binnington,8476945,8476412,20,31,22,34,56,4.0,0.2,4.2
2025021254,2026-04-09 00:00:00,20252026,MIN,DAL,4,5,9,1,0,F. Gustavsson,J. Oettinger,8479406,8479979,15,27,20,31,51,-7.0,1.4,-5.6
2025021255,2026-04-09 00:00:00,20252026,CAR,CHI,7,2,9,5,0,F. Andersen,S. Knight,8475883,8481519,23,15,25,22,47,4.6,-11.0,-6.4
2025021256,2026-04-09 00:00:00,20252026,CGY,COL,1,3,4,2,0,D. Wolf,M. Blackwood,8481692,8478406,38,28,40,29,69,3.6,7.6,11.2
2025021257,2026-04-09 00:00:00,20252026,NSH,UTA,1,4,5,3,0,J. Saros,K. Vejmelka,8477424,8478872,23,29,27,30,57,-3.4,7.8,4.4
2025021258,2026-04-09 00:00:00,20252026,SJS,ANA,1,6,7,5,0,Y. Askarov,L. Dostal,8482137,8480843,24,18,30,19,49,-7.2,5.6,-1.6
2025021259,2026-04-09 00:00:00,20252026,VGK,SEA,3,4,7,1,1,A. Hill,J. Daccord,8478499,8478916,30,32,33,35,68,1.0,4.4,5.4
2025021260,2026-04-09 00:00:00,20252026,VAN,LAK,1,4,5,3,0,N. Tolopilo,A. Forsberg,8484268,8476341,22,24,26,25,51,-3.6,6.8,3.2
2025021261,2026-04-11 00:00:00,20252026,TBL,BOS,2,1,3,1,0,A. Vasilevskiy,J. Swayman,8476883,8480280,20,22,21,24,45,6.0,0.4,6.4
2025021262,2026-04-11 00:00:00,20252026,OTT,NYI,3,0,3,3,0,L. Ullmark,I. Sorokin,8476999,8478009,23,13,23,15,38,11.6,-1.4,10.2
2025021263,2026-04-11 00:00:00,20252026,WSH,PIT,6,3,9,3,0,L. Thompson,A. Silovs,8480313,8481668,8,26,11,31,42,-0.4,-4.8,-5.2
2025021264,2026-04-11 00:00:00,20252026,EDM,LAK,0,1,1,1,0,C. Ingram,A. Forsberg,8478971,8476341,20,27,21,27,48,2.0,12.4,14.4
2025021265,2026-04-11 00:00:00,20252026,NJD,DET,5,3,8,2,0,J. Allen,J. Gibson,8474596,8476434,25,28,28,32,60,3.0,-2.4,0.6
2025021266,2026-04-11 00:00:00,20252026,STL,CHI,5,3,8,2,0,J. Hofer,A. Soderblom,8480981,8482821,31,23,34,28,62,4.2,-5.4,-1.2
2025021267,2026-04-11 00:00:00,20252026,MIN,NSH,1,2,3,1,0,J. Wallstedt,J. Annunen,8482661,8481020,20,21,22,22,44,0.0,6.2,6.2
2025021268,2026-04-11 00:00:00,20252026,NYR,DAL,0,2,2,2,0,I. Shesterkin,J. Oettinger,8478048,8479979,17,22,18,22,40,1.4,11.4,12.8
2025021269,2026-04-11 00:00:00,20252026,CAR,UTA,4,1,5,3,0,F. Andersen,K. Vejmelka,8475883,8478872,26,26,27,29,56,7.2,-0.8,6.4
2025021270,2026-04-11 00:00:00,20252026,FLA,TOR,6,2,8,4,0,D. Tarasov,J. Woll,8480193,8479361,17,19,19,23,42,3.4,-4.2,-0.8
2025021271,2026-04-11 00:00:00,20252026,CBJ,MTL,5,2,7,3,0,J. Greaves,J. Dobes,8482982,8482487,20,28,22,33,55,4.0,-4.4,-0.4
2025021272,2026-04-11 00:00:00,20252026,PHI,WPG,7,1,8,6,0,D. Vladar,C. Hellebuyck,8478435,8476945,27,15,28,20,48,7.4,-7.0,0.4
2025021273,2026-04-11 00:00:00,20252026,CGY,SEA,1,4,5,3,0,D. Cooley,N. Kokko,8482445,8483668,17,26,20,27,47,-2.6,7.2,4.6
2025021274,2026-04-11 00:00:00,20252026,VGK,COL,3,2,5,1,1,C. Hart,M. Blackwood,8479394,8478406,30,26,32,29,61,6.0,0.2,6.2
2025021275,2026-04-11 00:00:00,20252026,VAN,SJS,4,3,7,1,1,K. Lankinen,Y. Askarov,8480947,8482137,28,38,31,41,72,3.6,2.6,6.2
2025021276,2026-04-12 00:00:00,20252026,PIT,WSH,0,3,3,3,0,S. Skinner,L. Thompson,8479973,8480313,23,24,25,24,49,0.6,11.8,12.4
2025021277,2026-04-12 00:00:00,20252026,MTL,NYI,4,1,5,3,0,J. Fowler,I. Sorokin,8484170,8478009,30,18,31,22,53,8.0,-4.4,3.6
2025021278,2026-04-12 00:00:00,20252026,BOS,CBJ,3,2,5,1,0,J. Korpisalo,J. Greaves,8476914,8482982,33,19,35,22,57,6.6,-2.2,4.4
2025021279,2026-04-12 00:00:00,20252026,OTT,NJD,3,4,7,1,1,J. Reimer,N. Daws,8473503,8482076,26,27,30,30,60,-1.8,3.4,1.6
2025021280,2026-04-12 00:00:00,20252026,VAN,ANA,4,3,7,1,1,N. Tolopilo,L. Dostal,8484268,8480843,24,22,27,26,53,2.8,-2.6,0.2
2025021281,2026-04-12 00:00:00,20252026,UTA,CGY,1,4,5,3,0,V. Vanecek,D. Wolf,8477970,8481692,19,28,23,29,52,-4.2,7.6,3.4
2025021282,2026-04-13 00:00:00,20252026,DET,TBL,3,4,7,1,1,C. Talbot,A. Vasilevskiy,8475660,8476883,18,27,22,30,52,-3.4,3.4,0.0
2025021283,2026-04-13 00:00:00,20252026,NYR,FLA,2,3,5,1,0,J. Quick,D. Tarasov,8471734,8480193,13,25,16,27,43,-3.4,5.0,1.6
2025021284,2026-04-13 00:00:00,20252026,CAR,PHI,2,3,5,1,1,B. Bussi,D. Vladar,8483548,8478435,21,24,23,26,49,1.2,4.8,6.0
2025021285,2026-04-13 00:00:00,20252026,DAL,TOR,6,5,11,1,0,C. DeSmith,A. Akhtyamov,8479193,8482515,22,27,27,32,59,-1.6,-6.6,-8.2
2025021286,2026-04-13 00:00:00,20252026,MIN,STL,3,6,9,3,0,F. Gustavsson,J. Hofer,8479406,8480981,16,28,21,31,52,-6.8,3.6,-3.2
2025021287,2026-04-13 00:00:00,20252026,SJS,NSH,3,2,5,1,0,A. Nedeljkovic,J. Annunen,8477968,8481020,26,20,28,22,50,5.2,0.0,5.2
2025021288,2026-04-13 00:00:00,20252026,BUF,CHI,5,1,6,4,0,U. Luukkonen,S. Knight,8480045,8481519,15,21,16,26,42,5.0,-5.8,-0.8
2025021289,2026-04-13 00:00:00,20252026,COL,EDM,2,1,3,1,1,S. Wedgewood,C. Ingram,8475809,8478971,30,31,31,32,63,8.0,5.2,13.2
2025021290,2026-04-13 00:00:00,20252026,WPG,VGK,2,6,8,4,0,C. Hellebuyck,C. Hart,8476945,8479394,32,21,38,23,61,-5.6,4.2,-1.4
2025021291,2026-04-13 00:00:00,20252026,LAK,SEA,5,3,8,2,0,A. Forsberg,N. Kokko,8476341,8483668,28,25,31,29,60,3.6,-3.0,0.6
2025021292,2026-04-14 00:00:00,20252026,NJD,BOS,0,4,4,4,0,N. Daws,J. Swayman,8482076,8480280,22,21,26,21,47,-3.6,11.2,7.6
2025021293,2026-04-14 00:00:00,20252026,CAR,NYI,2,1,3,1,0,B. Bussi,D. Rittich,8483548,8479496,29,19,30,21,51,7.8,-0.2,7.6
2025021294,2026-04-14 00:00:00,20252026,MTL,PHI,2,4,6,2,0,J. Dobes,S. Ersson,8482487,8481035,21,27,25,29,54,-3.8,5.4,1.6
2025021295,2026-04-14 00:00:00,20252026,WSH,CBJ,2,1,3,1,0,C. Stevenson,J. Greaves,8483532,8482982,27,19,28,21,49,7.4,-0.2,7.2
2025021296,2026-04-14 00:00:00,20252026,ANA,MIN,2,3,5,1,0,L. Dostal,J. Wallstedt,8480843,8482661,17,35,20,37,57,-2.6,7.0,4.4
2025021297,2026-04-14 00:00:00,20252026,WPG,UTA,3,5,8,2,0,E. Comrie,K. Vejmelka,8477480,8478872,31,21,35,24,59,-1.8,2.2,0.4
2025021298,2026-04-14 00:00:00,20252026,COL,CGY,3,1,4,2,0,M. Blackwood,D. Wolf,8478406,8481692,30,36,31,38,69,8.0,3.2,11.2
2025021299,2026-04-14 00:00:00,20252026,PIT,STL,5,7,12,2,0,S. Skinner,J. Binnington,8479973,8476412,17,18,21,23,44,-4.6,-2.4,-7.0
2025021300,2026-04-14 00:00:00,20252026,LAK,VAN,3,4,7,1,1,D. Kuemper,K. Lankinen,8475311,8480947,21,31,25,34,59,-2.8,4.2,1.4
2025021301,2026-04-15 00:00:00,20252026,DAL,BUF,4,3,7,1,1,J. Oettinger,C. Ellis,8479979,8481551,21,25,24,28,52,2.2,0.0,2.2
2025021302,2026-04-15 00:00:00,20252026,NYR,TBL,4,2,6,2,0,D. Garand,B. Halverson,8482193,8477990,29,17,31,21,52,5.8,-4.6,1.2
2025021303,2026-04-15 00:00:00,20252026,DET,FLA,1,8,9,7,0,J. Gibson,D. Tarasov,8476434,8480193,11,25,15,26,41,-5.8,7.0,1.2
2025021304,2026-04-15 00:00:00,20252026,TOR,OTT,1,3,4,2,0,D. Hildeby,J. Reimer,8483710,8473503,35,19,37,20,57,3.0,5.8,8.8
2025021305,2026-04-15 00:00:00,20252026,SJS,CHI,2,5,7,3,0,Y. Askarov,S. Knight,8482137,8481519,19,15,24,17,41,-6.2,3.0,-3.2
2025021306,2026-04-15 00:00:00,20252026,SEA,VGK,1,4,5,3,0,N. Kokko,C. Hart,8483668,8479394,22,22,26,23,49,-3.6,6.4,2.8
2025021307,2026-04-16,20252026,ANA,NSH,5,4,9,1,0,V. Husso,J. Saros,8478024,8477424,17,35,21,40,61,-0.6,-3.0,-3.6
2025021308,2026-04-16,20252026,SJS,WPG,6,1,7,5,0,A. Nedeljkovic,E. Comrie,8477968,8477480,26,27,27,33,60,7.2,-6.6,0.6
2025021309,2026-04-16,20252026,STL,UTA,5,3,8,2,0,J. Hofer,K. Vejmelka,8480981,8478872,20,15,23,18,41,2.0,-3.0,-1.0
2025021310,2026-04-16,20252026,LAK,CGY,1,3,4,2,0,A. Forsberg,A. Sergeev,8476341,8482949,17,27,19,28,47,-0.6,7.4,6.8
2025021311,2026-04-16,20252026,VAN,EDM,1,6,7,5,0,K. Lankinen,C. Ingram,8480947,8478971,29,11,35,12,47,-6.2,4.2,-2.0
2025021312,2026-04-16,20252026,SEA,COL,0,2,2,2,0,V. Ostman,S. Wedgewood,8484910,8475809,33,22,35,22,57,2.6,11.4,14.0
2025030131,2026-04-18,20252026,OTT,CAR,0,2,2,2,0,L. Ullmark,F. Andersen,8476999,8475883,27,22,29,22,51,1.4,11.4,12.8
2025030141,2026-04-18,20252026,PHI,PIT,3,2,5,1,0,D. Vladar,S. Skinner,8478435,8479973,16,17,18,20,38,3.2,-2.6,0.6
2025030161,2026-04-18,20252026,MIN,DAL,6,1,7,5,0,J. Wallstedt,J. Oettinger,8482661,8479979,27,23,28,28,56,7.4,-5.4,2.0
2025030111,2026-04-19,20252026,BOS,BUF,3,4,7,1,0,J. Swayman,U. Luukkonen,8480280,8480045,34,17,37,20,57,0.8,1.4,2.2
2025030121,2026-04-19,20252026,MTL,TBL,4,3,7,1,1,J. Dobes,A. Vasilevskiy,8482487,8476883,20,15,23,19,42,2.0,-5.0,-3.0
2025030151,2026-04-19,20252026,LAK,COL,1,2,3,1,0,A. Forsberg,S. Wedgewood,8476341,8475809,30,24,32,25,57,2.0,6.8,8.8
2025030171,2026-04-19,20252026,UTA,VGK,2,4,6,2,0,K. Vejmelka,C. Hart,8478872,8479394,27,31,30,33,63,-0.6,6.2,5.6
2025030132,2026-04-20,20252026,OTT,CAR,2,3,5,1,1,L. Ullmark,F. Andersen,8476999,8475883,46,37,49,39,88,3.2,7.4,10.6
2025030142,2026-04-20,20252026,PHI,PIT,3,0,3,3,0,D. Vladar,S. Skinner,8478435,8479973,27,21,27,23,50,12.4,0.2,12.6
2025030162,2026-04-20,20252026,MIN,DAL,2,4,6,2,0,J. Wallstedt,J. Oettinger,8482661,8479979,28,28,31,30,61,-0.4,5.6,5.2
2025030181,2026-04-20,20252026,ANA,EDM,3,4,7,1,0,L. Dostal,C. Ingram,8480843,8478971,30,25,34,28,62,-2.0,3.0,1.0
2025030112,2026-04-21,20252026,BOS,BUF,4,2,6,2,0,J. Swayman,U. Luukkonen,8480280,8480045,33,16,35,20,55,6.6,-4.8,1.8
2025030122,2026-04-21,20252026,MTL,TBL,2,3,5,1,1,J. Dobes,A. Vasilevskiy,8482487,8476883,31,25,34,27,61,0.2,5.0,5.2
2025030152,2026-04-21,20252026,LAK,COL,1,2,3,1,1,A. Forsberg,S. Wedgewood,8476341,8475809,34,24,36,25,61,2.8,6.8,9.6
2025030172,2026-04-21,20252026,UTA,VGK,3,2,5,1,0,K. Vejmelka,C. Hart,8478872,8479394,19,27,21,29,50,3.8,-0.6,3.2
2025030143,2026-04-22,20252026,PIT,PHI,2,5,7,3,0,S. Skinner,D. Vladar,8479973,8478435,24,27,28,29,57,-3.2,5.4,2.2
2025030163,2026-04-22,20252026,DAL,MIN,4,3,7,1,1,J. Oettinger,J. Wallstedt,8479979,8482661,29,32,32,36,68,3.8,-1.6,2.2
2025030182,2026-04-22,20252026,ANA,EDM,6,4,10,2,0,L. Dostal,C. Ingram,8480843,8478971,33,22,37,27,64,2.6,-5.6,-3.0
2025030113,2026-04-23,20252026,BUF,BOS,3,1,4,2,0,A. Lyon,J. Swayman,8479312,8480280,24,27,25,29,54,6.8,1.4,8.2
2025030133,2026-04-23,20252026,CAR,OTT,2,1,3,1,0,F. Andersen,L. Ullmark,8475883,8476999,21,25,22,27,49,6.2,1.0,7.2
2025030153,2026-04-23,20252026,COL,LAK,4,2,6,2,0,S. Wedgewood,A. Forsberg,8475809,8476341,24,19,26,22,48,4.8,-2.2,2.6
2025030123,2026-04-24,20252026,TBL,MTL,2,3,5,1,1,A. Vasilevskiy,J. Dobes,8476883,8482487,26,15,29,17,46,-0.8,3.0,2.2
2025030173,2026-04-24,20252026,VGK,UTA,2,4,6,2,0,C. Hart,K. Vejmelka,8479394,8478872,8,30,12,32,44,-6.4,6.0,-0.4
2025030183,2026-04-24,20252026,EDM,ANA,4,7,11,3,0,C. Ingram,L. Dostal,8478971,8480843,32,21,38,25,63,-5.6,0.2,-5.4
2025030134,2026-04-25,20252026,CAR,OTT,4,2,6,2,0,F. Andersen,L. Ullmark,8475883,8476999,25,26,27,28,55,5.0,1.2,6.2
2025030144,2026-04-25,20252026,PIT,PHI,4,2,6,2,0,A. Silovs,D. Vladar,8481668,8478435,28,18,30,21,51,5.6,-2.4,3.2
2025030164,2026-04-25,20252026,DAL,MIN,2,3,5,1,1,J. Oettinger,J. Wallstedt,8479979,8482661,39,43,42,45,87,1.8,8.6,10.4
2025030114,2026-04-26,20252026,BUF,BOS,6,1,7,5,0,A. Lyon,J. Swayman,8479312,8480280,23,23,24,29,53,6.6,-7.4,-0.8
2025030124,2026-04-26,20252026,TBL,MTL,3,2,5,1,0,A. Vasilevskiy,J. Dobes,8476883,8482487,16,17,18,20,38,3.2,-2.6,0.6
2025030154,2026-04-26,20252026,COL,LAK,5,1,6,4,0,S. Wedgewood,A. Forsberg,8475809,8476341,24,27,25,31,56,6.8,-2.6,4.2
2025030184,2026-04-26,20252026,EDM,ANA,3,4,7,1,1,T. Jarry,L. Dostal,8477465,8480843,34,24,38,27,65,-1.2,2.8,1.6
2025030145,2026-04-27,20252026,PHI,PIT,2,3,5,1,0,D. Vladar,A. Silovs,8478435,8481668,18,18,21,20,41,-2.4,3.6,1.2
2025030174,2026-04-27,20252026,VGK,UTA,5,4,9,1,1,C. Hart,K. Vejmelka,8479394,8478872,27,31,31,36,67,1.4,-3.8,-2.4
